cue_id,act,take_id,voice_anchor,visual_class,visual_asset,base_asset_or_build,asset_status,target_seconds,movement_rule,sfx_cue,edit_note
V001,S1,EP08_TAKE_001,zwölften April zweitausendeins,O,SRC001_ART_BELL_PORTRAIT_FULL.png,EP08_Art_Bell_portrait_2000.webp,READY_DERIVED_ORIGINAL,2.5,STATIC_CONTAIN; no pan/zoom; source label readable,EP08_SFX_RADIO_ROOM,freies Porträt; Datum als redaktionelle Unterzeile
V002,S1,EP08_TAKE_001,Radiomoderator Art Bell,O,SRC002_ART_BELL_PORTRAIT_DETAIL.png,EP08_Art_Bell_portrait_2000.webp,READY_DERIVED_ORIGINAL,3.4,STATIC_CONTAIN; no pan/zoom; source label readable,EP08_SFX_RADIO_ROOM,"zweiter semantischer Ausschnitt, nicht digital hineinzoomen"
V003,S1,EP08_TAKE_001,nachts vor seinem Mikrofon,O,SRC003_RADIO_STUDIO_1996_FULL.png,EP08_1996_radio_studio_context.jpg,READY_DERIVED_ORIGINAL,3.4,STATIC_CONTAIN; no pan/zoom; source label readable,EP08_SFX_RADIO_ROOM,Kontextbild; ausdrücklich nicht Bells konkretes Studio behaupten
V004,S1,EP08_TAKE_001,seine Sendung,O,SRC004_RADIO_CONSOLE_DETAIL.png,EP08_radio_console_microphone.jpg,READY_DERIVED_ORIGINAL,3.4,STATIC_CONTAIN; no pan/zoom; source label readable,EP08_SFX_RADIO_ROOM,
V005,S1,EP08_TAKE_001,"UFOs, Geister, Erfahrungen",M,EDIT001_LATE_NIGHT_SIGNAL_COLLAGE,SRC003+SRC004+EP08_shortwave_radio_receiver.jpg,EDITORIAL_BUILD,3.5,"EDITORIAL_LAYER_MOTION only; opacity/focus/reveal, camera locked",EP08_SFX_SHORTWAVE_STATIC,"drei harte Quellen-Cuts, kein schwebender Ken Burns"
V006,S1,EP08_TAKE_001,richtigen Worte fehlen,R,IMG001_ART_BELL_RADIO_RECON.png,IMG001_ART_BELL_RADIO_RECON.png,READY,4.7,MICRO_PUSH 1.015-1.025; no pan or lateral travel,EP08_SFX_RADIO_ROOM,erste Rekonstruktion als solche beschriften
V007,S1,EP08_TAKE_002,schwarze menschliche Gestalten,O,SRC005_SM7_MICROPHONE_FULL.png,EP08_Shure_SM7_Microphone.jpg,READY_DERIVED_ORIGINAL,3.4,STATIC_CONTAIN; no pan/zoom; source label readable,EP08_SFX_RADIO_ROOM,
V008,S1,EP08_TAKE_002,keine klaren Gesichter,O,SRC006_VINTAGE_MICROPHONE_FULL.png,EP08_Shure_55S_vintage_mic.jpg,READY_DERIVED_ORIGINAL,3.4,STATIC_CONTAIN; no pan/zoom; source label readable,EP08_SFX_RADIO_ROOM,YELLOW-Lizenz vor Export prüfen
V009,S1,EP08_TAKE_002,manche stehen in einer Tür,R,IMG003_SHADOW_DOORWAY_GENERIC.png,IMG003_SHADOW_DOORWAY_GENERIC.png,READY,4.7,STATIC_HOLD 0-1%; no pan or drift,EP08_SFX_SHADOW_ROOMTONE,
V010,S1,EP08_TAKE_003,die Reaktion ist gewaltig,M,CLIP001_RADIO_NETWORK_ENTITY.mp4,CLIP001_RADIO_NETWORK_ENTITY.mp4,READY,6.0,"NATIVE_TRANSFORMATION; no added zoom, crop or speed change",EP08_SFX_SHORTWAVE_STATIC,Transformation exakt auf Reaktionssatz starten
V011,S1,EP08_TAKE_003,mehr als viertausendfünfhundert E-Mails,O,SRC007_FAX_MACHINE_FULL.png,EP08_fax_machine.jpg,READY_DERIVED_ORIGINAL,3.4,STATIC_CONTAIN; no pan/zoom; source label readable,EP08_SFX_FAX_PAPER,
V012,S1,EP08_TAKE_003,im Archiv der Sendung,O,SRC008_SHORTWAVE_RECEIVER_FULL.png,EP08_shortwave_radio_receiver.jpg,READY_DERIVED_ORIGINAL,3.4,STATIC_CONTAIN; no pan/zoom; source label readable,EP08_SFX_SHORTWAVE_STATIC,
V013,S1,EP08_TAKE_003,viertausendfünfhundert,M,CARDS/CARD001_4500_NACHRICHTEN.png,CARDS/CARD001_4500_NACHRICHTEN.png,READY,5.0,STATIC_HOLD; absolutely no camera movement,EP08_SFX_FAX_PAPER,sechs Sekunden komplett statisch und lesbar
V014,S1,EP08_TAKE_003,eine neue Infrastruktur,R,IMG002_4500_MESSAGES_MATERIAL.png,IMG002_4500_MESSAGES_MATERIAL.png,READY,4.7,MICRO_PUSH 1.015-1.025; no pan or lateral travel,EP08_SFX_FAX_PAPER,
V015,S1,EP08_TAKE_003,"eine Reichweite, die es vorher nie hatte",M,EDIT002_MESSAGE_COUNTER_MATERIAL,CARD001+IMG002,EDITORIAL_BUILD,3.5,"EDITORIAL_LAYER_MOTION only; opacity/focus/reveal, camera locked",EP08_SFX_FORUM_UI,"Zählung über Materialwechsel, keine Kamerafahrt"
V016,S1,EP08_TAKE_004,Menschen erzählen seit Jahrhunderten,O,SRC009_ROTARY_PHONE_FULL.png,EP08_Rotary_Dial_Telephone.svg,READY_DERIVED_ORIGINAL,3.4,STATIC_CONTAIN; no pan/zoom; source label readable,EP08_SFX_RADIO_ROOM,
V017,S1,EP08_TAKE_004,innerhalb weniger Stunden,O,SRC010_CRT_MONITOR_FULL.png,EP08_CRT_monitor.jpg,READY_DERIVED_ORIGINAL,3.4,STATIC_CONTAIN; no pan/zoom; source label readable,EP08_SFX_CRT_ROOM,
V018,S1,EP08_TAKE_004,dieselbe Beschreibung lesen,M,EDIT003_FAX_TO_CRT_HARDCUTS,SRC007+SRC010,EDITORIAL_BUILD,3.5,"EDITORIAL_LAYER_MOTION only; opacity/focus/reveal, camera locked",EP08_SFX_FAX_PAPER+EP08_SFX_CRT_ROOM,
V019,S1,EP08_TAKE_004,demselben Schatten einen Namen geben,M,EDIT004_NAMELESS_SIGNAL_NETWORK,IMG002+IMG005,EDITORIAL_BUILD,3.5,"EDITORIAL_LAYER_MOTION only; opacity/focus/reveal, camera locked",EP08_SFX_FORUM_UI,
V020,S1,EP08_TAKE_004,dem Erlebnis schon vorher ein Gesicht gibt,M,EDIT005_QUESTION_THRESHOLD,SHOT08_DAWN_MONITOR_OFF.png,EDITORIAL_BUILD,3.5,"EDITORIAL_LAYER_MOTION only; opacity/focus/reveal, camera locked",EP08_SFX_CRT_ROOM,auf ausgeschaltetem Monitor enden; kein Gesicht zeigen
V021,S2,EP08_TAKE_005,Anfang der Zweitausender,O,SRC011_BBS_SCREEN_FULL.png,EP08_Callisto_BBS_screenshot.png,READY_DERIVED_ORIGINAL,3.4,STATIC_CONTAIN; no pan/zoom; source label readable,EP08_SFX_CRT_ROOM,YELLOW/GFDL vor Export prüfen
V022,S2,EP08_TAKE_005,Foren und Webseiten,O,SRC012_BBS_SCREEN_DETAIL.png,EP08_Callisto_BBS_screenshot.png,READY_DERIVED_ORIGINAL,3.4,STATIC_CONTAIN; no pan/zoom; source label readable,EP08_SFX_FORUM_UI,zweiter semantischer Ausschnitt; keine scrollende Kamerafahrt
V023,S2,EP08_TAKE_005,Shadow People,R,IMG005_EARLY_WEB_FORUM_RECON.png,IMG005_EARLY_WEB_FORUM_RECON.png,READY,4.7,STATIC_HOLD 0-1%; no pan or drift,EP08_SFX_CRT_ROOM,
V024,S2,EP08_TAKE_005,öffentlich bekannt machen,R,IMG006_SHADOW_DRAWINGS_SPREAD.png,IMG006_SHADOW_DRAWINGS_SPREAD.png,READY,4.7,MICRO_PUSH 1.015-1.025; no pan or lateral travel,EP08_SFX_FORUM_UI,
V025,S2,EP08_TAKE_005,"schwarz, menschlich, ohne Gesicht",R,CUT001_IMG004_PERIPHERAL_LEFT.png,IMG004_SHADOW_PERIPHERAL_GLIMPSE.png,READY_SEMANTIC_CUT,4.7,STATIC_HOLD 0-1%; no pan or drift,EP08_SFX_SHADOW_ROOMTONE,
V026,S2,EP08_TAKE_005,erschreckend nah,R,CUT002_IMG003_ABSENCE_DETAIL.png,IMG003_SHADOW_DOORWAY_GENERIC.png,READY_SEMANTIC_CUT,4.7,MICRO_PUSH 1.015-1.025; no pan or lateral travel,EP08_SFX_SHADOW_ROOMTONE,
V027,S2,EP08_TAKE_006,Intruder-Erfahrung,R,IMG008_INTRUDER_OVERLAP_BASE.png,IMG008_INTRUDER_OVERLAP_BASE.png,READY,4.7,STATIC_HOLD 0-1%; no pan or drift,—,
V028,S2,EP08_TAKE_006,"Präsenz, Schritte, Schatten",M,CARDS/CARD002_INTRUDER_OVERLAP.png,CARDS/CARD002_INTRUDER_OVERLAP.png,READY,5.0,STATIC_HOLD; absolutely no camera movement,EP08_SFX_SHADOW_ROOMTONE,statisch; keine Identitätsbehauptung
V029,S2,EP08_TAKE_006,wenig ein Wahrnehmungssystem braucht,R,IMG007_NAME_STABILIZES_SHAPE.png,IMG007_NAME_STABILIZES_SHAPE.png,READY,4.7,MICRO_PUSH 1.015-1.025; no pan or lateral travel,—,
V030,S2,EP08_TAKE_007,Geschichte aus der Familie,R,SHOT07_MULTIPLE_BLANK_FORUM_WINDOWS.png,SHOT07_MULTIPLE_BLANK_FORUM_WINDOWS.png,READY,4.7,STATIC_HOLD 0-1%; no pan or drift,EP08_SFX_CRT_ROOM,
V031,S2,EP08_TAKE_007,im Netz kann die Reihenfolge umgekehrt sein,O,SRC013_GENERIC_MODEM_FULL.png,EP08_Generic_Modem.jpg,READY_DERIVED_ORIGINAL,3.4,STATIC_CONTAIN; no pan/zoom; source label readable,EP08_SFX_CRT_ROOM,
V032,S2,EP08_TAKE_007,du liest,R,CUT003_IMG008_LAYER_DETAIL.png,IMG008_INTRUDER_OVERLAP_BASE.png,READY_SEMANTIC_CUT,4.7,MICRO_PUSH 1.015-1.025; no pan or lateral travel,—,
V033,S2,EP08_TAKE_007,siehst Zeichnungen,R,SHOT02_CRT_DARK_ROOM.png,SHOT02_CRT_DARK_ROOM.png,READY,4.7,STATIC_HOLD 0-1%; no pan or drift,EP08_SFX_CRT_ROOM,
V034,S2,EP08_TAKE_007,kennst den Namen,R,CUT004_IMG005_FORUM_DETAIL.png,IMG005_EARLY_WEB_FORUM_RECON.png,READY_SEMANTIC_CUT,4.7,MICRO_PUSH 1.015-1.025; no pan or lateral travel,EP08_SFX_FORUM_UI,
V035,S2,EP08_TAKE_007,die Reihenfolge,M,EDIT006_DRAWING_NAME_SEQUENCE,IMG006+IMG007,EDITORIAL_BUILD,3.5,"EDITORIAL_LAYER_MOTION only; opacity/focus/reveal, camera locked",EP08_SFX_FORUM_UI,nur Ebenen ein-/ausblenden
V036,S2,EP08_TAKE_007,Monate später,O,SRC014_MODEM_PCB_MACRO.png,EP08_9_6k_Modem_PCB.jpg,READY_DERIVED_ORIGINAL,3.4,STATIC_CONTAIN; no pan/zoom; source label readable,EP08_SFX_CRT_ROOM,
V037,S2,EP08_TAKE_007,völliger Dunkelheit,R,CUT005_SHOT02_DARKNESS_DETAIL.png,SHOT02_CRT_DARK_ROOM.png,READY_SEMANTIC_CUT,4.7,STATIC_HOLD 0-1%; no pan or drift,EP08_SFX_SHADOW_ROOMTONE,
V038,S2,EP08_TAKE_007,was du gesehen hast,R,CUT006_IMG004_PERIPHERAL_RIGHT.png,IMG004_SHADOW_PERIPHERAL_GLIMPSE.png,READY_SEMANTIC_CUT,4.7,MICRO_PUSH 1.015-1.025; no pan or lateral travel,EP08_SFX_SHADOW_ROOMTONE,
V039,S2,EP08_TAKE_007,Bildmaterial in deinem Kopf,M,EDIT007_BLANK_SKETCH_TO_SHADOW,SHOT06_BLANK_SKETCH_PAGE.png+IMG007,EDITORIAL_BUILD,3.5,"EDITORIAL_LAYER_MOTION only; opacity/focus/reveal, camera locked",EP08_SFX_FORUM_UI,
V040,S3,EP08_TAKE_008,achtziger und neunziger Jahre,O,SRC015_ROSWELL_FBI_COVER.png,EP08_FBI_Roswell_UFO_file_1947.pdf,READY_DERIVED_ORIGINAL,3.4,STATIC_CONTAIN; no pan/zoom; source label readable,—,"PDF-Seite vollständig einpassen; Kontext, kein Beleg für Entführung"
V041,S3,EP08_TAKE_008,Teil der Popkultur,O,SRC016_ROSWELL_REPORTS_FULL.png,EP08_Roswell_US_Government_reports_1994-1997.png,READY_DERIVED_ORIGINAL,3.4,STATIC_CONTAIN; no pan/zoom; source label readable,—,Jahreszahl sichtbar
V042,S3,EP08_TAKE_008,technische Räume,O,SRC017_AREA51_DIAGRAM_FULL.png,EP08_Area51_CIA_declassified_diagram_1966.jpg,READY_DERIVED_ORIGINAL,3.4,STATIC_CONTAIN; no pan/zoom; source label readable,—,nur institutioneller UFO-Kontext
V043,S3,EP08_TAKE_008,"kaltes Licht, technische Räume",M,EDIT008_UFO_ARCHIVE_CHRONOLOGY,SRC015+SRC016+SRC017,EDITORIAL_BUILD,3.5,"EDITORIAL_LAYER_MOTION only; opacity/focus/reveal, camera locked",EP08_SFX_CRT_ROOM,"Hartschnitte zwischen Quellen, keine animierte Aktenkamera"
V044,S3,EP08_TAKE_008,nachts,R,IMG009_ALIEN_BEDROOM_IMMOBILITY.png,IMG009_ALIEN_BEDROOM_IMMOBILITY.png,READY,4.7,STATIC_HOLD 0-1%; no pan or drift,EP08_SFX_SHADOW_ROOMTONE,
V045,S3,EP08_TAKE_009,großen Köpfen und dunklen Augen,R,IMG010_GREY_FORM_AMBIGUOUS.png,IMG010_GREY_FORM_AMBIGUOUS.png,READY,4.7,MICRO_PUSH 1.015-1.025; no pan or lateral travel,—,
V046,S3,EP08_TAKE_009,der Körper reagiert nicht,O,SRC018_PSG_MODEL_SIDE_FULL.png,EP08_Polysomnography_model_side.jpg,READY_DERIVED_ORIGINAL,3.4,STATIC_CONTAIN; no pan/zoom; source label readable,—,YELLOW-Lizenz vor Export prüfen
V047,S3,EP08_TAKE_009,Gefühl zu schweben,R,IMG011_FLOATING_SENSATION_RECON.png,IMG011_FLOATING_SENSATION_RECON.png,READY,4.7,STATIC_HOLD 0-1%; no pan or drift,—,
V048,S3,EP08_TAKE_009,Bausteine,M,CARDS/CARD003_ABDUCTION_OVERLAP.png,CARDS/CARD003_ABDUCTION_OVERLAP.png,READY,5.0,STATIC_HOLD; absolutely no camera movement,—,statisch und begrenztes Erklärmodell
V049,S3,EP08_TAKE_009,Berührungen gespürt,O,SRC019_SENSOR_CONNECTIONS_FULL.png,EP08_Polysomnography_sensor_connections.jpg,READY_DERIVED_ORIGINAL,3.4,STATIC_CONTAIN; no pan/zoom; source label readable,—,"Forschungskontext, nicht behaupten dies sei ein Abduction-Test"
V050,S3,EP08_TAKE_009,bedrohlich real,R,IMG012_TOUCH_WITHOUT_AGENT.png,IMG012_TOUCH_WITHOUT_AGENT.png,READY,4.7,MICRO_PUSH 1.015-1.025; no pan or lateral travel,EP08_SFX_SHADOW_ROOMTONE,
V051,S3,EP08_TAKE_009,"Körper, Licht, Schweben",M,EDIT009_VESTIBULAR_LAYER_REVEAL,IMG011+IMG012,EDITORIAL_BUILD,3.5,"EDITORIAL_LAYER_MOTION only; opacity/focus/reveal, camera locked",EP08_SFX_SHADOW_ROOMTONE,
V052,S3,EP08_TAKE_010,nicht jeder Bericht,O,SRC020_SLEEP_STUDY_FULL.png,EP08_Sleep_Studies_NHLBI_Polysomnography.jpg,READY_DERIVED_ORIGINAL,3.4,STATIC_CONTAIN; no pan/zoom; source label readable,—,
V053,S3,EP08_TAKE_010,einige Bausteine,R,CUT007_IMG010_FIELD_ARCS.png,IMG010_GREY_FORM_AMBIGUOUS.png,READY_SEMANTIC_CUT,4.7,STATIC_HOLD 0-1%; no pan or drift,—,
V054,S3,EP08_TAKE_010,Immobilität,O,SRC021_REM_TRACE_FULL.png,EP08_REM_Polysomnography_30sec.png,READY_DERIVED_ORIGINAL,3.4,STATIC_CONTAIN; no pan/zoom; source label readable,—,Kurve vollständig und statisch
V055,S3,EP08_TAKE_010,vollkommen real erinnert,R,CUT008_IMG009_BODY_DETAIL.png,IMG009_ALIEN_BEDROOM_IMMOBILITY.png,READY_SEMANTIC_CUT,4.7,MICRO_PUSH 1.015-1.025; no pan or lateral travel,—,
V056,S3,EP08_TAKE_010,Erinnerung ehrlich oder Ursache richtig,M,EDIT010_REALITY_CAUSE_SPLIT,IMG012+IMG016,EDITORIAL_BUILD,3.5,"EDITORIAL_LAYER_MOTION only; opacity/focus/reveal, camera locked",—,"keine Waage, kein Sieger"
V057,S3,EP08_TAKE_010,oder beides,R,IMG016_LIE_VS_SPACESHIP_FALSE_CHOICE.png,IMG016_LIE_VS_SPACESHIP_FALSE_CHOICE.png,READY,4.7,STATIC_HOLD 0-1%; no pan or drift,—,
V058,S4,EP08_TAKE_011,John E. Mack,O,SRC022_MACK_HOPKINS_PHOTO_FULL.png,EP08_Budd_Hopkins_John_E_Mack_hypnosis_Istanbul_1995.jpg,READY_DERIVED_ORIGINAL,3.4,STATIC_CONTAIN; no pan/zoom; source label readable,—,YELLOW-Lizenz; korrekte Personenbeschriftung
V059,S4,EP08_TAKE_011,interviewt zahlreiche Menschen,O,SRC023_MACK_PHOTO_DETAIL.png,EP08_Budd_Hopkins_John_E_Mack_hypnosis_Istanbul_1995.jpg,READY_DERIVED_ORIGINAL,3.4,STATIC_CONTAIN; no pan/zoom; source label readable,—,zweiter semantischer Ausschnitt
V060,S4,EP08_TAKE_011,nicht klassisch psychotisch,O,SRC024_EEG_CAP_FULL.png,EP08_EEG_cap_subject.jpg,READY_DERIVED_ORIGINAL,3.4,STATIC_CONTAIN; no pan/zoom; source label readable,—,kein direkter Mack-Versuch; allgemeiner Forschungskontext
V061,S4,EP08_TAKE_011,Harvard,M,EDIT011_HARVARD_RESEARCH_TITLE,SOURCE_ACQUISITION_MACK_BIBLIOGRAPHY,SOURCE_ACQUISITION,3.5,"EDITORIAL_LAYER_MOTION only; opacity/focus/reveal, camera locked",—,nur belegte Publikations-/Archivangabe
V062,S4,EP08_TAKE_012,andere Forscher,O,SRC025_PSG_TESTER_FULL.png,EP08_Polysomnography_tester.jpg,READY_DERIVED_ORIGINAL,3.4,STATIC_CONTAIN; no pan/zoom; source label readable,—,
V063,S4,EP08_TAKE_012,Schlafparalyse,O,SRC026_PSG_MODEL_DETAIL.png,EP08_Polysomnography_model_side.jpg,READY_DERIVED_ORIGINAL,3.4,STATIC_CONTAIN; no pan/zoom; source label readable,—,
V064,S4,EP08_TAKE_012,False-Memory-Effekte,O,SRC027_REM_TRACE_DETAIL.png,EP08_REM_Polysomnography_30sec.png,READY_DERIVED_ORIGINAL,3.4,STATIC_CONTAIN; no pan/zoom; source label readable,—,
V065,S4,EP08_TAKE_013,setzt es neu zusammen,M,CLIP003_MEMORY_RECONSTRUCTION.mp4,CLIP003_MEMORY_RECONSTRUCTION.mp4,READY,6.0,"NATIVE_TRANSFORMATION; no added zoom, crop or speed change",—,Transformation auf neu zusammen starten
V066,S4,EP08_TAKE_013,Erinnerung ist keine Datei,M,CARDS/CARD004_MEMORY_RECONSTRUCTION.png,CARDS/CARD004_MEMORY_RECONSTRUCTION.png,READY,5.0,STATIC_HOLD; absolutely no camera movement,—,sechs Sekunden statisch
V067,S4,EP08_TAKE_013,emotionaler Überzeugung,O,SRC028_SLEEP_STUDY_DETAIL.png,EP08_Sleep_Studies_NHLBI_Polysomnography.jpg,READY_DERIVED_ORIGINAL,3.4,STATIC_CONTAIN; no pan/zoom; source label readable,—,
V068,S4,EP08_TAKE_013,Popkultur liefert Bilder,R,IMG013_HARVARD_INTERVIEW_GENERIC.png,IMG013_HARVARD_INTERVIEW_GENERIC.png,READY,4.7,MICRO_PUSH 1.015-1.025; no pan or lateral travel,—,"generische Rekonstruktion, nicht reale Harvard-Szene behaupten"
V069,S4,EP08_TAKE_013,Suggestive Befragung,O,SRC029_SENSOR_DETAIL.png,EP08_Polysomnography_sensor_connections.jpg,READY_DERIVED_ORIGINAL,3.4,STATIC_CONTAIN; no pan/zoom; source label readable,—,
V070,S4,EP08_TAKE_013,bei jedem Abruf neu,M,EDIT012_MEMORY_LAYER_COMPOSITE,IMG014_MEMORY_RECONSTRUCTION_LAYERS.png,EDITORIAL_BUILD,3.5,"EDITORIAL_LAYER_MOTION only; opacity/focus/reveal, camera locked",EP08_SFX_FORUM_UI,
V071,S4,EP08_TAKE_014,echtes Erlebnis,O,SRC030_EEG_CAP_DETAIL.png,EP08_EEG_cap_subject.jpg,READY_DERIVED_ORIGINAL,3.4,STATIC_CONTAIN; no pan/zoom; source label readable,—,
V072,S4,EP08_TAKE_014,falsche Erklärung,R,IMG015_SUGGESTIVE_INTERVIEW_BASE.png,IMG015_SUGGESTIVE_INTERVIEW_BASE.png,READY,4.7,STATIC_HOLD 0-1%; no pan or drift,—,
V073,S4,EP08_TAKE_014,Lüge oder Raumschiff,O,SRC_MISSING_MCNALLY_CLANCY_PAPER_PAGE.png,SOURCE_ACQUISITION_MCNALLY_CLANCY_PRIMARY_PAPER,SOURCE_ACQUISITION,3.4,STATIC_CONTAIN; no pan/zoom; source label readable,—,"Originalpaper oder Verlagsseite, keine Sekundärgrafik"
V074,S4,EP08_TAKE_014,Silhouette und ein Hut,M,EDIT013_MEMORY_TO_BRIM_BRIDGE,IMG014+IMG018,EDITORIAL_BUILD,3.5,"EDITORIAL_LAYER_MOTION only; opacity/focus/reveal, camera locked",EP08_SFX_SHADOW_ROOMTONE,
V075,S5,EP08_TAKE_015,eine Figur sticht heraus,R,IMG017_HAT_MAN_FOOT_OF_BED.png,IMG017_HAT_MAN_FOOT_OF_BED.png,READY,4.7,MICRO_PUSH 1.015-1.025; no pan or lateral travel,EP08_SFX_SHADOW_ROOMTONE,
V076,S5,EP08_TAKE_015,klarer Hutrand,R,IMG018_HAT_BRIM_MINIMAL.png,IMG018_HAT_BRIM_MINIMAL.png,READY,4.7,STATIC_HOLD 0-1%; no pan or drift,EP08_SFX_SHADOW_ROOMTONE,
V077,S5,EP08_TAKE_015,gewöhnlicher Schatten,R,IMG019_HAT_MAN_AS_ROOM_GEOMETRY.png,IMG019_HAT_MAN_AS_ROOM_GEOMETRY.png,READY,4.7,MICRO_PUSH 1.015-1.025; no pan or lateral travel,EP08_SFX_SHADOW_ROOMTONE,
V078,S5,EP08_TAKE_015,plötzlich wie jemand,R,SHOT05_HAT_SHADOW_EMPTY_ROOM.png,SHOT05_HAT_SHADOW_EMPTY_ROOM.png,READY,4.7,STATIC_HOLD 0-1%; no pan or drift,EP08_SFX_SHADOW_ROOMTONE,
V079,S5,EP08_TAKE_015,gewöhnlicher Schatten plötzlich wie jemand,M,CLIP002_SHADOW_DETACHES.mp4,CLIP002_SHADOW_DETACHES.mp4,READY,6.0,"NATIVE_TRANSFORMATION; no added zoom, crop or speed change",EP08_SFX_SHADOW_ROOMTONE,subjektive Rekonstruktion; kein Horror-Sting
V080,S5,EP08_TAKE_016,Diphenhydramin,O,SRC_MISSING_DPH_MEDICAL_SOURCE_FULL.png,SOURCE_ACQUISITION_DPH_MEDICAL_PRIMARY,SOURCE_ACQUISITION,3.4,STATIC_CONTAIN; no pan/zoom; source label readable,—,medizinische Primär-/Behördenquelle
V081,S5,EP08_TAKE_016,nicht nur Schlafparalyse,R,IMG020_HAT_MAN_REPORT_VARIATIONS.png,IMG020_HAT_MAN_REPORT_VARIATIONS.png,READY,4.7,MICRO_PUSH 1.015-1.025; no pan or lateral travel,—,
V082,S5,EP08_TAKE_016,anderen Kontexten,R,IMG021_MULTIPLE_CAUSES_SAME_SILHOUETTE.png,IMG021_MULTIPLE_CAUSES_SAME_SILHOUETTE.png,READY,4.7,STATIC_HOLD 0-1%; no pan or drift,—,
V083,S5,EP08_TAKE_016,Internetberichte in verschiedenen Kontexten,M,EDIT014_HAT_VARIATION_SEQUENCE,IMG020+IMG021,EDITORIAL_BUILD,3.5,"EDITORIAL_LAYER_MOTION only; opacity/focus/reveal, camera locked",EP08_SFX_FORUM_UI,
V084,S5,EP08_TAKE_016,sauber trennen,R,IMG022_INTERNET_SUPPLIES_HAT.png,IMG022_INTERNET_SUPPLIES_HAT.png,READY,4.7,MICRO_PUSH 1.015-1.025; no pan or lateral travel,—,
V085,S5,EP08_TAKE_016,medizinisch dokumentiert,O,SRC_MISSING_DPH_MEDICAL_SOURCE_DETAIL.png,SOURCE_ACQUISITION_DPH_MEDICAL_PRIMARY,SOURCE_ACQUISITION,3.4,STATIC_CONTAIN; no pan/zoom; source label readable,—,"zweiter semantischer Ausschnitt, Kernaussage lesbar"
V086,S5,EP08_TAKE_017,nicht zuverlässig genau den Hat Man,R,CUT009_IMG018_BRIM_GEOMETRY.png,IMG018_HAT_BRIM_MINIMAL.png,READY_SEMANTIC_CUT,4.7,STATIC_HOLD 0-1%; no pan or drift,—,
V087,S5,EP08_TAKE_017,dunkle Person,R,CUT010_IMG019_OBJECT_SOURCES.png,IMG019_HAT_MAN_AS_ROOM_GEOMETRY.png,READY_SEMANTIC_CUT,4.7,MICRO_PUSH 1.015-1.025; no pan or lateral travel,—,
V088,S5,EP08_TAKE_017,medizinisch belegt gegen Internetbericht,M,EDIT015_EVIDENCE_BOUNDARY,SRC_MISSING_DPH_MEDICAL_SOURCE_DETAIL+SRC_MISSING_ANON_FORUM,EDITORIAL_BUILD,3.5,"EDITORIAL_LAYER_MOTION only; opacity/focus/reveal, camera locked",—,keine Gleichwertigkeit vortäuschen
V089,S5,EP08_TAKE_017,Internet liefert den Hut,R,CUT011_IMG020_REPORT_GRID.png,IMG020_HAT_MAN_REPORT_VARIATIONS.png,READY_SEMANTIC_CUT,4.7,STATIC_HOLD 0-1%; no pan or drift,—,
V090,S5,EP08_TAKE_017,die Verbindung lebt,R,CUT012_IMG021_CAUSE_STREAMS.png,IMG021_MULTIPLE_CAUSES_SAME_SILHOUETTE.png,READY_SEMANTIC_CUT,4.7,MICRO_PUSH 1.015-1.025; no pan or lateral travel,—,
V091,S5,EP08_TAKE_017,Internetberichten,O,SRC_MISSING_ANON_HAT_FORUM.png,SOURCE_ACQUISITION_ANONYMIZED_FORUM_CAPTURE,SOURCE_ACQUISITION,3.4,STATIC_CONTAIN; no pan/zoom; source label readable,—,Namen/Avatare redigieren; Datum und Kontext erhalten
V092,S5,EP08_TAKE_018,universeller Archetyp,R,CUT013_IMG017_TYPOLOGY_WALL.png,IMG017_HAT_MAN_FOOT_OF_BED.png,READY_SEMANTIC_CUT,4.7,STATIC_HOLD 0-1%; no pan or drift,—,
V093,S5,EP08_TAKE_018,wie wenig Information,R,SHOT06_BLANK_SKETCH_PAGE.png,SHOT06_BLANK_SKETCH_PAGE.png,READY,4.7,MICRO_PUSH 1.015-1.025; no pan or lateral travel,—,
V094,S5,EP08_TAKE_018,stabile Form,R,IMG023_PATTERN_OR_MEME_BASE.png,IMG023_PATTERN_OR_MEME_BASE.png,READY,4.7,STATIC_HOLD 0-1%; no pan or drift,—,
V095,S5,EP08_TAKE_018,Kontur wird wiedererkennbar,M,EDIT016_SKETCH_CONVERGENCE,SHOT06+IMG023,EDITORIAL_BUILD,3.5,"EDITORIAL_LAYER_MOTION only; opacity/focus/reveal, camera locked",EP08_SFX_FORUM_UI,kein Kameraweg; nur Linien erscheinen
V096,S5,EP08_TAKE_018,wiedererkennbare Form,R,CUT014_SHOT05_SOURCE_OBJECT.png,SHOT05_HAT_SHADOW_EMPTY_ROOM.png,READY_SEMANTIC_CUT,4.7,MICRO_PUSH 1.015-1.025; no pan or lateral travel,—,
V097,S6,EP08_TAKE_019,seht heute Nacht,R,CUT015_IMG023_PATTERN_SIDE.png,IMG023_PATTERN_OR_MEME_BASE.png,READY_SEMANTIC_CUT,4.7,STATIC_HOLD 0-1%; no pan or drift,EP08_SFX_SHADOW_ROOMTONE,
V098,S6,EP08_TAKE_019,Muster oder Meme,M,CARDS/CARD007_CTA_MUSTER_MEME.png,CARDS/CARD007_CTA_MUSTER_MEME.png,READY,6.0,STATIC_HOLD; absolutely no camera movement,—,sieben Sekunden statisch; keinerlei Bewegung
V099,S6,EP08_TAKE_019,morgen sucht ihr danach,R,IMG024_SEARCH_AFTER_EXPERIENCE.png,IMG024_SEARCH_AFTER_EXPERIENCE.png,READY,4.7,MICRO_PUSH 1.015-1.025; no pan or lateral travel,EP08_SFX_CRT_ROOM,
V100,S6,EP08_TAKE_019,tausend ähnliche Geschichten,O,SRC_MISSING_WEB_ARCHIVE_RESULTS_FULL.png,SOURCE_ACQUISITION_WEB_ARCHIVE_RESULTS,SOURCE_ACQUISITION,3.4,STATIC_CONTAIN; no pan/zoom; source label readable,EP08_SFX_FORUM_UI,"datierte, redigierte Archivansicht"
V101,S6,EP08_TAKE_019,sucht ihr danach,M,EDIT017_SEARCH_SEQUENCE,IMG024+SRC_MISSING_WEB_ARCHIVE_RESULTS_FULL,EDITORIAL_BUILD,3.5,"EDITORIAL_LAYER_MOTION only; opacity/focus/reveal, camera locked",EP08_SFX_FORUM_UI,
V102,S6,EP08_TAKE_020,neurologisches Muster,R,CUT016_IMG007_GEOMETRIC_ICON.png,IMG007_NAME_STABILIZES_SHAPE.png,READY_SEMANTIC_CUT,4.7,STATIC_HOLD 0-1%; no pan or drift,—,
V103,S6,EP08_TAKE_020,kulturelle Vorlage,O,SRC031_PIPPIN_MODEM_FULL.png,EP08_Bandai_Apple_Pippin_Modem.jpg,READY_DERIVED_ORIGINAL,3.4,STATIC_CONTAIN; no pan/zoom; source label readable,EP08_SFX_CRT_ROOM,
V104,S6,EP08_TAKE_020,beides fast gleich,R,IMG033_CULTURAL_TEMPLATE_PRELOAD.png,IMG033_CULTURAL_TEMPLATE_PRELOAD.png,GENERATION_REQUIRED,4.7,MICRO_PUSH 1.015-1.025; no pan or lateral travel,—,
V105,S6,EP08_TAKE_020,Muster und Meme,M,EDIT018_PATTERN_MEME_EQUAL_SPLIT,IMG023+IMG021,EDITORIAL_BUILD,3.5,"EDITORIAL_LAYER_MOTION only; opacity/focus/reveal, camera locked",—,"gleichwertige Spalten, kein Sieger"
V106,S6,EP08_TAKE_020,beide Prozesse zusammenlaufen,O,SRC032_MODEM_PCB_DETAIL.png,EP08_9_6k_Modem_PCB.jpg,READY_DERIVED_ORIGINAL,3.4,STATIC_CONTAIN; no pan/zoom; source label readable,EP08_SFX_CRT_ROOM,
V107,S6,EP08_TAKE_020,ehrliche Übereinstimmung,R,CUT018_IMG024_RESULT_TILES.png,IMG024_SEARCH_AFTER_EXPERIENCE.png,READY_SEMANTIC_CUT,4.7,STATIC_HOLD 0-1%; no pan or drift,—,
V108,S6,EP08_TAKE_020,wo der Körper endet,M,EDIT019_BODY_STORY_THRESHOLD,IMG008+IMG026,EDITORIAL_BUILD,3.5,"EDITORIAL_LAYER_MOTION only; opacity/focus/reveal, camera locked",EP08_SFX_SHADOW_ROOMTONE,
V109,S6,EP08_TAKE_020,Geschichte beginnt,O,SRC033_ROTARY_PHONE_DETAIL.png,EP08_Rotary_Dial_Telephone.svg,READY_DERIVED_ORIGINAL,3.4,STATIC_CONTAIN; no pan/zoom; source label readable,EP08_SFX_RADIO_ROOM,
V110,S6,EP08_TAKE_020,Prozesse zusammenlaufen,R,CUT019_IMG022_HAT_INPUT.png,IMG022_INTERNET_SUPPLIES_HAT.png,READY_SEMANTIC_CUT,4.7,MICRO_PUSH 1.015-1.025; no pan or lateral travel,—,
V111,S6,EP08_TAKE_020,Internet wird Teil,M,EDIT020_FEEDBACK_PREVIEW,IMG022+IMG026,EDITORIAL_BUILD,3.5,"EDITORIAL_LAYER_MOTION only; opacity/focus/reveal, camera locked",EP08_SFX_FORUM_UI,
V112,S6,EP08_TAKE_020,von außen fast gleich,O,SRC034_SCHNEIDER_MONITOR_FULL.png,EP08_Schneider_MM12_Monochrome_Monitor.jpg,READY_DERIVED_ORIGINAL,3.4,STATIC_CONTAIN; no pan/zoom; source label readable,EP08_SFX_CRT_ROOM,
V113,S6,EP08_TAKE_020,wo der Körper endet,R,CUT020_SHOT07_WINDOW_GRID.png,SHOT07_MULTIPLE_BLANK_FORUM_WINDOWS.png,READY_SEMANTIC_CUT,4.7,STATIC_HOLD 0-1%; no pan or drift,—,
V114,S6,EP08_TAKE_020,Teil des Experiments,M,EDIT021_SIX_LAYER_LOOP_SETUP,SRC034+IMG022+IMG026,EDITORIAL_BUILD,3.5,"EDITORIAL_LAYER_MOTION only; opacity/focus/reveal, camera locked",EP08_SFX_FORUM_UI,
V115,S6,EP08_TAKE_020,das Netz,O,SRC035_GENERIC_MODEM_DETAIL.png,EP08_Generic_Modem.jpg,READY_DERIVED_ORIGINAL,3.4,STATIC_CONTAIN; no pan/zoom; source label readable,EP08_SFX_CRT_ROOM,
V116,S7,EP08_TAKE_021,zweitausendfünfzehn,O,SRC_MISSING_NIGHTMARE_LICENSED_KEYART.png,SOURCE_ACQUISITION_THE_NIGHTMARE_LICENSE,SOURCE_ACQUISITION,3.4,STATIC_CONTAIN; no pan/zoom; source label readable,—,nur mit geklärter Nutzung; sonst neutrale Quellenkarte
V117,S7,EP08_TAKE_021,Rodney Ascher,O,SRC_MISSING_NIGHTMARE_BIBLIOGRAPHY.png,SOURCE_ACQUISITION_FILM_BIBLIOGRAPHY,SOURCE_ACQUISITION,3.4,STATIC_CONTAIN; no pan/zoom; source label readable,—,bibliografische Quelle statt unlizenzierter Filmszene
V118,S7,EP08_TAKE_021,dramatische Bilder,R,IMG025_DOCUMENTARY_SCREENING_RECON.png,IMG025_DOCUMENTARY_SCREENING_RECON.png,READY,4.7,MICRO_PUSH 1.015-1.025; no pan or lateral travel,—,keine Szene aus dem Film nachbauen
V119,S7,EP08_TAKE_021,dokumentiert und verbreitet,M,EDIT022_FILM_IMAGE_SPREAD,SRC_MISSING_NIGHTMARE_BIBLIOGRAPHY+IMG025,EDITORIAL_BUILD,3.5,"EDITORIAL_LAYER_MOTION only; opacity/focus/reveal, camera locked",—,"Quellenkarte bleibt statisch, Bildwechsel per Hartschnitt"
V120,S7,EP08_TAKE_022,"Foren, Videos, Podcasts",O,SRC_MISSING_PERIOD_FORUM_CAPTURE.png,SOURCE_ACQUISITION_PERIOD_FORUM_CAPTURE,SOURCE_ACQUISITION,3.4,STATIC_CONTAIN; no pan/zoom; source label readable,EP08_SFX_FORUM_UI,anonymisiert; reales Datum erhalten
V121,S7,EP08_TAKE_022,öffentlich und gleichzeitig,O,SRC036_SHARP_FAX_MODEM_FULL.png,EP08_Sharp_OZ9500_Fax_VT100_Modem_c1994.jpg,READY_DERIVED_ORIGINAL,3.4,STATIC_CONTAIN; no pan/zoom; source label readable,EP08_SFX_FAX_PAPER,
V122,S7,EP08_TAKE_022,jemand beschreibt ein Erlebnis,R,IMG026_FORUM_TO_IMAGE_TO_EXPECTATION.png,IMG026_FORUM_TO_IMAGE_TO_EXPECTATION.png,READY,4.7,STATIC_HOLD 0-1%; no pan or drift,EP08_SFX_FORUM_UI,
V123,S7,EP08_TAKE_022,der Name verbreitet sich,O,SRC037_MODEM_FRONT_FULL.png,EP08_Sharp_OZ9500_Fax_VT100_Modem_c1994.jpg,READY_DERIVED_ORIGINAL,3.4,STATIC_CONTAIN; no pan/zoom; source label readable,EP08_SFX_CRT_ROOM,
V124,S7,EP08_TAKE_022,Netz gibt ihm einen Namen,M,CARDS/CARD005_INTERNET_FEEDBACK.png,CARDS/CARD005_INTERNET_FEEDBACK.png,READY,5.0,STATIC_HOLD; absolutely no camera movement,—,sechs Sekunden statisch
V125,S7,EP08_TAKE_022,damals in Stunden,O,SRC038_STUDIO_CONTEXT_DETAIL.png,EP08_1996_radio_studio_context.jpg,READY_DERIVED_ORIGINAL,3.4,STATIC_CONTAIN; no pan/zoom; source label readable,EP08_SFX_RADIO_ROOM,
V126,S7,EP08_TAKE_022,bevor sie nachts erwacht,R,IMG027_GLOBAL_VISUAL_MEMORY.png,IMG027_GLOBAL_VISUAL_MEMORY.png,READY,4.7,MICRO_PUSH 1.015-1.025; no pan or lateral travel,—,
V127,S7,EP08_TAKE_022,Früher über Generationen,O,SRC039_FAX_MACHINE_DETAIL.png,EP08_fax_machine.jpg,READY_DERIVED_ORIGINAL,3.4,STATIC_CONTAIN; no pan/zoom; source label readable,EP08_SFX_FAX_PAPER,
V128,S7,EP08_TAKE_023,Bilder werden von Millionen gesehen,M,CLIP004_COLLECTIVE_IMAGE_LOOP.mp4,CLIP004_COLLECTIVE_IMAGE_LOOP.mp4,READY,6.0,"NATIVE_TRANSFORMATION; no added zoom, crop or speed change",EP08_SFX_FORUM_UI,
V129,S7,EP08_TAKE_023,Vorlage steht bereit,O,SRC040_CRT_MONITOR_DETAIL.png,EP08_CRT_monitor.jpg,READY_DERIVED_ORIGINAL,3.4,STATIC_CONTAIN; no pan/zoom; source label readable,EP08_SFX_CRT_ROOM,
V130,S7,EP08_TAKE_023,in Stunden,R,IMG028_HOURS_NOT_GENERATIONS.png,IMG028_HOURS_NOT_GENERATIONS.png,READY,4.7,STATIC_HOLD 0-1%; no pan or drift,—,
V131,S7,EP08_TAKE_023,global,O,SRC041_SCHNEIDER_MONITOR_DETAIL.png,EP08_Schneider_MM12_Monochrome_Monitor.jpg,READY_DERIVED_ORIGINAL,3.4,STATIC_CONTAIN; no pan/zoom; source label readable,EP08_SFX_CRT_ROOM,
V132,S7,EP08_TAKE_023,globales visuelles Gedächtnis,M,EDIT023_GLOBAL_NODE_REVEAL,IMG027_GLOBAL_VISUAL_MEMORY.png,EDITORIAL_BUILD,3.5,"EDITORIAL_LAYER_MOTION only; opacity/focus/reveal, camera locked",EP08_SFX_FORUM_UI,
V133,S7,EP08_TAKE_023,jeder neue Bericht,O,SRC042_SHORTWAVE_DETAIL.png,EP08_shortwave_radio_receiver.jpg,READY_DERIVED_ORIGINAL,3.4,STATIC_CONTAIN; no pan/zoom; source label readable,EP08_SFX_SHORTWAVE_STATIC,
V134,S7,EP08_TAKE_023,"Motiv, das das Gehirn kennt",R,CUT021_IMG026_EXPECTATION_PANEL.png,IMG026_FORUM_TO_IMAGE_TO_EXPECTATION.png,READY_SEMANTIC_CUT,4.7,MICRO_PUSH 1.015-1.025; no pan or lateral travel,—,
V135,S7,EP08_TAKE_023,Gedächtnis wächst,R,IMG031_HAT_MAN_DISSOLVES_INTO_PIXELS.png,IMG031_HAT_MAN_DISSOLVES_INTO_PIXELS.png,READY,4.7,STATIC_HOLD 0-1%; no pan or drift,—,
V136,S8,EP08_TAKE_024,drei Folgen,O,SRC043_PSG_TESTER_DETAIL.png,EP08_Polysomnography_tester.jpg,READY_DERIVED_ORIGINAL,3.4,STATIC_CONTAIN; no pan/zoom; source label readable,—,wissenschaftlicher Seriencallback
V137,S8,EP08_TAKE_024,verschiedene Sprachen,O,SRC044_ARTOGRAPH_1895_FULL.png,EP08_Amstutz_Electro_Artograph_1895.png,READY_DERIVED_ORIGINAL,3.4,STATIC_CONTAIN; no pan/zoom; source label readable,—,"historische Bild-/Aufzeichnungstechnik, nicht Schlaflabor behaupten"
V138,S8,EP08_TAKE_024,"Old Hag, Mara, Incubus",R,IMG029_THREE_EPISODE_MOTIF_TABLE.png,IMG029_THREE_EPISODE_MOTIF_TABLE.png,READY,4.7,MICRO_PUSH 1.015-1.025; no pan or lateral travel,—,
V139,S8,EP08_TAKE_024,Neurologie,O,SRC045_RADIO_CONSOLE_WIDE.png,EP08_radio_console_microphone.jpg,READY_DERIVED_ORIGINAL,3.4,STATIC_CONTAIN; no pan/zoom; source label readable,EP08_SFX_RADIO_ROOM,
V140,S8,EP08_TAKE_025,realer Zustand,O,SRC046_SM7_MICROPHONE_DETAIL.png,EP08_Shure_SM7_Microphone.jpg,READY_DERIVED_ORIGINAL,3.4,STATIC_CONTAIN; no pan/zoom; source label readable,EP08_SFX_RADIO_ROOM,
V141,S8,EP08_TAKE_025,Formen und Namen,R,IMG030_BRAIN_EXPERIENCE_STORY_EXPECTATION_BASE.png,IMG030_BRAIN_EXPERIENCE_STORY_EXPECTATION_BASE.png,READY,4.7,STATIC_HOLD 0-1%; no pan or drift,—,
V142,S8,EP08_TAKE_025,neue Masken,O,SRC047_VINTAGE_MICROPHONE_DETAIL.png,EP08_Shure_55S_vintage_mic.jpg,READY_DERIVED_ORIGINAL,3.4,STATIC_CONTAIN; no pan/zoom; source label readable,EP08_SFX_RADIO_ROOM,YELLOW-Lizenz prüfen
V143,S8,EP08_TAKE_025,Grey Aliens,O,SRC048_AREA51_DIAGRAM_DETAIL.png,EP08_Area51_CIA_declassified_diagram_1966.jpg,READY_DERIVED_ORIGINAL,3.4,STATIC_CONTAIN; no pan/zoom; source label readable,—,"Kontextcallback, keine Beweisfunktion"
V144,S8,EP08_TAKE_025,Behauptung zu grob,O,SRC049_ROSWELL_REPORTS_DETAIL.png,EP08_Roswell_US_Government_reports_1994-1997.png,READY_DERIVED_ORIGINAL,3.4,STATIC_CONTAIN; no pan/zoom; source label readable,—,Kontextcallback
V145,S8,EP08_TAKE_026,"Gehirn, Erfahrung, Geschichte, Erwartung",M,CARDS/CARD006_FINAL_LOOP.png,CARDS/CARD006_FINAL_LOOP.png,READY,5.0,STATIC_HOLD; absolutely no camera movement,—,sechs Sekunden statisch
V146,S8,EP08_TAKE_026,Geschichte verändert Erwartung,R,IMG036_TRILOGY_THRESHOLD.png,IMG036_TRILOGY_THRESHOLD.png,GENERATION_REQUIRED,4.7,MICRO_PUSH 1.015-1.025; no pan or lateral travel,—,
V147,S8,EP08_TAKE_027,"gelernt, sich zu verbreiten",R,CUT023_IMG031_DISSOLVE_DETAIL.png,IMG031_HAT_MAN_DISSOLVES_INTO_PIXELS.png,READY_SEMANTIC_CUT,4.7,STATIC_HOLD 0-1%; no pan or drift,—,
V148,S8,EP08_TAKE_027,Heute braucht er einen Upload,R,IMG032_FINAL_EMPTY_BEDROOM_SCREEN_GLOW.png,IMG032_FINAL_EMPTY_BEDROOM_SCREEN_GLOW.png,READY,4.7,MICRO_PUSH 1.015-1.025; no pan or lateral travel,EP08_SFX_CRT_ROOM,
V149,S8,EP08_TAKE_027,Upload,O,SRC050_PIPPIN_MODEM_DETAIL.png,EP08_Bandai_Apple_Pippin_Modem.jpg,READY_DERIVED_ORIGINAL,3.4,STATIC_CONTAIN; no pan/zoom; source label readable,EP08_SFX_CRT_ROOM,
V150,S8,EP08_TAKE_027,nach letztem gesprochenen Satz,M,CARDS/CARD008_ENDCARD.png,CARDS/CARD008_ENDCARD.png,READY,20.0,STATIC_HOLD; absolutely no camera movement,—,20 Sekunden statisch; Endscreen-Elemente später im Studio
