generation_id,episode,scene,role,cue_id,prompt,reference_assets,aspect,do_not_use_as_evidence,status
IMG01,EP03,1,MAIN,EP03_V_003,"Cinematic investigative documentary reconstruction, late-20th-century research atmosphere, deep blue-black and graphite shadows, warm practical tungsten lamps, restrained cyan technical accents, tactile paper, brushed metal and glass, realistic optics, subtle film grain, sober mysterious mood, no fantasy magic, no supernatural glow, no text, no logos, no watermark, no synthetic portrait of a named real person, 16:9. Compose one strong documentary still that can hold 5-8 seconds with a subtle push-in. SUBJECT: anonymous late-1970s defense analyst opening a thick foreign-technology report, no insignia. NARRATION BEAT TO MATCH: dem Deckblatt steht: *Paraphysics R&D — Warsaw Pact*. Er wurde von der Foreign. Keep the image semantically aligned to this exact beat; do not introduce claims not present in the narration. Avoid: occult cliché, tarot props, glowing chakras, neon sci-fi, cyberpunk, horror monster imagery, conspiracy corkboard, readable fake documents, modern consumer electronics unless requested, deformed hands, extra fingers, text artifacts.",P01; P02; P03,16:9,YES,GENERATE
IMG02,EP03,1,MAIN,EP03_V_008,"Cinematic investigative documentary reconstruction, late-20th-century research atmosphere, deep blue-black and graphite shadows, warm practical tungsten lamps, restrained cyan technical accents, tactile paper, brushed metal and glass, realistic optics, subtle film grain, sober mysterious mood, no fantasy magic, no supernatural glow, no text, no logos, no watermark, no synthetic portrait of a named real person, 16:9. Compose one strong documentary still that can hold 5-8 seconds with a subtle push-in. SUBJECT: anonymous late-1970s defense analyst opening a thick foreign-technology report, no insignia. NARRATION BEAT TO MATCH: auf andere Menschen entstehen könnte. Das klingt wie eine Akte über eine fertige. Keep the image semantically aligned to this exact beat; do not introduce claims not present in the narration. Avoid: occult cliché, tarot props, glowing chakras, neon sci-fi, cyberpunk, horror monster imagery, conspiracy corkboard, readable fake documents, modern consumer electronics unless requested, deformed hands, extra fingers, text artifacts.",P01; P02; P03,16:9,YES,GENERATE
IMG03,EP03,2,MAIN,EP03_V_011,"Cinematic investigative documentary reconstruction, late-20th-century research atmosphere, deep blue-black and graphite shadows, warm practical tungsten lamps, restrained cyan technical accents, tactile paper, brushed metal and glass, realistic optics, subtle film grain, sober mysterious mood, no fantasy magic, no supernatural glow, no text, no logos, no watermark, no synthetic portrait of a named real person, 16:9. Compose one strong documentary still that can hold 5-8 seconds with a subtle push-in. SUBJECT: clean Warsaw Pact map with research-to-assessment arrow, no modern political embellishment. NARRATION BEAT TO MATCH: Im Vorwort steht ziemlich genau, wozu die Studie gedacht war. Sie sollte. Keep the image semantically aligned to this exact beat; do not introduce claims not present in the narration. Avoid: occult cliché, tarot props, glowing chakras, neon sci-fi, cyberpunk, horror monster imagery, conspiracy corkboard, readable fake documents, modern consumer electronics unless requested, deformed hands, extra fingers, text artifacts.",P01; P02; P03,16:9,YES,GENERATE
IMG04,EP03,2,MAIN,EP03_V_013,"Cinematic investigative documentary reconstruction, late-20th-century research atmosphere, deep blue-black and graphite shadows, warm practical tungsten lamps, restrained cyan technical accents, tactile paper, brushed metal and glass, realistic optics, subtle film grain, sober mysterious mood, no fantasy magic, no supernatural glow, no text, no logos, no watermark, no synthetic portrait of a named real person, 16:9. Compose one strong documentary still that can hold 5-8 seconds with a subtle push-in. SUBJECT: anonymous US defense analysts at a 1978 briefing table with translated scientific papers, no faces emphasized. NARRATION BEAT TO MATCH: laufende Forschung und mögliche zukünftige Entwicklungen. Der Schwerpunkt lag auf der Sowjetunion.. Keep the image semantically aligned to this exact beat; do not introduce claims not present in the narration. Avoid: occult cliché, tarot props, glowing chakras, neon sci-fi, cyberpunk, horror monster imagery, conspiracy corkboard, readable fake documents, modern consumer electronics unless requested, deformed hands, extra fingers, text artifacts.",P01; P02; P03,16:9,YES,GENERATE
IMG05,EP03,2,MAIN,EP03_V_015,"Cinematic investigative documentary reconstruction, late-20th-century research atmosphere, deep blue-black and graphite shadows, warm practical tungsten lamps, restrained cyan technical accents, tactile paper, brushed metal and glass, realistic optics, subtle film grain, sober mysterious mood, no fantasy magic, no supernatural glow, no text, no logos, no watermark, no synthetic portrait of a named real person, 16:9. Compose one strong documentary still that can hold 5-8 seconds with a subtle push-in. SUBJECT: flow: Warsaw Pact publications -> US collection -> FTD assessment -> DoD/intelligence consumers. NARRATION BEAT TO MATCH: ausdrücklich nicht die breite Öffentlichkeit. Der Bericht war für Forschungseinrichtungen des US-Verteidigungsministeriums,. Keep the image semantically aligned to this exact beat; do not introduce claims not present in the narration. Avoid: occult cliché, tarot props, glowing chakras, neon sci-fi, cyberpunk, horror monster imagery, conspiracy corkboard, readable fake documents, modern consumer electronics unless requested, deformed hands, extra fingers, text artifacts.",P01; P02; P03,16:9,YES,GENERATE
IMG06,EP03,2,MAIN,EP03_V_016,"Cinematic investigative documentary reconstruction, late-20th-century research atmosphere, deep blue-black and graphite shadows, warm practical tungsten lamps, restrained cyan technical accents, tactile paper, brushed metal and glass, realistic optics, subtle film grain, sober mysterious mood, no fantasy magic, no supernatural glow, no text, no logos, no watermark, no synthetic portrait of a named real person, 16:9. Compose one strong documentary still that can hold 5-8 seconds with a subtle push-in. SUBJECT: clean Warsaw Pact map with research-to-assessment arrow, no modern political embellishment. NARRATION BEAT TO MATCH: die Intelligence Community und weitere Regierungsstellen bestimmt. Das ist der erste. Keep the image semantically aligned to this exact beat; do not introduce claims not present in the narration. Avoid: occult cliché, tarot props, glowing chakras, neon sci-fi, cyberpunk, horror monster imagery, conspiracy corkboard, readable fake documents, modern consumer electronics unless requested, deformed hands, extra fingers, text artifacts.",P01; P02; P03,16:9,YES,GENERATE
IMG07,EP03,2,MAIN,EP03_V_018,"Cinematic investigative documentary reconstruction, late-20th-century research atmosphere, deep blue-black and graphite shadows, warm practical tungsten lamps, restrained cyan technical accents, tactile paper, brushed metal and glass, realistic optics, subtle film grain, sober mysterious mood, no fantasy magic, no supernatural glow, no text, no logos, no watermark, no synthetic portrait of a named real person, 16:9. Compose one strong documentary still that can hold 5-8 seconds with a subtle push-in. SUBJECT: anonymous US defense analysts at a 1978 briefing table with translated scientific papers, no faces emphasized. NARRATION BEAT TO MATCH: wollten wissen, ob hinter sowjetischen Berichten über ungewöhnliche mentale Fähigkeiten etwas steckte,. Keep the image semantically aligned to this exact beat; do not introduce claims not present in the narration. Avoid: occult cliché, tarot props, glowing chakras, neon sci-fi, cyberpunk, horror monster imagery, conspiracy corkboard, readable fake documents, modern consumer electronics unless requested, deformed hands, extra fingers, text artifacts.",P01; P02; P03,16:9,YES,GENERATE
IMG08,EP03,2,MAIN,EP03_V_020,"Cinematic investigative documentary reconstruction, late-20th-century research atmosphere, deep blue-black and graphite shadows, warm practical tungsten lamps, restrained cyan technical accents, tactile paper, brushed metal and glass, realistic optics, subtle film grain, sober mysterious mood, no fantasy magic, no supernatural glow, no text, no logos, no watermark, no synthetic portrait of a named real person, 16:9. Compose one strong documentary still that can hold 5-8 seconds with a subtle push-in. SUBJECT: flow: Warsaw Pact publications -> US collection -> FTD assessment -> DoD/intelligence consumers. NARRATION BEAT TO MATCH: Aber im Kalten Krieg reicht manchmal schon eine andere Frage: Was,. Keep the image semantically aligned to this exact beat; do not introduce claims not present in the narration. Avoid: occult cliché, tarot props, glowing chakras, neon sci-fi, cyberpunk, horror monster imagery, conspiracy corkboard, readable fake documents, modern consumer electronics unless requested, deformed hands, extra fingers, text artifacts.",P01; P02; P03,16:9,YES,GENERATE
IMG09,EP03,2,MAIN,EP03_V_021,"Cinematic investigative documentary reconstruction, late-20th-century research atmosphere, deep blue-black and graphite shadows, warm practical tungsten lamps, restrained cyan technical accents, tactile paper, brushed metal and glass, realistic optics, subtle film grain, sober mysterious mood, no fantasy magic, no supernatural glow, no text, no logos, no watermark, no synthetic portrait of a named real person, 16:9. Compose one strong documentary still that can hold 5-8 seconds with a subtle push-in. SUBJECT: clean Warsaw Pact map with research-to-assessment arrow, no modern political embellishment. NARRATION BEAT TO MATCH: wenn der Gegner glaubt, dass sie möglich ist — und deshalb weiterforscht?. Keep the image semantically aligned to this exact beat; do not introduce claims not present in the narration. Avoid: occult cliché, tarot props, glowing chakras, neon sci-fi, cyberpunk, horror monster imagery, conspiracy corkboard, readable fake documents, modern consumer electronics unless requested, deformed hands, extra fingers, text artifacts.",P01; P02; P03,16:9,YES,GENERATE
IMG10,EP03,3,MAIN,EP03_V_022,"Cinematic investigative documentary reconstruction, late-20th-century research atmosphere, deep blue-black and graphite shadows, warm practical tungsten lamps, restrained cyan technical accents, tactile paper, brushed metal and glass, realistic optics, subtle film grain, sober mysterious mood, no fantasy magic, no supernatural glow, no text, no logos, no watermark, no synthetic portrait of a named real person, 16:9. Compose one strong documentary still that can hold 5-8 seconds with a subtle push-in. SUBJECT: hierarchy diagram PARAPHYSICS -> PSYCHOENERGETICS -> BIOINFORMATION/BIOENERGETICS -> PSYCHOTRONICS instrumentation emphasis. NARRATION BEAT TO MATCH: „Psychotronik“ klingt heute nach einer fertigen Maschine, die Gedanken sendet oder. Keep the image semantically aligned to this exact beat; do not introduce claims not present in the narration. Avoid: occult cliché, tarot props, glowing chakras, neon sci-fi, cyberpunk, horror monster imagery, conspiracy corkboard, readable fake documents, modern consumer electronics unless requested, deformed hands, extra fingers, text artifacts.",P01,16:9,YES,GENERATE
IMG11,EP03,3,MAIN,EP03_V_023,"Cinematic investigative documentary reconstruction, late-20th-century research atmosphere, deep blue-black and graphite shadows, warm practical tungsten lamps, restrained cyan technical accents, tactile paper, brushed metal and glass, realistic optics, subtle film grain, sober mysterious mood, no fantasy magic, no supernatural glow, no text, no logos, no watermark, no synthetic portrait of a named real person, 16:9. Compose one strong documentary still that can hold 5-8 seconds with a subtle push-in. SUBJECT: anonymous Eastern European research lab reconstruction with analog sensors, shielded cables and paper charts, no fantasy devices. NARRATION BEAT TO MATCH: Menschen fernsteuert. Der Bericht benutzt den Begriff vorsichtiger. Er beschreibt Paraphysik als. Keep the image semantically aligned to this exact beat; do not introduce claims not present in the narration. Avoid: occult cliché, tarot props, glowing chakras, neon sci-fi, cyberpunk, horror monster imagery, conspiracy corkboard, readable fake documents, modern consumer electronics unless requested, deformed hands, extra fingers, text artifacts.",P01,16:9,YES,GENERATE
IMG12,EP03,3,MAIN,EP03_V_024,"Cinematic investigative documentary reconstruction, late-20th-century research atmosphere, deep blue-black and graphite shadows, warm practical tungsten lamps, restrained cyan technical accents, tactile paper, brushed metal and glass, realistic optics, subtle film grain, sober mysterious mood, no fantasy magic, no supernatural glow, no text, no logos, no watermark, no synthetic portrait of a named real person, 16:9. Compose one strong documentary still that can hold 5-8 seconds with a subtle push-in. SUBJECT: conceptual human-information interaction shown as restrained field lines, explicitly a model not proof. NARRATION BEAT TO MATCH: Sammelfeld für ungewöhnliche mentale Funktionen und Wechselwirkungen: Telepathie, Hellsehen, Fernwahrnehmung, Psychokinese. Keep the image semantically aligned to this exact beat; do not introduce claims not present in the narration. Avoid: occult cliché, tarot props, glowing chakras, neon sci-fi, cyberpunk, horror monster imagery, conspiracy corkboard, readable fake documents, modern consumer electronics unless requested, deformed hands, extra fingers, text artifacts.",P01,16:9,YES,GENERATE
IMG13,EP03,3,MAIN,EP03_V_026,"Cinematic investigative documentary reconstruction, late-20th-century research atmosphere, deep blue-black and graphite shadows, warm practical tungsten lamps, restrained cyan technical accents, tactile paper, brushed metal and glass, realistic optics, subtle film grain, sober mysterious mood, no fantasy magic, no supernatural glow, no text, no logos, no watermark, no synthetic portrait of a named real person, 16:9. Compose one strong documentary still that can hold 5-8 seconds with a subtle push-in. SUBJECT: instrumentation emphasis graphic: human subject + sensors + measurement apparatus. NARRATION BEAT TO MATCH: der Begriff Psychoenergetik auf — informationsbezogene und energetische Prozesse, die mit paranormaler. Keep the image semantically aligned to this exact beat; do not introduce claims not present in the narration. Avoid: occult cliché, tarot props, glowing chakras, neon sci-fi, cyberpunk, horror monster imagery, conspiracy corkboard, readable fake documents, modern consumer electronics unless requested, deformed hands, extra fingers, text artifacts.",P01,16:9,YES,GENERATE
IMG14,EP03,3,MAIN,EP03_V_027,"Cinematic investigative documentary reconstruction, late-20th-century research atmosphere, deep blue-black and graphite shadows, warm practical tungsten lamps, restrained cyan technical accents, tactile paper, brushed metal and glass, realistic optics, subtle film grain, sober mysterious mood, no fantasy magic, no supernatural glow, no text, no logos, no watermark, no synthetic portrait of a named real person, 16:9. Compose one strong documentary still that can hold 5-8 seconds with a subtle push-in. SUBJECT: hierarchy diagram PARAPHYSICS -> PSYCHOENERGETICS -> BIOINFORMATION/BIOENERGETICS -> PSYCHOTRONICS instrumentation emphasis. NARRATION BEAT TO MATCH: mentaler Funktion verbunden sein sollten. „Bioinformation“ bezeichnete dabei etwa telepathische Prozesse.. Keep the image semantically aligned to this exact beat; do not introduce claims not present in the narration. Avoid: occult cliché, tarot props, glowing chakras, neon sci-fi, cyberpunk, horror monster imagery, conspiracy corkboard, readable fake documents, modern consumer electronics unless requested, deformed hands, extra fingers, text artifacts.",P01,16:9,YES,GENERATE
IMG15,EP03,3,MAIN,EP03_V_028,"Cinematic investigative documentary reconstruction, late-20th-century research atmosphere, deep blue-black and graphite shadows, warm practical tungsten lamps, restrained cyan technical accents, tactile paper, brushed metal and glass, realistic optics, subtle film grain, sober mysterious mood, no fantasy magic, no supernatural glow, no text, no logos, no watermark, no synthetic portrait of a named real person, 16:9. Compose one strong documentary still that can hold 5-8 seconds with a subtle push-in. SUBJECT: anonymous Eastern European research lab reconstruction with analog sensors, shielded cables and paper charts, no fantasy devices. NARRATION BEAT TO MATCH: „Bioenergetik“ eher psychokinetische Wirkungen. Und Psychotronik? Der Bericht sagt, der Begriff sei. Keep the image semantically aligned to this exact beat; do not introduce claims not present in the narration. Avoid: occult cliché, tarot props, glowing chakras, neon sci-fi, cyberpunk, horror monster imagery, conspiracy corkboard, readable fake documents, modern consumer electronics unless requested, deformed hands, extra fingers, text artifacts.",P01,16:9,YES,GENERATE
IMG16,EP03,3,MAIN,EP03_V_029,"Cinematic investigative documentary reconstruction, late-20th-century research atmosphere, deep blue-black and graphite shadows, warm practical tungsten lamps, restrained cyan technical accents, tactile paper, brushed metal and glass, realistic optics, subtle film grain, sober mysterious mood, no fantasy magic, no supernatural glow, no text, no logos, no watermark, no synthetic portrait of a named real person, 16:9. Compose one strong documentary still that can hold 5-8 seconds with a subtle push-in. SUBJECT: conceptual human-information interaction shown as restrained field lines, explicitly a model not proof. NARRATION BEAT TO MATCH: ähnlich wie Psychoenergetik, betone aber stärker den instrumentellen, technischen Aspekt. Genau. Keep the image semantically aligned to this exact beat; do not introduce claims not present in the narration. Avoid: occult cliché, tarot props, glowing chakras, neon sci-fi, cyberpunk, horror monster imagery, conspiracy corkboard, readable fake documents, modern consumer electronics unless requested, deformed hands, extra fingers, text artifacts.",P01,16:9,YES,GENERATE
IMG17,EP03,3,MAIN,EP03_V_031,"Cinematic investigative documentary reconstruction, late-20th-century research atmosphere, deep blue-black and graphite shadows, warm practical tungsten lamps, restrained cyan technical accents, tactile paper, brushed metal and glass, realistic optics, subtle film grain, sober mysterious mood, no fantasy magic, no supernatural glow, no text, no logos, no watermark, no synthetic portrait of a named real person, 16:9. Compose one strong documentary still that can hold 5-8 seconds with a subtle push-in. SUBJECT: instrumentation emphasis graphic: human subject + sensors + measurement apparatus. NARRATION BEAT TO MATCH: ein Mensch mit einer ungewöhnlichen Fähigkeit. Sondern die Vorstellung, dass man diese. Keep the image semantically aligned to this exact beat; do not introduce claims not present in the narration. Avoid: occult cliché, tarot props, glowing chakras, neon sci-fi, cyberpunk, horror monster imagery, conspiracy corkboard, readable fake documents, modern consumer electronics unless requested, deformed hands, extra fingers, text artifacts.",P01,16:9,YES,GENERATE
IMG18,EP03,3,MAIN,EP03_V_032,"Cinematic investigative documentary reconstruction, late-20th-century research atmosphere, deep blue-black and graphite shadows, warm practical tungsten lamps, restrained cyan technical accents, tactile paper, brushed metal and glass, realistic optics, subtle film grain, sober mysterious mood, no fantasy magic, no supernatural glow, no text, no logos, no watermark, no synthetic portrait of a named real person, 16:9. Compose one strong documentary still that can hold 5-8 seconds with a subtle push-in. SUBJECT: hierarchy diagram PARAPHYSICS -> PSYCHOENERGETICS -> BIOINFORMATION/BIOENERGETICS -> PSYCHOTRONICS instrumentation emphasis. NARRATION BEAT TO MATCH: Fähigkeit messen, verstärken, trainieren — vielleicht irgendwann technisch nutzbar machen könnte.. Keep the image semantically aligned to this exact beat; do not introduce claims not present in the narration. Avoid: occult cliché, tarot props, glowing chakras, neon sci-fi, cyberpunk, horror monster imagery, conspiracy corkboard, readable fake documents, modern consumer electronics unless requested, deformed hands, extra fingers, text artifacts.",P01,16:9,YES,GENERATE
IMG19,EP03,4,MAIN,EP03_V_034,"Cinematic investigative documentary reconstruction, late-20th-century research atmosphere, deep blue-black and graphite shadows, warm practical tungsten lamps, restrained cyan technical accents, tactile paper, brushed metal and glass, realistic optics, subtle film grain, sober mysterious mood, no fantasy magic, no supernatural glow, no text, no logos, no watermark, no synthetic portrait of a named real person, 16:9. Compose one strong documentary still that can hold 5-8 seconds with a subtle push-in. SUBJECT: application chain communication -> information access -> energetic influence, evidence labels attached. NARRATION BEAT TO MATCH: Der Bericht beschreibt sowjetische Telepathieexperimente und hebt besonders Arbeiten einer Gruppe. Keep the image semantically aligned to this exact beat; do not introduce claims not present in the narration. Avoid: occult cliché, tarot props, glowing chakras, neon sci-fi, cyberpunk, horror monster imagery, conspiracy corkboard, readable fake documents, modern consumer electronics unless requested, deformed hands, extra fingers, text artifacts.",P01,16:9,YES,GENERATE
IMG20,EP03,4,MAIN,EP03_V_035,"Cinematic investigative documentary reconstruction, late-20th-century research atmosphere, deep blue-black and graphite shadows, warm practical tungsten lamps, restrained cyan technical accents, tactile paper, brushed metal and glass, realistic optics, subtle film grain, sober mysterious mood, no fantasy magic, no supernatural glow, no text, no logos, no watermark, no synthetic portrait of a named real person, 16:9. Compose one strong documentary still that can hold 5-8 seconds with a subtle push-in. SUBJECT: anonymous military analysts examining target sketches and signal charts, period-authentic 1970s office. NARRATION BEAT TO MATCH: um I. M. Kogan hervor. Die Analysten bewerteten einige dieser Resultate. Keep the image semantically aligned to this exact beat; do not introduce claims not present in the narration. Avoid: occult cliché, tarot props, glowing chakras, neon sci-fi, cyberpunk, horror monster imagery, conspiracy corkboard, readable fake documents, modern consumer electronics unless requested, deformed hands, extra fingers, text artifacts.",P01,16:9,YES,GENERATE
IMG21,EP03,4,MAIN,EP03_V_036,"Cinematic investigative documentary reconstruction, late-20th-century research atmosphere, deep blue-black and graphite shadows, warm practical tungsten lamps, restrained cyan technical accents, tactile paper, brushed metal and glass, realistic optics, subtle film grain, sober mysterious mood, no fantasy magic, no supernatural glow, no text, no logos, no watermark, no synthetic portrait of a named real person, 16:9. Compose one strong documentary still that can hold 5-8 seconds with a subtle push-in. SUBJECT: conceptual remote information access: distant facility and observer connected by dashed inference line, no magical beam. NARRATION BEAT TO MATCH: damals als statistisch auffällig und diskutierten daraus eine mögliche Kommunikationsfunktion. Dann. Keep the image semantically aligned to this exact beat; do not introduce claims not present in the narration. Avoid: occult cliché, tarot props, glowing chakras, neon sci-fi, cyberpunk, horror monster imagery, conspiracy corkboard, readable fake documents, modern consumer electronics unless requested, deformed hands, extra fingers, text artifacts.",P01,16:9,YES,GENERATE
IMG22,EP03,4,MAIN,EP03_V_039,"Cinematic investigative documentary reconstruction, late-20th-century research atmosphere, deep blue-black and graphite shadows, warm practical tungsten lamps, restrained cyan technical accents, tactile paper, brushed metal and glass, realistic optics, subtle film grain, sober mysterious mood, no fantasy magic, no supernatural glow, no text, no logos, no watermark, no synthetic portrait of a named real person, 16:9. Compose one strong documentary still that can hold 5-8 seconds with a subtle push-in. SUBJECT: application chain communication -> information access -> energetic influence, evidence labels attached. NARRATION BEAT TO MATCH: Informationskanäle für nachrichtendienstliche Zwecke. Außerdem fasst er Berichte zusammen, nach denen. Keep the image semantically aligned to this exact beat; do not introduce claims not present in the narration. Avoid: occult cliché, tarot props, glowing chakras, neon sci-fi, cyberpunk, horror monster imagery, conspiracy corkboard, readable fake documents, modern consumer electronics unless requested, deformed hands, extra fingers, text artifacts.",P01,16:9,YES,GENERATE
IMG23,EP03,4,MAIN,EP03_V_040,"Cinematic investigative documentary reconstruction, late-20th-century research atmosphere, deep blue-black and graphite shadows, warm practical tungsten lamps, restrained cyan technical accents, tactile paper, brushed metal and glass, realistic optics, subtle film grain, sober mysterious mood, no fantasy magic, no supernatural glow, no text, no logos, no watermark, no synthetic portrait of a named real person, 16:9. Compose one strong documentary still that can hold 5-8 seconds with a subtle push-in. SUBJECT: anonymous military analysts examining target sketches and signal charts, period-authentic 1970s office. NARRATION BEAT TO MATCH: einzelne Personen ungewöhnliche „energetische“ Effekte erzeugen oder Reaktionen bei anderen Menschen. Keep the image semantically aligned to this exact beat; do not introduce claims not present in the narration. Avoid: occult cliché, tarot props, glowing chakras, neon sci-fi, cyberpunk, horror monster imagery, conspiracy corkboard, readable fake documents, modern consumer electronics unless requested, deformed hands, extra fingers, text artifacts.",P01,16:9,YES,GENERATE
IMG24,EP03,4,MAIN,EP03_V_041,"Cinematic investigative documentary reconstruction, late-20th-century research atmosphere, deep blue-black and graphite shadows, warm practical tungsten lamps, restrained cyan technical accents, tactile paper, brushed metal and glass, realistic optics, subtle film grain, sober mysterious mood, no fantasy magic, no supernatural glow, no text, no logos, no watermark, no synthetic portrait of a named real person, 16:9. Compose one strong documentary still that can hold 5-8 seconds with a subtle push-in. SUBJECT: conceptual remote information access: distant facility and observer connected by dashed inference line, no magical beam. NARRATION BEAT TO MATCH: auslösen könnten. Und hier steht der Satz, der die ganze Folge. Keep the image semantically aligned to this exact beat; do not introduce claims not present in the narration. Avoid: occult cliché, tarot props, glowing chakras, neon sci-fi, cyberpunk, horror monster imagery, conspiracy corkboard, readable fake documents, modern consumer electronics unless requested, deformed hands, extra fingers, text artifacts.",P01,16:9,YES,GENERATE
IMG25,EP03,4,MAIN,EP03_V_044,"Cinematic investigative documentary reconstruction, late-20th-century research atmosphere, deep blue-black and graphite shadows, warm practical tungsten lamps, restrained cyan technical accents, tactile paper, brushed metal and glass, realistic optics, subtle film grain, sober mysterious mood, no fantasy magic, no supernatural glow, no text, no logos, no watermark, no synthetic portrait of a named real person, 16:9. Compose one strong documentary still that can hold 5-8 seconds with a subtle push-in. SUBJECT: application chain communication -> information access -> energetic influence, evidence labels attached. NARRATION BEAT TO MATCH: überhaupt vorhanden, bei Menschen, die nichts davon wissen, unbekannt. Das ist. Keep the image semantically aligned to this exact beat; do not introduce claims not present in the narration. Avoid: occult cliché, tarot props, glowing chakras, neon sci-fi, cyberpunk, horror monster imagery, conspiracy corkboard, readable fake documents, modern consumer electronics unless requested, deformed hands, extra fingers, text artifacts.",P01,16:9,YES,GENERATE
IMG26,EP03,4,MAIN,EP03_V_045,"Cinematic investigative documentary reconstruction, late-20th-century research atmosphere, deep blue-black and graphite shadows, warm practical tungsten lamps, restrained cyan technical accents, tactile paper, brushed metal and glass, realistic optics, subtle film grain, sober mysterious mood, no fantasy magic, no supernatural glow, no text, no logos, no watermark, no synthetic portrait of a named real person, 16:9. Compose one strong documentary still that can hold 5-8 seconds with a subtle push-in. SUBJECT: anonymous military analysts examining target sketches and signal charts, period-authentic 1970s office. NARRATION BEAT TO MATCH: keine Bestätigung einer Gedankenwaffe. Es ist die Dokumentation einer Möglichkeit, die. Keep the image semantically aligned to this exact beat; do not introduce claims not present in the narration. Avoid: occult cliché, tarot props, glowing chakras, neon sci-fi, cyberpunk, horror monster imagery, conspiracy corkboard, readable fake documents, modern consumer electronics unless requested, deformed hands, extra fingers, text artifacts.",P01,16:9,YES,GENERATE
IMG27,EP03,4,MAIN,EP03_V_046,"Cinematic investigative documentary reconstruction, late-20th-century research atmosphere, deep blue-black and graphite shadows, warm practical tungsten lamps, restrained cyan technical accents, tactile paper, brushed metal and glass, realistic optics, subtle film grain, sober mysterious mood, no fantasy magic, no supernatural glow, no text, no logos, no watermark, no synthetic portrait of a named real person, 16:9. Compose one strong documentary still that can hold 5-8 seconds with a subtle push-in. SUBJECT: conceptual remote information access: distant facility and observer connected by dashed inference line, no magical beam. NARRATION BEAT TO MATCH: Analysten ernst genug fanden, um ihr militärisches Potenzial überhaupt zu diskutieren.. Keep the image semantically aligned to this exact beat; do not introduce claims not present in the narration. Avoid: occult cliché, tarot props, glowing chakras, neon sci-fi, cyberpunk, horror monster imagery, conspiracy corkboard, readable fake documents, modern consumer electronics unless requested, deformed hands, extra fingers, text artifacts.",P01,16:9,YES,GENERATE
IMG28,EP03,5,MAIN,EP03_V_047,"Cinematic investigative documentary reconstruction, late-20th-century research atmosphere, deep blue-black and graphite shadows, warm practical tungsten lamps, restrained cyan technical accents, tactile paper, brushed metal and glass, realistic optics, subtle film grain, sober mysterious mood, no fantasy magic, no supernatural glow, no text, no logos, no watermark, no synthetic portrait of a named real person, 16:9. Compose one strong documentary still that can hold 5-8 seconds with a subtle push-in. SUBJECT: split board WHAT REPORT CONSIDERS vs WHAT IT DOES NOT ESTABLISH. NARRATION BEAT TO MATCH: Wenn man wissen will, wo in dieser Geschichte die Idee von. Keep the image semantically aligned to this exact beat; do not introduce claims not present in the narration. Avoid: occult cliché, tarot props, glowing chakras, neon sci-fi, cyberpunk, horror monster imagery, conspiracy corkboard, readable fake documents, modern consumer electronics unless requested, deformed hands, extra fingers, text artifacts.",P01,16:9,YES,GENERATE
IMG29,EP03,5,MAIN,EP03_V_048,"Cinematic investigative documentary reconstruction, late-20th-century research atmosphere, deep blue-black and graphite shadows, warm practical tungsten lamps, restrained cyan technical accents, tactile paper, brushed metal and glass, realistic optics, subtle film grain, sober mysterious mood, no fantasy magic, no supernatural glow, no text, no logos, no watermark, no synthetic portrait of a named real person, 16:9. Compose one strong documentary still that can hold 5-8 seconds with a subtle push-in. SUBJECT: anonymous human silhouette in ordinary room with subtle directional arrows around it, clearly conceptual not a weapon depiction. NARRATION BEAT TO MATCH: Kontrolle herkommt, muss man nicht in Internetforen suchen. Der Bericht selbst beschäftigt. Keep the image semantically aligned to this exact beat; do not introduce claims not present in the narration. Avoid: occult cliché, tarot props, glowing chakras, neon sci-fi, cyberpunk, horror monster imagery, conspiracy corkboard, readable fake documents, modern consumer electronics unless requested, deformed hands, extra fingers, text artifacts.",P01,16:9,YES,GENERATE
IMG30,EP03,5,MAIN,EP03_V_050,"Cinematic investigative documentary reconstruction, late-20th-century research atmosphere, deep blue-black and graphite shadows, warm practical tungsten lamps, restrained cyan technical accents, tactile paper, brushed metal and glass, realistic optics, subtle film grain, sober mysterious mood, no fantasy magic, no supernatural glow, no text, no logos, no watermark, no synthetic portrait of a named real person, 16:9. Compose one strong documentary still that can hold 5-8 seconds with a subtle push-in. SUBJECT: conceptual behavioral influence represented by choices branching around a person, no mind-control rays. NARRATION BEAT TO MATCH: Frage, ob Informationen aus Menschen oder geschützten Orten ohne normale Sinneskanäle zugänglich. Keep the image semantically aligned to this exact beat; do not introduce claims not present in the narration. Avoid: occult cliché, tarot props, glowing chakras, neon sci-fi, cyberpunk, horror monster imagery, conspiracy corkboard, readable fake documents, modern consumer electronics unless requested, deformed hands, extra fingers, text artifacts.",P01,16:9,YES,GENERATE
IMG31,EP03,5,MAIN,EP03_V_051,"Cinematic investigative documentary reconstruction, late-20th-century research atmosphere, deep blue-black and graphite shadows, warm practical tungsten lamps, restrained cyan technical accents, tactile paper, brushed metal and glass, realistic optics, subtle film grain, sober mysterious mood, no fantasy magic, no supernatural glow, no text, no logos, no watermark, no synthetic portrait of a named real person, 16:9. Compose one strong documentary still that can hold 5-8 seconds with a subtle push-in. SUBJECT: evidence boundary graphic: strategic interest solid, reliable remote control dotted and unresolved. NARRATION BEAT TO MATCH: sein könnten. Später wird er noch konkreter: Die Daten seien zu. Keep the image semantically aligned to this exact beat; do not introduce claims not present in the narration. Avoid: occult cliché, tarot props, glowing chakras, neon sci-fi, cyberpunk, horror monster imagery, conspiracy corkboard, readable fake documents, modern consumer electronics unless requested, deformed hands, extra fingers, text artifacts.",P01,16:9,YES,GENERATE
IMG32,EP03,5,MAIN,EP03_V_052,"Cinematic investigative documentary reconstruction, late-20th-century research atmosphere, deep blue-black and graphite shadows, warm practical tungsten lamps, restrained cyan technical accents, tactile paper, brushed metal and glass, realistic optics, subtle film grain, sober mysterious mood, no fantasy magic, no supernatural glow, no text, no logos, no watermark, no synthetic portrait of a named real person, 16:9. Compose one strong documentary still that can hold 5-8 seconds with a subtle push-in. SUBJECT: split board WHAT REPORT CONSIDERS vs WHAT IT DOES NOT ESTABLISH. NARRATION BEAT TO MATCH: begrenzt für eine feste Bewertung. Es sei unklar, ob beabsichtigte Befehle. Keep the image semantically aligned to this exact beat; do not introduce claims not present in the narration. Avoid: occult cliché, tarot props, glowing chakras, neon sci-fi, cyberpunk, horror monster imagery, conspiracy corkboard, readable fake documents, modern consumer electronics unless requested, deformed hands, extra fingers, text artifacts.",P01,16:9,YES,GENERATE
IMG33,EP03,5,MAIN,EP03_V_053,"Cinematic investigative documentary reconstruction, late-20th-century research atmosphere, deep blue-black and graphite shadows, warm practical tungsten lamps, restrained cyan technical accents, tactile paper, brushed metal and glass, realistic optics, subtle film grain, sober mysterious mood, no fantasy magic, no supernatural glow, no text, no logos, no watermark, no synthetic portrait of a named real person, 16:9. Compose one strong documentary still that can hold 5-8 seconds with a subtle push-in. SUBJECT: anonymous human silhouette in ordinary room with subtle directional arrows around it, clearly conceptual not a weapon depiction. NARRATION BEAT TO MATCH: bei unwissenden oder unbekannten Personen ausgelöst werden könnten. Für bedrohliche oder schädliche. Keep the image semantically aligned to this exact beat; do not introduce claims not present in the narration. Avoid: occult cliché, tarot props, glowing chakras, neon sci-fi, cyberpunk, horror monster imagery, conspiracy corkboard, readable fake documents, modern consumer electronics unless requested, deformed hands, extra fingers, text artifacts.",P01,16:9,YES,GENERATE
IMG34,EP03,5,MAIN,EP03_V_055,"Cinematic investigative documentary reconstruction, late-20th-century research atmosphere, deep blue-black and graphite shadows, warm practical tungsten lamps, restrained cyan technical accents, tactile paper, brushed metal and glass, realistic optics, subtle film grain, sober mysterious mood, no fantasy magic, no supernatural glow, no text, no logos, no watermark, no synthetic portrait of a named real person, 16:9. Compose one strong documentary still that can hold 5-8 seconds with a subtle push-in. SUBJECT: conceptual behavioral influence represented by choices branching around a person, no mind-control rays. NARRATION BEAT TO MATCH: Das ist wichtig. Denn dieselbe Akte liefert uns beide Hälften der. Keep the image semantically aligned to this exact beat; do not introduce claims not present in the narration. Avoid: occult cliché, tarot props, glowing chakras, neon sci-fi, cyberpunk, horror monster imagery, conspiracy corkboard, readable fake documents, modern consumer electronics unless requested, deformed hands, extra fingers, text artifacts.",P01,16:9,YES,GENERATE
IMG35,EP03,5,MAIN,EP03_V_056,"Cinematic investigative documentary reconstruction, late-20th-century research atmosphere, deep blue-black and graphite shadows, warm practical tungsten lamps, restrained cyan technical accents, tactile paper, brushed metal and glass, realistic optics, subtle film grain, sober mysterious mood, no fantasy magic, no supernatural glow, no text, no logos, no watermark, no synthetic portrait of a named real person, 16:9. Compose one strong documentary still that can hold 5-8 seconds with a subtle push-in. SUBJECT: evidence boundary graphic: strategic interest solid, reliable remote control dotted and unresolved. NARRATION BEAT TO MATCH: Geschichte. Sie zeigt, dass amerikanische Analysten die Möglichkeit von Einfluss und Informationszugriff. Keep the image semantically aligned to this exact beat; do not introduce claims not present in the narration. Avoid: occult cliché, tarot props, glowing chakras, neon sci-fi, cyberpunk, horror monster imagery, conspiracy corkboard, readable fake documents, modern consumer electronics unless requested, deformed hands, extra fingers, text artifacts.",P01,16:9,YES,GENERATE
IMG36,EP03,5,MAIN,EP03_V_057,"Cinematic investigative documentary reconstruction, late-20th-century research atmosphere, deep blue-black and graphite shadows, warm practical tungsten lamps, restrained cyan technical accents, tactile paper, brushed metal and glass, realistic optics, subtle film grain, sober mysterious mood, no fantasy magic, no supernatural glow, no text, no logos, no watermark, no synthetic portrait of a named real person, 16:9. Compose one strong documentary still that can hold 5-8 seconds with a subtle push-in. SUBJECT: split board WHAT REPORT CONSIDERS vs WHAT IT DOES NOT ESTABLISH. NARRATION BEAT TO MATCH: strategisch betrachteten. Und sie sagt zugleich: Für die starke Version —. Keep the image semantically aligned to this exact beat; do not introduce claims not present in the narration. Avoid: occult cliché, tarot props, glowing chakras, neon sci-fi, cyberpunk, horror monster imagery, conspiracy corkboard, readable fake documents, modern consumer electronics unless requested, deformed hands, extra fingers, text artifacts.",P01,16:9,YES,GENERATE
IMG37,EP03,5,MAIN,EP03_V_058,"Cinematic investigative documentary reconstruction, late-20th-century research atmosphere, deep blue-black and graphite shadows, warm practical tungsten lamps, restrained cyan technical accents, tactile paper, brushed metal and glass, realistic optics, subtle film grain, sober mysterious mood, no fantasy magic, no supernatural glow, no text, no logos, no watermark, no synthetic portrait of a named real person, 16:9. Compose one strong documentary still that can hold 5-8 seconds with a subtle push-in. SUBJECT: anonymous human silhouette in ordinary room with subtle directional arrows around it, clearly conceptual not a weapon depiction. NARRATION BEAT TO MATCH: zuverlässige Fernkontrolle eines unwissenden Menschen — gibt es hier keinen belastbaren Nachweis.. Keep the image semantically aligned to this exact beat; do not introduce claims not present in the narration. Avoid: occult cliché, tarot props, glowing chakras, neon sci-fi, cyberpunk, horror monster imagery, conspiracy corkboard, readable fake documents, modern consumer electronics unless requested, deformed hands, extra fingers, text artifacts.",P01,16:9,YES,GENERATE
IMG38,EP03,6,MAIN,EP03_V_060,"Cinematic investigative documentary reconstruction, late-20th-century research atmosphere, deep blue-black and graphite shadows, warm practical tungsten lamps, restrained cyan technical accents, tactile paper, brushed metal and glass, realistic optics, subtle film grain, sober mysterious mood, no fantasy magic, no supernatural glow, no text, no logos, no watermark, no synthetic portrait of a named real person, 16:9. Compose one strong documentary still that can hold 5-8 seconds with a subtle push-in. SUBJECT: Cold War feedback loop: report on opponent research -> possible advantage -> own analysis -> opponent notices -> new report. NARRATION BEAT TO MATCH: Ab hier entsteht eine zweite Ebene, die größer ist als einzelne Experimente.. Keep the image semantically aligned to this exact beat; do not introduce claims not present in the narration. Avoid: occult cliché, tarot props, glowing chakras, neon sci-fi, cyberpunk, horror monster imagery, conspiracy corkboard, readable fake documents, modern consumer electronics unless requested, deformed hands, extra fingers, text artifacts.",P01,16:9,YES,GENERATE
IMG39,EP03,6,MAIN,EP03_V_061,"Cinematic investigative documentary reconstruction, late-20th-century research atmosphere, deep blue-black and graphite shadows, warm practical tungsten lamps, restrained cyan technical accents, tactile paper, brushed metal and glass, realistic optics, subtle film grain, sober mysterious mood, no fantasy magic, no supernatural glow, no text, no logos, no watermark, no synthetic portrait of a named real person, 16:9. Compose one strong documentary still that can hold 5-8 seconds with a subtle push-in. SUBJECT: two anonymous analyst teams on opposite sides of an abstract map studying translated papers, no national caricatures. NARRATION BEAT TO MATCH: Der Bericht erwähnt ausdrücklich sowjetisches beziehungsweise Warschauer-Pakt-Interesse an amerikanischen Remote-Viewing-Versuchen. Gleichzeitig saßen. Keep the image semantically aligned to this exact beat; do not introduce claims not present in the narration. Avoid: occult cliché, tarot props, glowing chakras, neon sci-fi, cyberpunk, horror monster imagery, conspiracy corkboard, readable fake documents, modern consumer electronics unless requested, deformed hands, extra fingers, text artifacts.",P01,16:9,YES,GENERATE
IMG40,EP03,6,MAIN,EP03_V_062,"Cinematic investigative documentary reconstruction, late-20th-century research atmosphere, deep blue-black and graphite shadows, warm practical tungsten lamps, restrained cyan technical accents, tactile paper, brushed metal and glass, realistic optics, subtle film grain, sober mysterious mood, no fantasy magic, no supernatural glow, no text, no logos, no watermark, no synthetic portrait of a named real person, 16:9. Compose one strong documentary still that can hold 5-8 seconds with a subtle push-in. SUBJECT: minimal US-USSR/Warsaw Pact map with reciprocal information arrows labeled inference. NARRATION BEAT TO MATCH: amerikanische Analysten da und versuchten, aus sowjetischen Veröffentlichungen, Berichten und Quellen abzuschätzen,. Keep the image semantically aligned to this exact beat; do not introduce claims not present in the narration. Avoid: occult cliché, tarot props, glowing chakras, neon sci-fi, cyberpunk, horror monster imagery, conspiracy corkboard, readable fake documents, modern consumer electronics unless requested, deformed hands, extra fingers, text artifacts.",P01,16:9,YES,GENERATE
IMG41,EP03,6,MAIN,EP03_V_063,"Cinematic investigative documentary reconstruction, late-20th-century research atmosphere, deep blue-black and graphite shadows, warm practical tungsten lamps, restrained cyan technical accents, tactile paper, brushed metal and glass, realistic optics, subtle film grain, sober mysterious mood, no fantasy magic, no supernatural glow, no text, no logos, no watermark, no synthetic portrait of a named real person, 16:9. Compose one strong documentary still that can hold 5-8 seconds with a subtle push-in. SUBJECT: threat-uncertainty loop diagram showing uncertainty alone can motivate investigation. NARRATION BEAT TO MATCH: wie weit die andere Seite war. Das legt eine strategische Schleife nahe.. Keep the image semantically aligned to this exact beat; do not introduce claims not present in the narration. Avoid: occult cliché, tarot props, glowing chakras, neon sci-fi, cyberpunk, horror monster imagery, conspiracy corkboard, readable fake documents, modern consumer electronics unless requested, deformed hands, extra fingers, text artifacts.",P01,16:9,YES,GENERATE
IMG42,EP03,6,MAIN,EP03_V_064,"Cinematic investigative documentary reconstruction, late-20th-century research atmosphere, deep blue-black and graphite shadows, warm practical tungsten lamps, restrained cyan technical accents, tactile paper, brushed metal and glass, realistic optics, subtle film grain, sober mysterious mood, no fantasy magic, no supernatural glow, no text, no logos, no watermark, no synthetic portrait of a named real person, 16:9. Compose one strong documentary still that can hold 5-8 seconds with a subtle push-in. SUBJECT: close-up of typewritten intelligence notes, maps and scientific journals on desk, no readable fake claims. NARRATION BEAT TO MATCH: Wenn Seite A glaubt, Seite B könnte eine ungewöhnliche Fähigkeit militärisch nutzbar. Keep the image semantically aligned to this exact beat; do not introduce claims not present in the narration. Avoid: occult cliché, tarot props, glowing chakras, neon sci-fi, cyberpunk, horror monster imagery, conspiracy corkboard, readable fake documents, modern consumer electronics unless requested, deformed hands, extra fingers, text artifacts.",P01,16:9,YES,GENERATE
IMG43,EP03,6,MAIN,EP03_V_065,"Cinematic investigative documentary reconstruction, late-20th-century research atmosphere, deep blue-black and graphite shadows, warm practical tungsten lamps, restrained cyan technical accents, tactile paper, brushed metal and glass, realistic optics, subtle film grain, sober mysterious mood, no fantasy magic, no supernatural glow, no text, no logos, no watermark, no synthetic portrait of a named real person, 16:9. Compose one strong documentary still that can hold 5-8 seconds with a subtle push-in. SUBJECT: Cold War feedback loop: report on opponent research -> possible advantage -> own analysis -> opponent notices -> new report. NARRATION BEAT TO MATCH: machen, wird schon die Unsicherheit zu einem Grund, selbst genauer hinzusehen. Die. Keep the image semantically aligned to this exact beat; do not introduce claims not present in the narration. Avoid: occult cliché, tarot props, glowing chakras, neon sci-fi, cyberpunk, horror monster imagery, conspiracy corkboard, readable fake documents, modern consumer electronics unless requested, deformed hands, extra fingers, text artifacts.",P01,16:9,YES,GENERATE
IMG44,EP03,6,MAIN,EP03_V_066,"Cinematic investigative documentary reconstruction, late-20th-century research atmosphere, deep blue-black and graphite shadows, warm practical tungsten lamps, restrained cyan technical accents, tactile paper, brushed metal and glass, realistic optics, subtle film grain, sober mysterious mood, no fantasy magic, no supernatural glow, no text, no logos, no watermark, no synthetic portrait of a named real person, 16:9. Compose one strong documentary still that can hold 5-8 seconds with a subtle push-in. SUBJECT: two anonymous analyst teams on opposite sides of an abstract map studying translated papers, no national caricatures. NARRATION BEAT TO MATCH: eigene Forschung oder Analyse wird wiederum für die andere Seite interessant. Dafür muss. Keep the image semantically aligned to this exact beat; do not introduce claims not present in the narration. Avoid: occult cliché, tarot props, glowing chakras, neon sci-fi, cyberpunk, horror monster imagery, conspiracy corkboard, readable fake documents, modern consumer electronics unless requested, deformed hands, extra fingers, text artifacts.",P01,16:9,YES,GENERATE
IMG45,EP03,6,MAIN,EP03_V_067,"Cinematic investigative documentary reconstruction, late-20th-century research atmosphere, deep blue-black and graphite shadows, warm practical tungsten lamps, restrained cyan technical accents, tactile paper, brushed metal and glass, realistic optics, subtle film grain, sober mysterious mood, no fantasy magic, no supernatural glow, no text, no logos, no watermark, no synthetic portrait of a named real person, 16:9. Compose one strong documentary still that can hold 5-8 seconds with a subtle push-in. SUBJECT: minimal US-USSR/Warsaw Pact map with reciprocal information arrows labeled inference. NARRATION BEAT TO MATCH: die ursprüngliche Fähigkeit noch gar nicht bewiesen sein. Im klassischen Wettrüsten ist. Keep the image semantically aligned to this exact beat; do not introduce claims not present in the narration. Avoid: occult cliché, tarot props, glowing chakras, neon sci-fi, cyberpunk, horror monster imagery, conspiracy corkboard, readable fake documents, modern consumer electronics unless requested, deformed hands, extra fingers, text artifacts.",P01,16:9,YES,GENERATE
IMG46,EP03,6,MAIN,EP03_V_068,"Cinematic investigative documentary reconstruction, late-20th-century research atmosphere, deep blue-black and graphite shadows, warm practical tungsten lamps, restrained cyan technical accents, tactile paper, brushed metal and glass, realistic optics, subtle film grain, sober mysterious mood, no fantasy magic, no supernatural glow, no text, no logos, no watermark, no synthetic portrait of a named real person, 16:9. Compose one strong documentary still that can hold 5-8 seconds with a subtle push-in. SUBJECT: threat-uncertainty loop diagram showing uncertainty alone can motivate investigation. NARRATION BEAT TO MATCH: die Frage: Wer hat die bessere Rakete? Bei Psychotronik konnte die vorgelagerte. Keep the image semantically aligned to this exact beat; do not introduce claims not present in the narration. Avoid: occult cliché, tarot props, glowing chakras, neon sci-fi, cyberpunk, horror monster imagery, conspiracy corkboard, readable fake documents, modern consumer electronics unless requested, deformed hands, extra fingers, text artifacts.",P01,16:9,YES,GENERATE
IMG47,EP03,6,MAIN,EP03_V_069,"Cinematic investigative documentary reconstruction, late-20th-century research atmosphere, deep blue-black and graphite shadows, warm practical tungsten lamps, restrained cyan technical accents, tactile paper, brushed metal and glass, realistic optics, subtle film grain, sober mysterious mood, no fantasy magic, no supernatural glow, no text, no logos, no watermark, no synthetic portrait of a named real person, 16:9. Compose one strong documentary still that can hold 5-8 seconds with a subtle push-in. SUBJECT: close-up of typewritten intelligence notes, maps and scientific journals on desk, no readable fake claims. NARRATION BEAT TO MATCH: Frage lauten: Gibt es die Waffe überhaupt — und können wir es. Keep the image semantically aligned to this exact beat; do not introduce claims not present in the narration. Avoid: occult cliché, tarot props, glowing chakras, neon sci-fi, cyberpunk, horror monster imagery, conspiracy corkboard, readable fake documents, modern consumer electronics unless requested, deformed hands, extra fingers, text artifacts.",P01,16:9,YES,GENERATE
IMG48,EP03,6,MAIN,EP03_V_070,"Cinematic investigative documentary reconstruction, late-20th-century research atmosphere, deep blue-black and graphite shadows, warm practical tungsten lamps, restrained cyan technical accents, tactile paper, brushed metal and glass, realistic optics, subtle film grain, sober mysterious mood, no fantasy magic, no supernatural glow, no text, no logos, no watermark, no synthetic portrait of a named real person, 16:9. Compose one strong documentary still that can hold 5-8 seconds with a subtle push-in. SUBJECT: Cold War feedback loop: report on opponent research -> possible advantage -> own analysis -> opponent notices -> new report. NARRATION BEAT TO MATCH: uns leisten, als Letzte herauszufinden, dass sie existiert? Diese Schleife ist eine. Keep the image semantically aligned to this exact beat; do not introduce claims not present in the narration. Avoid: occult cliché, tarot props, glowing chakras, neon sci-fi, cyberpunk, horror monster imagery, conspiracy corkboard, readable fake documents, modern consumer electronics unless requested, deformed hands, extra fingers, text artifacts.",P01,16:9,YES,GENERATE
IMG49,EP03,6,MAIN,EP03_V_071,"Cinematic investigative documentary reconstruction, late-20th-century research atmosphere, deep blue-black and graphite shadows, warm practical tungsten lamps, restrained cyan technical accents, tactile paper, brushed metal and glass, realistic optics, subtle film grain, sober mysterious mood, no fantasy magic, no supernatural glow, no text, no logos, no watermark, no synthetic portrait of a named real person, 16:9. Compose one strong documentary still that can hold 5-8 seconds with a subtle push-in. SUBJECT: two anonymous analyst teams on opposite sides of an abstract map studying translated papers, no national caricatures. NARRATION BEAT TO MATCH: Interpretation der dokumentierten gegenseitigen Aufmerksamkeit, keine Aktenaussage über einen fertigen psychotronischen Rüstungswettlauf.. Keep the image semantically aligned to this exact beat; do not introduce claims not present in the narration. Avoid: occult cliché, tarot props, glowing chakras, neon sci-fi, cyberpunk, horror monster imagery, conspiracy corkboard, readable fake documents, modern consumer electronics unless requested, deformed hands, extra fingers, text artifacts.",P01,16:9,YES,GENERATE
IMG50,EP03,7,MAIN,EP03_V_074,"Cinematic investigative documentary reconstruction, late-20th-century research atmosphere, deep blue-black and graphite shadows, warm practical tungsten lamps, restrained cyan technical accents, tactile paper, brushed metal and glass, realistic optics, subtle film grain, sober mysterious mood, no fantasy magic, no supernatural glow, no text, no logos, no watermark, no synthetic portrait of a named real person, 16:9. Compose one strong documentary still that can hold 5-8 seconds with a subtle push-in. SUBJECT: source-chain diagram: journals -> popular press -> translations -> interviews -> intelligence assessment, gaps visible. NARRATION BEAT TO MATCH: seine eigene Datenbasis auseinander. In Appendix III: Methodological and Data. Keep the image semantically aligned to this exact beat; do not introduce claims not present in the narration. Avoid: occult cliché, tarot props, glowing chakras, neon sci-fi, cyberpunk, horror monster imagery, conspiracy corkboard, readable fake documents, modern consumer electronics unless requested, deformed hands, extra fingers, text artifacts.",P01,16:9,YES,GENERATE
IMG51,EP03,7,MAIN,EP03_V_075,"Cinematic investigative documentary reconstruction, late-20th-century research atmosphere, deep blue-black and graphite shadows, warm practical tungsten lamps, restrained cyan technical accents, tactile paper, brushed metal and glass, realistic optics, subtle film grain, sober mysterious mood, no fantasy magic, no supernatural glow, no text, no logos, no watermark, no synthetic portrait of a named real person, 16:9. Compose one strong documentary still that can hold 5-8 seconds with a subtle push-in. SUBJECT: anonymous analyst surrounded by conflicting open-source clippings and translated reports, sober documentary style. NARRATION BEAT TO MATCH: Considerations schreiben die Analysten, dass bei diesem Thema andere informierte Bewertungen. Keep the image semantically aligned to this exact beat; do not introduce claims not present in the narration. Avoid: occult cliché, tarot props, glowing chakras, neon sci-fi, cyberpunk, horror monster imagery, conspiracy corkboard, readable fake documents, modern consumer electronics unless requested, deformed hands, extra fingers, text artifacts.",P01,16:9,YES,GENERATE
IMG52,EP03,7,MAIN,EP03_V_079,"Cinematic investigative documentary reconstruction, late-20th-century research atmosphere, deep blue-black and graphite shadows, warm practical tungsten lamps, restrained cyan technical accents, tactile paper, brushed metal and glass, realistic optics, subtle film grain, sober mysterious mood, no fantasy magic, no supernatural glow, no text, no logos, no watermark, no synthetic portrait of a named real person, 16:9. Compose one strong documentary still that can hold 5-8 seconds with a subtle push-in. SUBJECT: source-chain diagram: journals -> popular press -> translations -> interviews -> intelligence assessment, gaps visible. NARRATION BEAT TO MATCH: aus unklassifizierten, offenen Quellen. Fachartikel. Populärpresse. Berichte. Übersetzungen. Namen und. Keep the image semantically aligned to this exact beat; do not introduce claims not present in the narration. Avoid: occult cliché, tarot props, glowing chakras, neon sci-fi, cyberpunk, horror monster imagery, conspiracy corkboard, readable fake documents, modern consumer electronics unless requested, deformed hands, extra fingers, text artifacts.",P01,16:9,YES,GENERATE
IMG53,EP03,7,MAIN,EP03_V_080,"Cinematic investigative documentary reconstruction, late-20th-century research atmosphere, deep blue-black and graphite shadows, warm practical tungsten lamps, restrained cyan technical accents, tactile paper, brushed metal and glass, realistic optics, subtle film grain, sober mysterious mood, no fantasy magic, no supernatural glow, no text, no logos, no watermark, no synthetic portrait of a named real person, 16:9. Compose one strong documentary still that can hold 5-8 seconds with a subtle push-in. SUBJECT: anonymous analyst surrounded by conflicting open-source clippings and translated reports, sober documentary style. NARRATION BEAT TO MATCH: institutionelle Verbindungen, die mühsam zusammengesucht wurden. Die Analysten warnen selbst. Keep the image semantically aligned to this exact beat; do not introduce claims not present in the narration. Avoid: occult cliché, tarot props, glowing chakras, neon sci-fi, cyberpunk, horror monster imagery, conspiracy corkboard, readable fake documents, modern consumer electronics unless requested, deformed hands, extra fingers, text artifacts.",P01,16:9,YES,GENERATE
IMG54,EP03,7,MAIN,EP03_V_084,"Cinematic investigative documentary reconstruction, late-20th-century research atmosphere, deep blue-black and graphite shadows, warm practical tungsten lamps, restrained cyan technical accents, tactile paper, brushed metal and glass, realistic optics, subtle film grain, sober mysterious mood, no fantasy magic, no supernatural glow, no text, no logos, no watermark, no synthetic portrait of a named real person, 16:9. Compose one strong documentary still that can hold 5-8 seconds with a subtle push-in. SUBJECT: source-chain diagram: journals -> popular press -> translations -> interviews -> intelligence assessment, gaps visible. NARRATION BEAT TO MATCH: leiden. Plötzlich ist das Rätsel nicht mehr nur: Was konnten. Keep the image semantically aligned to this exact beat; do not introduce claims not present in the narration. Avoid: occult cliché, tarot props, glowing chakras, neon sci-fi, cyberpunk, horror monster imagery, conspiracy corkboard, readable fake documents, modern consumer electronics unless requested, deformed hands, extra fingers, text artifacts.",P01,16:9,YES,GENERATE
IMG55,EP03,7,MAIN,EP03_V_085,"Cinematic investigative documentary reconstruction, late-20th-century research atmosphere, deep blue-black and graphite shadows, warm practical tungsten lamps, restrained cyan technical accents, tactile paper, brushed metal and glass, realistic optics, subtle film grain, sober mysterious mood, no fantasy magic, no supernatural glow, no text, no logos, no watermark, no synthetic portrait of a named real person, 16:9. Compose one strong documentary still that can hold 5-8 seconds with a subtle push-in. SUBJECT: anonymous analyst surrounded by conflicting open-source clippings and translated reports, sober documentary style. NARRATION BEAT TO MATCH: die Sowjets? Sondern: Wie entscheidet ein Geheimdienst, was er glauben. Keep the image semantically aligned to this exact beat; do not introduce claims not present in the narration. Avoid: occult cliché, tarot props, glowing chakras, neon sci-fi, cyberpunk, horror monster imagery, conspiracy corkboard, readable fake documents, modern consumer electronics unless requested, deformed hands, extra fingers, text artifacts.",P01,16:9,YES,GENERATE
IMG56,EP03,8,MAIN,EP03_V_087,"Cinematic investigative documentary reconstruction, late-20th-century research atmosphere, deep blue-black and graphite shadows, warm practical tungsten lamps, restrained cyan technical accents, tactile paper, brushed metal and glass, realistic optics, subtle film grain, sober mysterious mood, no fantasy magic, no supernatural glow, no text, no logos, no watermark, no synthetic portrait of a named real person, 16:9. Compose one strong documentary still that can hold 5-8 seconds with a subtle push-in. SUBJECT: timeline Interview 1 -> Interview 2 -> TV interview with three contradictory claim cards. NARRATION BEAT TO MATCH: Der Bericht gibt dafür selbst ein Beispiel. Eine wichtige Quelle erzählte von. Keep the image semantically aligned to this exact beat; do not introduce claims not present in the narration. Avoid: occult cliché, tarot props, glowing chakras, neon sci-fi, cyberpunk, horror monster imagery, conspiracy corkboard, readable fake documents, modern consumer electronics unless requested, deformed hands, extra fingers, text artifacts.",P01,16:9,YES,GENERATE
IMG57,EP03,8,MAIN,EP03_V_088,"Cinematic investigative documentary reconstruction, late-20th-century research atmosphere, deep blue-black and graphite shadows, warm practical tungsten lamps, restrained cyan technical accents, tactile paper, brushed metal and glass, realistic optics, subtle film grain, sober mysterious mood, no fantasy magic, no supernatural glow, no text, no logos, no watermark, no synthetic portrait of a named real person, 16:9. Compose one strong documentary still that can hold 5-8 seconds with a subtle push-in. SUBJECT: anonymous source interview room, recorder and notes, face obscured, 1970s plausible. NARRATION BEAT TO MATCH: einer angeblichen großen Forschungseinheit am Institute of Automation and Electrometry in. Keep the image semantically aligned to this exact beat; do not introduce claims not present in the narration. Avoid: occult cliché, tarot props, glowing chakras, neon sci-fi, cyberpunk, horror monster imagery, conspiracy corkboard, readable fake documents, modern consumer electronics unless requested, deformed hands, extra fingers, text artifacts.",P01,16:9,YES,GENERATE
IMG58,EP03,8,MAIN,EP03_V_090,"Cinematic investigative documentary reconstruction, late-20th-century research atmosphere, deep blue-black and graphite shadows, warm practical tungsten lamps, restrained cyan technical accents, tactile paper, brushed metal and glass, realistic optics, subtle film grain, sober mysterious mood, no fantasy magic, no supernatural glow, no text, no logos, no watermark, no synthetic portrait of a named real person, 16:9. Compose one strong documentary still that can hold 5-8 seconds with a subtle push-in. SUBJECT: three-version comparison graphic showing contradictions without inventing content. NARRATION BEAT TO MATCH: wesentlichen Punkten. Ein drittes Fernsehinterview brachte erneut eine andere Version. Die. Keep the image semantically aligned to this exact beat; do not introduce claims not present in the narration. Avoid: occult cliché, tarot props, glowing chakras, neon sci-fi, cyberpunk, horror monster imagery, conspiracy corkboard, readable fake documents, modern consumer electronics unless requested, deformed hands, extra fingers, text artifacts.",P01,16:9,YES,GENERATE
IMG59,EP03,8,MAIN,EP03_V_091,"Cinematic investigative documentary reconstruction, late-20th-century research atmosphere, deep blue-black and graphite shadows, warm practical tungsten lamps, restrained cyan technical accents, tactile paper, brushed metal and glass, realistic optics, subtle film grain, sober mysterious mood, no fantasy magic, no supernatural glow, no text, no logos, no watermark, no synthetic portrait of a named real person, 16:9. Compose one strong documentary still that can hold 5-8 seconds with a subtle push-in. SUBJECT: anonymous analyst crossing out conflicting notes, detective-story mood but no sensational props. NARRATION BEAT TO MATCH: Analysten schreiben, es gebe keine bekannten Daten, die diese Behauptungen eindeutig bestätigten. Keep the image semantically aligned to this exact beat; do not introduce claims not present in the narration. Avoid: occult cliché, tarot props, glowing chakras, neon sci-fi, cyberpunk, horror monster imagery, conspiracy corkboard, readable fake documents, modern consumer electronics unless requested, deformed hands, extra fingers, text artifacts.",P01,16:9,YES,GENERATE
IMG60,EP03,8,MAIN,EP03_V_092,"Cinematic investigative documentary reconstruction, late-20th-century research atmosphere, deep blue-black and graphite shadows, warm practical tungsten lamps, restrained cyan technical accents, tactile paper, brushed metal and glass, realistic optics, subtle film grain, sober mysterious mood, no fantasy magic, no supernatural glow, no text, no logos, no watermark, no synthetic portrait of a named real person, 16:9. Compose one strong documentary still that can hold 5-8 seconds with a subtle push-in. SUBJECT: timeline Interview 1 -> Interview 2 -> TV interview with three contradictory claim cards. NARRATION BEAT TO MATCH: oder widerlegten. Sie kritisieren außerdem Interviewfragen, die Quellen in Richtung bereits. Keep the image semantically aligned to this exact beat; do not introduce claims not present in the narration. Avoid: occult cliché, tarot props, glowing chakras, neon sci-fi, cyberpunk, horror monster imagery, conspiracy corkboard, readable fake documents, modern consumer electronics unless requested, deformed hands, extra fingers, text artifacts.",P01,16:9,YES,GENERATE
IMG61,EP03,8,MAIN,EP03_V_093,"Cinematic investigative documentary reconstruction, late-20th-century research atmosphere, deep blue-black and graphite shadows, warm practical tungsten lamps, restrained cyan technical accents, tactile paper, brushed metal and glass, realistic optics, subtle film grain, sober mysterious mood, no fantasy magic, no supernatural glow, no text, no logos, no watermark, no synthetic portrait of a named real person, 16:9. Compose one strong documentary still that can hold 5-8 seconds with a subtle push-in. SUBJECT: anonymous source interview room, recorder and notes, face obscured, 1970s plausible. NARRATION BEAT TO MATCH: vorhandener Erwartungen lenken konnten. Das ist fast die perfekte Gegenprobe für die. Keep the image semantically aligned to this exact beat; do not introduce claims not present in the narration. Avoid: occult cliché, tarot props, glowing chakras, neon sci-fi, cyberpunk, horror monster imagery, conspiracy corkboard, readable fake documents, modern consumer electronics unless requested, deformed hands, extra fingers, text artifacts.",P01,16:9,YES,GENERATE
IMG62,EP03,8,MAIN,EP03_V_095,"Cinematic investigative documentary reconstruction, late-20th-century research atmosphere, deep blue-black and graphite shadows, warm practical tungsten lamps, restrained cyan technical accents, tactile paper, brushed metal and glass, realistic optics, subtle film grain, sober mysterious mood, no fantasy magic, no supernatural glow, no text, no logos, no watermark, no synthetic portrait of a named real person, 16:9. Compose one strong documentary still that can hold 5-8 seconds with a subtle push-in. SUBJECT: three-version comparison graphic showing contradictions without inventing content. NARRATION BEAT TO MATCH: dieselbe Institution, die mögliche militärische Anwendungen diskutiert, gleichzeitig dokumentiert, wie leicht eine. Keep the image semantically aligned to this exact beat; do not introduce claims not present in the narration. Avoid: occult cliché, tarot props, glowing chakras, neon sci-fi, cyberpunk, horror monster imagery, conspiracy corkboard, readable fake documents, modern consumer electronics unless requested, deformed hands, extra fingers, text artifacts.",P01,16:9,YES,GENERATE
IMG63,EP03,8,MAIN,EP03_V_096,"Cinematic investigative documentary reconstruction, late-20th-century research atmosphere, deep blue-black and graphite shadows, warm practical tungsten lamps, restrained cyan technical accents, tactile paper, brushed metal and glass, realistic optics, subtle film grain, sober mysterious mood, no fantasy magic, no supernatural glow, no text, no logos, no watermark, no synthetic portrait of a named real person, 16:9. Compose one strong documentary still that can hold 5-8 seconds with a subtle push-in. SUBJECT: anonymous analyst crossing out conflicting notes, detective-story mood but no sensational props. NARRATION BEAT TO MATCH: spektakuläre Geschichte im Nachrichtendienstprozess größer werden kann als ihre Datenbasis. Das. Keep the image semantically aligned to this exact beat; do not introduce claims not present in the narration. Avoid: occult cliché, tarot props, glowing chakras, neon sci-fi, cyberpunk, horror monster imagery, conspiracy corkboard, readable fake documents, modern consumer electronics unless requested, deformed hands, extra fingers, text artifacts.",P01,16:9,YES,GENERATE
IMG64,EP03,8,MAIN,EP03_V_097,"Cinematic investigative documentary reconstruction, late-20th-century research atmosphere, deep blue-black and graphite shadows, warm practical tungsten lamps, restrained cyan technical accents, tactile paper, brushed metal and glass, realistic optics, subtle film grain, sober mysterious mood, no fantasy magic, no supernatural glow, no text, no logos, no watermark, no synthetic portrait of a named real person, 16:9. Compose one strong documentary still that can hold 5-8 seconds with a subtle push-in. SUBJECT: timeline Interview 1 -> Interview 2 -> TV interview with three contradictory claim cards. NARRATION BEAT TO MATCH: Gegenargument kommt hier nicht von außen. Es sitzt bereits in der Akte.. Keep the image semantically aligned to this exact beat; do not introduce claims not present in the narration. Avoid: occult cliché, tarot props, glowing chakras, neon sci-fi, cyberpunk, horror monster imagery, conspiracy corkboard, readable fake documents, modern consumer electronics unless requested, deformed hands, extra fingers, text artifacts.",P01,16:9,YES,GENERATE
IMG65,EP03,9,MAIN,EP03_V_098,"Cinematic investigative documentary reconstruction, late-20th-century research atmosphere, deep blue-black and graphite shadows, warm practical tungsten lamps, restrained cyan technical accents, tactile paper, brushed metal and glass, realistic optics, subtle film grain, sober mysterious mood, no fantasy magic, no supernatural glow, no text, no logos, no watermark, no synthetic portrait of a named real person, 16:9. Compose one strong documentary still that can hold 5-8 seconds with a subtle push-in. SUBJECT: four-column evidence residue BELEGT / BEHAUPTET / VERMUTET / OFFEN. NARRATION BEAT TO MATCH: Was bleibt also, wenn man den Begriff „Psychotronik“ von den größten Internetbehauptungen trennt?. Keep the image semantically aligned to this exact beat; do not introduce claims not present in the narration. Avoid: occult cliché, tarot props, glowing chakras, neon sci-fi, cyberpunk, horror monster imagery, conspiracy corkboard, readable fake documents, modern consumer electronics unless requested, deformed hands, extra fingers, text artifacts.",P01; P04,16:9,YES,GENERATE
IMG66,EP03,9,MAIN,EP03_V_101,"Cinematic investigative documentary reconstruction, late-20th-century research atmosphere, deep blue-black and graphite shadows, warm practical tungsten lamps, restrained cyan technical accents, tactile paper, brushed metal and glass, realistic optics, subtle film grain, sober mysterious mood, no fantasy magic, no supernatural glow, no text, no logos, no watermark, no synthetic portrait of a named real person, 16:9. Compose one strong documentary still that can hold 5-8 seconds with a subtle push-in. SUBJECT: final threat-loop diagram: dangerous possibility -> uncertainty -> analysis, no claim of proven weapon. NARRATION BEAT TO MATCH: Bericht mögliche Anwendungen für Kommunikation, Informationszugriff und Einfluss auf Menschen diskutierte. Belegt. Keep the image semantically aligned to this exact beat; do not introduce claims not present in the narration. Avoid: occult cliché, tarot props, glowing chakras, neon sci-fi, cyberpunk, horror monster imagery, conspiracy corkboard, readable fake documents, modern consumer electronics unless requested, deformed hands, extra fingers, text artifacts.",P01; P04,16:9,YES,GENERATE
IMG67,EP03,9,MAIN,EP03_V_102,"Cinematic investigative documentary reconstruction, late-20th-century research atmosphere, deep blue-black and graphite shadows, warm practical tungsten lamps, restrained cyan technical accents, tactile paper, brushed metal and glass, realistic optics, subtle film grain, sober mysterious mood, no fantasy magic, no supernatural glow, no text, no logos, no watermark, no synthetic portrait of a named real person, 16:9. Compose one strong documentary still that can hold 5-8 seconds with a subtle push-in. SUBJECT: empty late-Cold-War archive room with one closed report folder, sober unresolved ending. NARRATION BEAT TO MATCH: ist auch, dass dieselben Analysten massive Probleme ihrer Datenbasis offenlegten — von wenig. Keep the image semantically aligned to this exact beat; do not introduce claims not present in the narration. Avoid: occult cliché, tarot props, glowing chakras, neon sci-fi, cyberpunk, horror monster imagery, conspiracy corkboard, readable fake documents, modern consumer electronics unless requested, deformed hands, extra fingers, text artifacts.",P01; P04,16:9,YES,GENERATE
IMG68,EP03,9,MAIN,EP03_V_103,"Cinematic investigative documentary reconstruction, late-20th-century research atmosphere, deep blue-black and graphite shadows, warm practical tungsten lamps, restrained cyan technical accents, tactile paper, brushed metal and glass, realistic optics, subtle film grain, sober mysterious mood, no fantasy magic, no supernatural glow, no text, no logos, no watermark, no synthetic portrait of a named real person, 16:9. Compose one strong documentary still that can hold 5-8 seconds with a subtle push-in. SUBJECT: four-column evidence residue BELEGT / BEHAUPTET / VERMUTET / OFFEN. NARRATION BEAT TO MATCH: verlässlichen Detaildaten bis zu Sensationalisierung, widersprüchlichen Quellen und analytischem Bias. Behauptet wurden. Keep the image semantically aligned to this exact beat; do not introduce claims not present in the narration. Avoid: occult cliché, tarot props, glowing chakras, neon sci-fi, cyberpunk, horror monster imagery, conspiracy corkboard, readable fake documents, modern consumer electronics unless requested, deformed hands, extra fingers, text artifacts.",P01; P04,16:9,YES,GENERATE
IMG69,EP03,9,MAIN,EP03_V_106,"Cinematic investigative documentary reconstruction, late-20th-century research atmosphere, deep blue-black and graphite shadows, warm practical tungsten lamps, restrained cyan technical accents, tactile paper, brushed metal and glass, realistic optics, subtle film grain, sober mysterious mood, no fantasy magic, no supernatural glow, no text, no logos, no watermark, no synthetic portrait of a named real person, 16:9. Compose one strong documentary still that can hold 5-8 seconds with a subtle push-in. SUBJECT: final threat-loop diagram: dangerous possibility -> uncertainty -> analysis, no claim of proven weapon. NARRATION BEAT TO MATCH: diesem Quellenpaket der Nachweis einer zuverlässigen psychotronischen Waffe, mit der unwissende Menschen fernkontrolliert. Keep the image semantically aligned to this exact beat; do not introduce claims not present in the narration. Avoid: occult cliché, tarot props, glowing chakras, neon sci-fi, cyberpunk, horror monster imagery, conspiracy corkboard, readable fake documents, modern consumer electronics unless requested, deformed hands, extra fingers, text artifacts.",P01; P04,16:9,YES,GENERATE
IMG70,EP03,9,MAIN,EP03_V_107,"Cinematic investigative documentary reconstruction, late-20th-century research atmosphere, deep blue-black and graphite shadows, warm practical tungsten lamps, restrained cyan technical accents, tactile paper, brushed metal and glass, realistic optics, subtle film grain, sober mysterious mood, no fantasy magic, no supernatural glow, no text, no logos, no watermark, no synthetic portrait of a named real person, 16:9. Compose one strong documentary still that can hold 5-8 seconds with a subtle push-in. SUBJECT: empty late-Cold-War archive room with one closed report folder, sober unresolved ending. NARRATION BEAT TO MATCH: werden konnten. Vielleicht ist genau das der unheimlichste Teil dieser Akte. Nicht,. Keep the image semantically aligned to this exact beat; do not introduce claims not present in the narration. Avoid: occult cliché, tarot props, glowing chakras, neon sci-fi, cyberpunk, horror monster imagery, conspiracy corkboard, readable fake documents, modern consumer electronics unless requested, deformed hands, extra fingers, text artifacts.",P01; P04,16:9,YES,GENERATE
IMG71,EP03,9,MAIN,EP03_V_108,"Cinematic investigative documentary reconstruction, late-20th-century research atmosphere, deep blue-black and graphite shadows, warm practical tungsten lamps, restrained cyan technical accents, tactile paper, brushed metal and glass, realistic optics, subtle film grain, sober mysterious mood, no fantasy magic, no supernatural glow, no text, no logos, no watermark, no synthetic portrait of a named real person, 16:9. Compose one strong documentary still that can hold 5-8 seconds with a subtle push-in. SUBJECT: four-column evidence residue BELEGT / BEHAUPTET / VERMUTET / OFFEN. NARRATION BEAT TO MATCH: dass sie uns eine geheime Waffe zeigt. Sondern dass sie zeigt, wie ein. Keep the image semantically aligned to this exact beat; do not introduce claims not present in the narration. Avoid: occult cliché, tarot props, glowing chakras, neon sci-fi, cyberpunk, horror monster imagery, conspiracy corkboard, readable fake documents, modern consumer electronics unless requested, deformed hands, extra fingers, text artifacts.",P01; P04,16:9,YES,GENERATE
IMG72,EP03,1,RESERVE,EP03_V_008,"Cinematic investigative documentary reconstruction, late-20th-century research atmosphere, deep blue-black and graphite shadows, warm practical tungsten lamps, restrained cyan technical accents, tactile paper, brushed metal and glass, realistic optics, subtle film grain, sober mysterious mood, no fantasy magic, no supernatural glow, no text, no logos, no watermark, no synthetic portrait of a named real person, 16:9. Alternative reserve: tighter detail/close angle, same factual staging and era. SUBJECT: anonymous late-1970s defense analyst opening a thick foreign-technology report, no insignia. NARRATION BEAT TO MATCH: auf andere Menschen entstehen könnte. Das klingt wie eine Akte über eine fertige. Keep the image semantically aligned to this exact beat; do not introduce claims not present in the narration. Avoid: occult cliché, tarot props, glowing chakras, neon sci-fi, cyberpunk, horror monster imagery, conspiracy corkboard, readable fake documents, modern consumer electronics unless requested, deformed hands, extra fingers, text artifacts.",P01; P02; P03,16:9,YES,GENERATE_IF_NEEDED
IMG73,EP03,2,RESERVE,EP03_V_015,"Cinematic investigative documentary reconstruction, late-20th-century research atmosphere, deep blue-black and graphite shadows, warm practical tungsten lamps, restrained cyan technical accents, tactile paper, brushed metal and glass, realistic optics, subtle film grain, sober mysterious mood, no fantasy magic, no supernatural glow, no text, no logos, no watermark, no synthetic portrait of a named real person, 16:9. Alternative reserve: wider environmental angle, same factual staging and era. SUBJECT: flow: Warsaw Pact publications -> US collection -> FTD assessment -> DoD/intelligence consumers. NARRATION BEAT TO MATCH: ausdrücklich nicht die breite Öffentlichkeit. Der Bericht war für Forschungseinrichtungen des US-Verteidigungsministeriums,. Keep the image semantically aligned to this exact beat; do not introduce claims not present in the narration. Avoid: occult cliché, tarot props, glowing chakras, neon sci-fi, cyberpunk, horror monster imagery, conspiracy corkboard, readable fake documents, modern consumer electronics unless requested, deformed hands, extra fingers, text artifacts.",P01; P02; P03,16:9,YES,GENERATE_IF_NEEDED
IMG74,EP03,2,RESERVE,EP03_V_020,"Cinematic investigative documentary reconstruction, late-20th-century research atmosphere, deep blue-black and graphite shadows, warm practical tungsten lamps, restrained cyan technical accents, tactile paper, brushed metal and glass, realistic optics, subtle film grain, sober mysterious mood, no fantasy magic, no supernatural glow, no text, no logos, no watermark, no synthetic portrait of a named real person, 16:9. Alternative reserve: overhead or top-down composition, same factual staging and era. SUBJECT: flow: Warsaw Pact publications -> US collection -> FTD assessment -> DoD/intelligence consumers. NARRATION BEAT TO MATCH: Aber im Kalten Krieg reicht manchmal schon eine andere Frage: Was,. Keep the image semantically aligned to this exact beat; do not introduce claims not present in the narration. Avoid: occult cliché, tarot props, glowing chakras, neon sci-fi, cyberpunk, horror monster imagery, conspiracy corkboard, readable fake documents, modern consumer electronics unless requested, deformed hands, extra fingers, text artifacts.",P01; P02; P03,16:9,YES,GENERATE_IF_NEEDED
IMG75,EP03,3,RESERVE,EP03_V_023,"Cinematic investigative documentary reconstruction, late-20th-century research atmosphere, deep blue-black and graphite shadows, warm practical tungsten lamps, restrained cyan technical accents, tactile paper, brushed metal and glass, realistic optics, subtle film grain, sober mysterious mood, no fantasy magic, no supernatural glow, no text, no logos, no watermark, no synthetic portrait of a named real person, 16:9. Alternative reserve: tighter detail/close angle, same factual staging and era. SUBJECT: anonymous Eastern European research lab reconstruction with analog sensors, shielded cables and paper charts, no fantasy devices. NARRATION BEAT TO MATCH: Menschen fernsteuert. Der Bericht benutzt den Begriff vorsichtiger. Er beschreibt Paraphysik als. Keep the image semantically aligned to this exact beat; do not introduce claims not present in the narration. Avoid: occult cliché, tarot props, glowing chakras, neon sci-fi, cyberpunk, horror monster imagery, conspiracy corkboard, readable fake documents, modern consumer electronics unless requested, deformed hands, extra fingers, text artifacts.",P01,16:9,YES,GENERATE_IF_NEEDED
IMG76,EP03,3,RESERVE,EP03_V_027,"Cinematic investigative documentary reconstruction, late-20th-century research atmosphere, deep blue-black and graphite shadows, warm practical tungsten lamps, restrained cyan technical accents, tactile paper, brushed metal and glass, realistic optics, subtle film grain, sober mysterious mood, no fantasy magic, no supernatural glow, no text, no logos, no watermark, no synthetic portrait of a named real person, 16:9. Alternative reserve: wider environmental angle, same factual staging and era. SUBJECT: hierarchy diagram PARAPHYSICS -> PSYCHOENERGETICS -> BIOINFORMATION/BIOENERGETICS -> PSYCHOTRONICS instrumentation emphasis. NARRATION BEAT TO MATCH: mentaler Funktion verbunden sein sollten. „Bioinformation“ bezeichnete dabei etwa telepathische Prozesse.. Keep the image semantically aligned to this exact beat; do not introduce claims not present in the narration. Avoid: occult cliché, tarot props, glowing chakras, neon sci-fi, cyberpunk, horror monster imagery, conspiracy corkboard, readable fake documents, modern consumer electronics unless requested, deformed hands, extra fingers, text artifacts.",P01,16:9,YES,GENERATE_IF_NEEDED
IMG77,EP03,3,RESERVE,EP03_V_031,"Cinematic investigative documentary reconstruction, late-20th-century research atmosphere, deep blue-black and graphite shadows, warm practical tungsten lamps, restrained cyan technical accents, tactile paper, brushed metal and glass, realistic optics, subtle film grain, sober mysterious mood, no fantasy magic, no supernatural glow, no text, no logos, no watermark, no synthetic portrait of a named real person, 16:9. Alternative reserve: overhead or top-down composition, same factual staging and era. SUBJECT: instrumentation emphasis graphic: human subject + sensors + measurement apparatus. NARRATION BEAT TO MATCH: ein Mensch mit einer ungewöhnlichen Fähigkeit. Sondern die Vorstellung, dass man diese. Keep the image semantically aligned to this exact beat; do not introduce claims not present in the narration. Avoid: occult cliché, tarot props, glowing chakras, neon sci-fi, cyberpunk, horror monster imagery, conspiracy corkboard, readable fake documents, modern consumer electronics unless requested, deformed hands, extra fingers, text artifacts.",P01,16:9,YES,GENERATE_IF_NEEDED
IMG78,EP03,4,RESERVE,EP03_V_035,"Cinematic investigative documentary reconstruction, late-20th-century research atmosphere, deep blue-black and graphite shadows, warm practical tungsten lamps, restrained cyan technical accents, tactile paper, brushed metal and glass, realistic optics, subtle film grain, sober mysterious mood, no fantasy magic, no supernatural glow, no text, no logos, no watermark, no synthetic portrait of a named real person, 16:9. Alternative reserve: tighter detail/close angle, same factual staging and era. SUBJECT: anonymous military analysts examining target sketches and signal charts, period-authentic 1970s office. NARRATION BEAT TO MATCH: um I. M. Kogan hervor. Die Analysten bewerteten einige dieser Resultate. Keep the image semantically aligned to this exact beat; do not introduce claims not present in the narration. Avoid: occult cliché, tarot props, glowing chakras, neon sci-fi, cyberpunk, horror monster imagery, conspiracy corkboard, readable fake documents, modern consumer electronics unless requested, deformed hands, extra fingers, text artifacts.",P01,16:9,YES,GENERATE_IF_NEEDED
IMG79,EP03,4,RESERVE,EP03_V_040,"Cinematic investigative documentary reconstruction, late-20th-century research atmosphere, deep blue-black and graphite shadows, warm practical tungsten lamps, restrained cyan technical accents, tactile paper, brushed metal and glass, realistic optics, subtle film grain, sober mysterious mood, no fantasy magic, no supernatural glow, no text, no logos, no watermark, no synthetic portrait of a named real person, 16:9. Alternative reserve: wider environmental angle, same factual staging and era. SUBJECT: anonymous military analysts examining target sketches and signal charts, period-authentic 1970s office. NARRATION BEAT TO MATCH: einzelne Personen ungewöhnliche „energetische“ Effekte erzeugen oder Reaktionen bei anderen Menschen. Keep the image semantically aligned to this exact beat; do not introduce claims not present in the narration. Avoid: occult cliché, tarot props, glowing chakras, neon sci-fi, cyberpunk, horror monster imagery, conspiracy corkboard, readable fake documents, modern consumer electronics unless requested, deformed hands, extra fingers, text artifacts.",P01,16:9,YES,GENERATE_IF_NEEDED
IMG80,EP03,4,RESERVE,EP03_V_045,"Cinematic investigative documentary reconstruction, late-20th-century research atmosphere, deep blue-black and graphite shadows, warm practical tungsten lamps, restrained cyan technical accents, tactile paper, brushed metal and glass, realistic optics, subtle film grain, sober mysterious mood, no fantasy magic, no supernatural glow, no text, no logos, no watermark, no synthetic portrait of a named real person, 16:9. Alternative reserve: overhead or top-down composition, same factual staging and era. SUBJECT: anonymous military analysts examining target sketches and signal charts, period-authentic 1970s office. NARRATION BEAT TO MATCH: keine Bestätigung einer Gedankenwaffe. Es ist die Dokumentation einer Möglichkeit, die. Keep the image semantically aligned to this exact beat; do not introduce claims not present in the narration. Avoid: occult cliché, tarot props, glowing chakras, neon sci-fi, cyberpunk, horror monster imagery, conspiracy corkboard, readable fake documents, modern consumer electronics unless requested, deformed hands, extra fingers, text artifacts.",P01,16:9,YES,GENERATE_IF_NEEDED
IMG81,EP03,5,RESERVE,EP03_V_048,"Cinematic investigative documentary reconstruction, late-20th-century research atmosphere, deep blue-black and graphite shadows, warm practical tungsten lamps, restrained cyan technical accents, tactile paper, brushed metal and glass, realistic optics, subtle film grain, sober mysterious mood, no fantasy magic, no supernatural glow, no text, no logos, no watermark, no synthetic portrait of a named real person, 16:9. Alternative reserve: tighter detail/close angle, same factual staging and era. SUBJECT: anonymous human silhouette in ordinary room with subtle directional arrows around it, clearly conceptual not a weapon depiction. NARRATION BEAT TO MATCH: Kontrolle herkommt, muss man nicht in Internetforen suchen. Der Bericht selbst beschäftigt. Keep the image semantically aligned to this exact beat; do not introduce claims not present in the narration. Avoid: occult cliché, tarot props, glowing chakras, neon sci-fi, cyberpunk, horror monster imagery, conspiracy corkboard, readable fake documents, modern consumer electronics unless requested, deformed hands, extra fingers, text artifacts.",P01,16:9,YES,GENERATE_IF_NEEDED
IMG82,EP03,5,RESERVE,EP03_V_052,"Cinematic investigative documentary reconstruction, late-20th-century research atmosphere, deep blue-black and graphite shadows, warm practical tungsten lamps, restrained cyan technical accents, tactile paper, brushed metal and glass, realistic optics, subtle film grain, sober mysterious mood, no fantasy magic, no supernatural glow, no text, no logos, no watermark, no synthetic portrait of a named real person, 16:9. Alternative reserve: wider environmental angle, same factual staging and era. SUBJECT: split board WHAT REPORT CONSIDERS vs WHAT IT DOES NOT ESTABLISH. NARRATION BEAT TO MATCH: begrenzt für eine feste Bewertung. Es sei unklar, ob beabsichtigte Befehle. Keep the image semantically aligned to this exact beat; do not introduce claims not present in the narration. Avoid: occult cliché, tarot props, glowing chakras, neon sci-fi, cyberpunk, horror monster imagery, conspiracy corkboard, readable fake documents, modern consumer electronics unless requested, deformed hands, extra fingers, text artifacts.",P01,16:9,YES,GENERATE_IF_NEEDED
IMG83,EP03,5,RESERVE,EP03_V_056,"Cinematic investigative documentary reconstruction, late-20th-century research atmosphere, deep blue-black and graphite shadows, warm practical tungsten lamps, restrained cyan technical accents, tactile paper, brushed metal and glass, realistic optics, subtle film grain, sober mysterious mood, no fantasy magic, no supernatural glow, no text, no logos, no watermark, no synthetic portrait of a named real person, 16:9. Alternative reserve: overhead or top-down composition, same factual staging and era. SUBJECT: evidence boundary graphic: strategic interest solid, reliable remote control dotted and unresolved. NARRATION BEAT TO MATCH: Geschichte. Sie zeigt, dass amerikanische Analysten die Möglichkeit von Einfluss und Informationszugriff. Keep the image semantically aligned to this exact beat; do not introduce claims not present in the narration. Avoid: occult cliché, tarot props, glowing chakras, neon sci-fi, cyberpunk, horror monster imagery, conspiracy corkboard, readable fake documents, modern consumer electronics unless requested, deformed hands, extra fingers, text artifacts.",P01,16:9,YES,GENERATE_IF_NEEDED
IMG84,EP03,6,RESERVE,EP03_V_060,"Cinematic investigative documentary reconstruction, late-20th-century research atmosphere, deep blue-black and graphite shadows, warm practical tungsten lamps, restrained cyan technical accents, tactile paper, brushed metal and glass, realistic optics, subtle film grain, sober mysterious mood, no fantasy magic, no supernatural glow, no text, no logos, no watermark, no synthetic portrait of a named real person, 16:9. Alternative reserve: tighter detail/close angle, same factual staging and era. SUBJECT: Cold War feedback loop: report on opponent research -> possible advantage -> own analysis -> opponent notices -> new report. NARRATION BEAT TO MATCH: Ab hier entsteht eine zweite Ebene, die größer ist als einzelne Experimente.. Keep the image semantically aligned to this exact beat; do not introduce claims not present in the narration. Avoid: occult cliché, tarot props, glowing chakras, neon sci-fi, cyberpunk, horror monster imagery, conspiracy corkboard, readable fake documents, modern consumer electronics unless requested, deformed hands, extra fingers, text artifacts.",P01,16:9,YES,GENERATE_IF_NEEDED
IMG85,EP03,6,RESERVE,EP03_V_063,"Cinematic investigative documentary reconstruction, late-20th-century research atmosphere, deep blue-black and graphite shadows, warm practical tungsten lamps, restrained cyan technical accents, tactile paper, brushed metal and glass, realistic optics, subtle film grain, sober mysterious mood, no fantasy magic, no supernatural glow, no text, no logos, no watermark, no synthetic portrait of a named real person, 16:9. Alternative reserve: wider environmental angle, same factual staging and era. SUBJECT: threat-uncertainty loop diagram showing uncertainty alone can motivate investigation. NARRATION BEAT TO MATCH: wie weit die andere Seite war. Das legt eine strategische Schleife nahe.. Keep the image semantically aligned to this exact beat; do not introduce claims not present in the narration. Avoid: occult cliché, tarot props, glowing chakras, neon sci-fi, cyberpunk, horror monster imagery, conspiracy corkboard, readable fake documents, modern consumer electronics unless requested, deformed hands, extra fingers, text artifacts.",P01,16:9,YES,GENERATE_IF_NEEDED
IMG86,EP03,6,RESERVE,EP03_V_066,"Cinematic investigative documentary reconstruction, late-20th-century research atmosphere, deep blue-black and graphite shadows, warm practical tungsten lamps, restrained cyan technical accents, tactile paper, brushed metal and glass, realistic optics, subtle film grain, sober mysterious mood, no fantasy magic, no supernatural glow, no text, no logos, no watermark, no synthetic portrait of a named real person, 16:9. Alternative reserve: overhead or top-down composition, same factual staging and era. SUBJECT: two anonymous analyst teams on opposite sides of an abstract map studying translated papers, no national caricatures. NARRATION BEAT TO MATCH: eigene Forschung oder Analyse wird wiederum für die andere Seite interessant. Dafür muss. Keep the image semantically aligned to this exact beat; do not introduce claims not present in the narration. Avoid: occult cliché, tarot props, glowing chakras, neon sci-fi, cyberpunk, horror monster imagery, conspiracy corkboard, readable fake documents, modern consumer electronics unless requested, deformed hands, extra fingers, text artifacts.",P01,16:9,YES,GENERATE_IF_NEEDED
