cue_id,start_seconds,end_seconds,duration_seconds,voice_text,visual_mode_internal,primary_asset_id,visual_state_id,fallback_asset_id,asset_status,viewer_function,visual_action,motion_class,long_hold_reason,visible_mode_badge,allowed_context_line,selected_asset_id,selected_file_path,selection_status
KZ-CUE-001,0.460,2.480,2.020,Why did a medical device need to rotate?,RECONSTRUCTION,KZ_CLIP_ROTATION_HOOK,KZ_CLIP_ROTATION_HOOK,,SELECTED_READY,Open on the physical rotation question; 2.02-second concrete motion beat,Use the concrete reconstruction state KZ_CLIP_ROTATION_HOOK; preserve chamber geometry and change framing or action,PROGRESSIVE_MOTION,,NO,FIRST_BLOCK_ONLY_MAX_2S,KZ_CLIP_ROTATION_HOOK,04_ASSETS/CLIPS/CONFORMED_25FPS/KZ_CLIP_ROTATION_HOOK.mp4,LOCKED
KZ-CUE-002,3.120,8.910,5.790,"In 1996, two Russian researchers filed a patent for a chamber made from curved aluminum panels.",DATA_SOURCE_ANCHOR,KZ_SEQ_PATENT_HOOK,KZ_DATA_PATENT_FILING_ANCHOR,,SELECTED_READY,Verified 1996 filing anchor before the legend expands,Ground the hook in verified filing data while the preceding physical chamber remains in memory; no pseudo-document text.,STATIC_OR_NEAR_STATIC,,NO,,KZ_DATA_PATENT_FILING_ANCHOR,04_ASSETS/GENERATED/FINAL_DOCUMENT_TIMELINE/KZ_DATA_PATENT_FILING_ANCHOR.png,LOCKED
KZ-CUE-003,9.500,15.290,5.790,Its first page gives the document a clinical title: a device for correcting psychosomatic diseases.,ORIGINAL_DOCUMENT,KZ_SEQ_PATENT_HOOK,KZ_DOC_002,,SELECTED_READY,Reveal the clinical title as an exact document crop,Hold the complete verified clinical-title block statically with its genuine phrase highlighted.,STATIC_OR_NEAR_STATIC,,NO,,KZ_DOC_002,04_ASSETS/GENERATED/DOCUMENT_EVIDENCE/KZ_DOC_002.png,LOCKED
KZ-CUE-004,15.980,20.540,4.560,"Today, the same structure is called a Kozyrev mirror - and, sometimes, a time machine.",EXPLANATORY_MODEL,KZ_SEQ_PATENT_HOOK,KZ_CARD_MEDICAL_TO_TIME_MACHINE,,SELECTED_READY,Make the medical-device versus time-machine escalation legible,"Progressively reveal state KZ_CARD_MEDICAL_TO_TIME_MACHINE; one spoken claim at a time, no production-mode badge",STATIC_OR_NEAR_STATIC,,NO,NO,KZ_CARD_MEDICAL_TO_TIME_MACHINE,04_ASSETS/GENERATED/DETERMINISTIC/KZ_CARD_MEDICAL_TO_TIME_MACHINE.png,LOCKED
KZ-CUE-005,21.200,23.580,2.380,But Nikolai Kozyrev died in 1983.,ARCHIVE,KZ_SEQ_1983_1996_CONTRADICTION,KZ_SRC_KOZYREV_PORTRAIT_1983,,SELECTED_READY,Show Kozyrev at the death-date biography beat,Use authenticated identity material for state KZ_SRC_KOZYREV_PORTRAIT_1983; restrained crop/parallax only,STATIC_OR_NEAR_STATIC,,NO,NO,KZ_SRC_KOZYREV_PORTRAIT_1983,04_ASSETS/GENERATED/DETERMINISTIC/KZ_SRC_KOZYREV_PORTRAIT_1983.png,LOCKED
KZ-CUE-006,24.200,29.260,5.060,The patent was filed thirteen years later by Vlail Kaznacheev and Alexander Trofimov.,ARCHIVE,KZ_SEQ_1983_1996_CONTRADICTION,KZ_SRC_INVENTOR_PAIR_1996,,SELECTED_READY,Show Kaznacheev and Trofimov when the later filing is named,Use authenticated identity material for state KZ_SRC_INVENTOR_PAIR_1996; restrained crop/parallax only,STATIC_OR_NEAR_STATIC,,NO,NO,KZ_SRC_INVENTOR_PAIR_1996,04_ASSETS/GENERATED/DETERMINISTIC/KZ_SRC_INVENTOR_PAIR_1996.png,LOCKED
KZ-CUE-007,30.180,33.580,3.400,Kozyrev never built the aluminum spiral that now carries his name.,EXPLANATORY_MODEL,KZ_SEQ_1983_1996_CONTRADICTION,KZ_CARD_1983_1996_CONTRADICTION,,SELECTED_READY,Resolve the thirteen-year contradiction without implying Kozyrev built the device,"Progressively reveal state KZ_CARD_1983_1996_CONTRADICTION; one spoken claim at a time, no production-mode badge",STATIC_OR_NEAR_STATIC,,NO,NO,KZ_CARD_1983_1996_CONTRADICTION,04_ASSETS/GENERATED/DETERMINISTIC/KZ_CARD_1983_1996_CONTRADICTION.png,LOCKED
KZ-CUE-008,34.040,35.440,1.400,That is the first contradiction.,EXPLANATORY_MODEL,KZ_SEQ_1983_1996_CONTRADICTION,KZ_CARD_1983_1996_CONTRADICTION,,SELECTED_READY,Resolve the thirteen-year contradiction without implying Kozyrev built the device,"Progressively reveal state KZ_CARD_1983_1996_CONTRADICTION; one spoken claim at a time, no production-mode badge",STATIC_OR_NEAR_STATIC,,NO,NO,KZ_CARD_1983_1996_CONTRADICTION,04_ASSETS/GENERATED/DETERMINISTIC/KZ_CARD_1983_1996_CONTRADICTION.png,LOCKED
KZ-CUE-009,35.960,37.560,1.600,The second is inside the machine.,RECONSTRUCTION,KZ_EN_HERO01,KZ_EN_HERO01,,SELECTED_READY,Return once to the accepted chamber geometry for the second contradiction,Use the concrete reconstruction state KZ_EN_HERO01; preserve chamber geometry and change framing or action,STATIC_OR_NEAR_STATIC,,NO,NO,KZ_EN_HERO01,04_ASSETS/GENERATED/NANO_BANANA_PRO/KZ_EN_HERO01.png,LOCKED
KZ-CUE-010,37.920,39.420,1.500,The panels could form a cylinder.,ORIGINAL_TECHNICAL_FIGURE,KZ_SEQ_PATENT_CONFIGURATIONS,KZ_FIG_PATENT_CYLINDER,,SELECTED_READY,Match the cylinder configuration claim to the patent figure,"Show the correct patent page and enlarged Figure 2 as a technical illustration, not a textual quote.",STATIC_OR_NEAR_STATIC,,NO,,KZ_FIG_PATENT_CYLINDER,04_ASSETS/GENERATED/FINAL_DOCUMENT_TIMELINE/KZ_FIG_PATENT_CYLINDER.png,LOCKED
KZ-CUE-011,39.860,40.900,1.040,A clockwise spiral.,EXPLANATORY_MODEL,KZ_SEQ_PATENT_CONFIGURATIONS,KZ_MODEL_CLOCKWISE_SPIRAL,,SELECTED_READY,Match clockwise spiral wording to the patent geometry,Translate clockwise direction into a unique clean geometry state because the original figure does not encode direction.,STATIC_OR_NEAR_STATIC,,NO,,KZ_MODEL_CLOCKWISE_SPIRAL,04_ASSETS/GENERATED/FINAL_DOCUMENT_TIMELINE/KZ_MODEL_CLOCKWISE_SPIRAL.png,LOCKED
KZ-CUE-012,41.350,42.820,1.470,Or a counterclockwise spiral.,EXPLANATORY_MODEL,KZ_SEQ_PATENT_CONFIGURATIONS,KZ_MODEL_PATENT_FIG3_CCW,,SELECTED_READY,Mirror the verified geometry as an explicitly explanatory counterclockwise state,"Progressively reveal state KZ_MODEL_PATENT_FIG3_CCW; one spoken claim at a time, no production-mode badge",STATIC_OR_NEAR_STATIC,,NO,NO,KZ_MODEL_PATENT_FIG3_CCW,04_ASSETS/GENERATED/DETERMINISTIC/KZ_MODEL_PATENT_FIG3_CCW.png,LOCKED
KZ-CUE-013,43.580,46.900,3.320,One version placed the entire structure on a motorized platform.,ORIGINAL_TECHNICAL_FIGURE,KZ_SEQ_PATENT_CONFIGURATIONS,KZ_FIG_PATENT_MOTORIZED_PLATFORM,,SELECTED_READY,Show the motorized patent configuration at the rotation claim,Show authentic patent Figure 4 at the motorized-platform statement; this avoids a repeated abstract-page visual mode.,STATIC_OR_NEAR_STATIC,,NO,,KZ_FIG_PATENT_MOTORIZED_PLATFORM,04_ASSETS/GENERATED/FINAL_DOCUMENT_TIMELINE/KZ_FIG_PATENT_MOTORIZED_PLATFORM.png,LOCKED
KZ-CUE-014,47.260,48.610,1.350,A person sat at its center.,RECONSTRUCTION,KZ_EN_REC01_ENTERING,KZ_EN_REC01_ENTERING,,SELECTED_READY,"Human scale and entry, with no meditation or effect claim",Use the concrete reconstruction state KZ_EN_REC01_ENTERING; preserve chamber geometry and change framing or action,STATIC_OR_NEAR_STATIC,,NO,NO,KZ_EN_REC01_ENTERING,04_ASSETS/GENERATED/NANO_BANANA_PRO/KZ_EN_REC01_ENTERING.png,LOCKED
KZ-CUE-015,49.089,55.290,6.201,"The patent even favored sessions near the new moon, the full moon, and what it called magneto-ionospheric storms.",CLAIM_VISUALIZATION,KZ_SRC_PATENT_LUNAR_GEOMAGNETIC,KZ_FILM_LUNAR_STORM_SESSION,,SELECTED_READY,Attribute moon and storm conditions to the patent text,"Visualize the explicitly attributed lunar/storm operating claim as an ambiguous physical night session, not an unreadable scan.",STATIC_OR_NEAR_STATIC,,NO,,KZ_FILM_LUNAR_STORM_SESSION,04_ASSETS/GENERATED/NATIVE_IMAGEGEN/FINAL_DOCUMENT_REPAIR/KZ_FILM_LUNAR_STORM_SESSION.png,LOCKED
KZ-CUE-016,56.080,57.890,1.810,So which story are we actually looking at?,EXPLANATORY_MODEL,KZ_SEQ_THREE_THEORIES_INTRO,KZ_CARD_THREE_THEORIES_OPEN,,SELECTED_READY,Open the three-way interpretive fork,"Progressively reveal state KZ_CARD_THREE_THEORIES_OPEN; one spoken claim at a time, no production-mode badge",STATIC_OR_NEAR_STATIC,,NO,NO,KZ_CARD_THREE_THEORIES_OPEN,04_ASSETS/GENERATED/DETERMINISTIC/KZ_CARD_THREE_THEORIES_OPEN.png,LOCKED
KZ-CUE-017,58.340,60.420,2.080,A strange form of isolation?,INNER_HYPOTHESIS,KZ_SEQ_THREE_THEORIES_INTRO,KZ_MYSTIC_THEORY_ISOLATION,,SELECTED_READY,First competing explanation: isolation,"Replace the first theory card with an empty, physically real chamber whose bodily trace implies isolation without depicting an entity.",STATIC_OR_NEAR_STATIC,,NO,NO,KZ_MYSTIC_THEORY_ISOLATION,04_ASSETS/GENERATED/NATIVE_IMAGEGEN/EXPERIENTIAL_UPGRADE/KZ_MYSTIC_THEORY_ISOLATION.png,LOCKED
KZ-CUE-018,60.460,62.460,2.000,A physical environment that changes the body?,RECONSTRUCTION,KZ_SEQ_THREE_THEORIES_INTRO,KZ_PHYSICAL_THEORY_BODY_BOUNDARY,,SELECTED_READY,Second competing explanation: ordinary physical change,"Make the ordinary physical hypothesis tactile through skin response, a real sensor and opaque aluminum.",STATIC_OR_NEAR_STATIC,,NO,NO,KZ_PHYSICAL_THEORY_BODY_BOUNDARY,04_ASSETS/GENERATED/NATIVE_IMAGEGEN/EXPERIENTIAL_UPGRADE/KZ_PHYSICAL_THEORY_BODY_BOUNDARY.png,LOCKED
KZ-CUE-019,62.880,65.190,2.310,Or a room that does something to information itself?,INNER_HYPOTHESIS,KZ_SEQ_THREE_THEORIES_INTRO,KZ_MYSTIC_THEORY_INFORMATION_REFLECTION,,SELECTED_READY,Third competing explanation: information access,Turn the information hypothesis into a restrained reflection that seems spatially ahead of its source.,STATIC_OR_NEAR_STATIC,,NO,NO,KZ_MYSTIC_THEORY_INFORMATION_REFLECTION,04_ASSETS/GENERATED/NATIVE_IMAGEGEN/EXPERIENTIAL_UPGRADE/KZ_MYSTIC_THEORY_INFORMATION_REFLECTION.png,LOCKED
KZ-CUE-020,65.880,69.650,3.770,"To separate those stories, start with the man whose name was attached later.",ARCHIVE,KZ_SEQ_KOZYREV_BIO_IDEA,KZ_HISTORY_PULKOVO_OBSERVATORY,,SELECTED_READY,Use a genuinely different authenticated Kozyrev image from the earlier death-date block,Move from Kozyrev's portrait into the public-domain observatory world that grounds his profession.,STATIC_OR_NEAR_STATIC,,NO,NO,KZ_HISTORY_PULKOVO_OBSERVATORY,04_ASSETS/GENERATED/DETERMINISTIC/KZ_HISTORY_PULKOVO_OBSERVATORY.png,LOCKED
KZ-CUE-021,71.060,75.380,4.320,Nikolai Alexandrovich Kozyrev was a Soviet astronomer and astrophysicist.,ARCHIVE,KZ_SEQ_KOZYREV_BIO_IDEA,KZ_HISTORY_PULKOVO_REFRACTOR,,SELECTED_READY,Move from the second portrait to a different authenticated astronomy context; no long portrait hold,Show a distinct public-domain Pulkovo refractor when Kozyrev's astronomical work is named.,STATIC_OR_NEAR_STATIC,,NO,NO,KZ_HISTORY_PULKOVO_REFRACTOR,04_ASSETS/GENERATED/DETERMINISTIC/KZ_HISTORY_PULKOVO_REFRACTOR.png,LOCKED
KZ-CUE-022,76.000,77.580,1.580,What he left behind was an idea.,INNER_HYPOTHESIS,KZ_SEQ_KOZYREV_BIO_IDEA,KZ_MYSTIC_TIME_ACTIVE_AFTERIMAGE,,SELECTED_READY,Shift from person to the specific speculative idea,Carry Kozyrev's idea forward as delayed light bands inside a materially real chamber.,STATIC_OR_NEAR_STATIC,,NO,NO,KZ_MYSTIC_TIME_ACTIVE_AFTERIMAGE,04_ASSETS/GENERATED/NATIVE_IMAGEGEN/EXPERIENTIAL_UPGRADE/KZ_MYSTIC_TIME_ACTIVE_AFTERIMAGE.png,LOCKED
KZ-CUE-023,78.260,82.680,4.420,"In his more speculative work, time was not merely a coordinate that arranged events.",INNER_HYPOTHESIS,KZ_INNER01_INTERNAL_TIME,KZ_CLIP_INTERNAL_TIME_CONTINUOUS,,SELECTED_READY,One continuously evolving internal-time sequence; never restart or recycle it,Progress to subjective state KZ_CLIP_INTERNAL_TIME_CONTINUOUS; no visible category label and no proof-coded beam or portal,PROGRESSIVE_MOTION,"The single uninterrupted sequence visibly evolves through dust, condensation and delayed reflection as the three spoken claims escalate; a camera move alone is insufficient.",NO,NO,KZ_CLIP_INTERNAL_TIME_CONTINUOUS,04_ASSETS/CLIPS/CONFORMED_25FPS/KZ_CLIP_INTERNAL_TIME_CONTINUOUS.mp4,LOCKED
KZ-CUE-024,83.220,85.520,2.300,He treated it as something that might act physically.,INNER_HYPOTHESIS,KZ_INNER01_INTERNAL_TIME,KZ_CLIP_INTERNAL_TIME_CONTINUOUS,,SELECTED_READY,One continuously evolving internal-time sequence; never restart or recycle it,Progress to subjective state KZ_CLIP_INTERNAL_TIME_CONTINUOUS; no visible category label and no proof-coded beam or portal,PROGRESSIVE_MOTION,"The single uninterrupted sequence visibly evolves through dust, condensation and delayed reflection as the three spoken claims escalate; a camera move alone is insufficient.",NO,NO,KZ_CLIP_INTERNAL_TIME_CONTINUOUS,04_ASSETS/CLIPS/CONFORMED_25FPS/KZ_CLIP_INTERNAL_TIME_CONTINUOUS.mp4,LOCKED
KZ-CUE-025,86.120,88.980,2.860,Something with properties that might leave measurable traces.,INNER_HYPOTHESIS,KZ_INNER01_INTERNAL_TIME,KZ_CLIP_INTERNAL_TIME_CONTINUOUS,,SELECTED_READY,One continuously evolving internal-time sequence; never restart or recycle it,Progress to subjective state KZ_CLIP_INTERNAL_TIME_CONTINUOUS; no visible category label and no proof-coded beam or portal,PROGRESSIVE_MOTION,"The single uninterrupted sequence visibly evolves through dust, condensation and delayed reflection as the three spoken claims escalate; a camera move alone is insufficient.",NO,NO,KZ_CLIP_INTERNAL_TIME_CONTINUOUS,04_ASSETS/CLIPS/CONFORMED_25FPS/KZ_CLIP_INTERNAL_TIME_CONTINUOUS.mp4,LOCKED
KZ-CUE-026,89.840,94.500,4.660,"Years later, Kaznacheev and Trofimov moved toward that idea from another direction.",ARCHIVE,KZ_SEQ_RESEARCHER_IDENTITIES,KZ_SRC_KAZNACHEEV_TROFIMOV_PAIR,,SELECTED_READY,Show both later researchers at their first research-history beat,Use authenticated identity material for state KZ_SRC_KAZNACHEEV_TROFIMOV_PAIR; restrained crop/parallax only,STATIC_OR_NEAR_STATIC,,NO,NO,KZ_SRC_KAZNACHEEV_TROFIMOV_PAIR,04_ASSETS/GENERATED/DETERMINISTIC/KZ_SRC_KAZNACHEEV_TROFIMOV_PAIR.png,LOCKED
KZ-CUE-027,95.120,99.980,4.860,"They studied the human body, the environment, and what they described as information exchange.",ORIGINAL_DOCUMENT,KZ_SEQ_RESEARCHER_IDENTITIES,KZ_DOC_028,,SELECTED_READY,"Connect the named researchers to their documented work, not a generic chamber","Use the complete English abstract block naming cells, people, plants and information as the correct source passage.",STATIC_OR_NEAR_STATIC,,NO,,KZ_DOC_028,04_ASSETS/GENERATED/DOCUMENT_EVIDENCE/KZ_DOC_028.png,LOCKED
KZ-CUE-028,100.560,104.420,3.860,"Online, three separate stories eventually collapsed into one label.",INNER_HYPOTHESIS,KZ_SEQ_THREE_STREAMS,KZ_MYSTIC_THREE_STORIES_COLLAPSE,,SELECTED_READY,Visualize the online collapse of three distinct histories,Let three distinct material traces converge on the same chair instead of collapsing text labels.,STATIC_OR_NEAR_STATIC,,NO,NO,KZ_MYSTIC_THREE_STORIES_COLLAPSE,04_ASSETS/GENERATED/NATIVE_IMAGEGEN/EXPERIENTIAL_UPGRADE/KZ_MYSTIC_THREE_STORIES_COLLAPSE.png,LOCKED
KZ-CUE-029,104.460,105.830,1.370,Kozyrev's theory of time.,EXPLANATORY_MODEL,KZ_SEQ_THREE_STREAMS,KZ_CARD_STREAM_KOZYREV_TIME,,SELECTED_READY,Identify stream one: Kozyrev's time theory,"Progressively reveal state KZ_CARD_STREAM_KOZYREV_TIME; one spoken claim at a time, no production-mode badge",STATIC_OR_NEAR_STATIC,,NO,NO,KZ_CARD_STREAM_KOZYREV_TIME,04_ASSETS/GENERATED/DETERMINISTIC/KZ_CARD_STREAM_KOZYREV_TIME.png,LOCKED
KZ-CUE-030,106.240,109.600,3.360,Experiments conducted by Kaznacheev and Trofimov.,RECONSTRUCTION,KZ_SEQ_THREE_STREAMS,KZ_RESEARCHERS_NIGHT_LAB,,SELECTED_READY,Identify stream two: later experiments,Show a clearly reconstructed late-1990s research practice when the experiments are named; identities remain established by the preceding authentic pair.,STATIC_OR_NEAR_STATIC,,NO,NO,KZ_RESEARCHERS_NIGHT_LAB,04_ASSETS/GENERATED/NATIVE_IMAGEGEN/EXPERIENTIAL_UPGRADE/KZ_RESEARCHERS_NIGHT_LAB.png,LOCKED
KZ-CUE-031,109.640,113.060,3.420,And a patented medical apparatus made from aluminum.,EXPLANATORY_MODEL,KZ_SEQ_THREE_STREAMS,KZ_CARD_STREAM_PATENT,,SELECTED_READY,Identify stream three: the aluminum medical patent,"Progressively reveal state KZ_CARD_STREAM_PATENT; one spoken claim at a time, no production-mode badge",STATIC_OR_NEAR_STATIC,,NO,NO,KZ_CARD_STREAM_PATENT,04_ASSETS/GENERATED/DETERMINISTIC/KZ_CARD_STREAM_PATENT.png,LOCKED
KZ-CUE-032,113.100,114.290,1.190,The documents separate them.,INNER_HYPOTHESIS,KZ_SEQ_THREE_STREAMS,KZ_MYSTIC_SEPARATE_THREADS,,SELECTED_READY,Restore the documentary separation between the three streams,"Separate condensation, reflection and sensor trace across three physical layers without a diagram.",STATIC_OR_NEAR_STATIC,,NO,NO,KZ_MYSTIC_SEPARATE_THREADS,04_ASSETS/GENERATED/NATIVE_IMAGEGEN/EXPERIENTIAL_UPGRADE/KZ_MYSTIC_SEPARATE_THREADS.png,LOCKED
KZ-CUE-033,115.510,117.230,1.720,Then they make the apparatus stranger.,RECONSTRUCTION,KZ_EN_REC04_CHAMBER_REVERSE_WIDE,KZ_EN_REC04_CHAMBER_REVERSE_WIDE,,SELECTED_READY,New reverse-angle chamber moment before the physical specifications,Use the concrete reconstruction state KZ_EN_REC04_CHAMBER_REVERSE_WIDE; preserve chamber geometry and change framing or action,STATIC_OR_NEAR_STATIC,,NO,NO,KZ_EN_REC04_CHAMBER_REVERSE_WIDE,04_ASSETS/GENERATED/NATIVE_IMAGEGEN/KZ_EN_REC04_CHAMBER_REVERSE_WIDE.png,LOCKED
KZ-CUE-034,117.900,121.640,3.740,The patent gives the panels a maximum height of roughly two point eight meters.,RECONSTRUCTION,KZ_SEQ_PATENT_PHYSICAL_DESIGN,KZ_PHYSICAL_PANEL_SCALE,,SELECTED_READY,Show the 2.8-metre limit where it is spoken,"Make the stated 2.8-metre maximum physically legible through human scale, without invented labels.",STATIC_OR_NEAR_STATIC,,NO,NO,KZ_PHYSICAL_PANEL_SCALE,04_ASSETS/GENERATED/NATIVE_IMAGEGEN/CLUSTER_BREAKS/KZ_PHYSICAL_PANEL_SCALE.png,LOCKED
KZ-CUE-035,122.250,124.430,2.180,Their inner surfaces are ground or polished.,PHYSICAL_DETAIL,KZ_SEQ_PATENT_PHYSICAL_DESIGN,KZ_FILM_ALUMINUM_SURFACE_MACRO,,SELECTED_READY,Use the patent's material wording instead of cropping the later HERO02 payoff,Show physically distinct ground and smoother aluminum surface treatment without overstating the translated abstract.,STATIC_OR_NEAR_STATIC,,NO,,KZ_FILM_ALUMINUM_SURFACE_MACRO,04_ASSETS/GENERATED/NATIVE_IMAGEGEN/FINAL_DOCUMENT_REPAIR/KZ_FILM_ALUMINUM_SURFACE_MACRO.png,LOCKED
KZ-CUE-036,125.000,130.049,5.049,Their curvature is designed to create a focus about fifty centimeters in front of the working surface.,ORIGINAL_DOCUMENT,KZ_SEQ_PATENT_PHYSICAL_DESIGN,KZ_DOC_032,,SELECTED_READY,Show the proposed fifty-centimetre focus in the patent,Hold a mobile-readable recomposition of the complete verified focus-distance sentence.,STATIC_OR_NEAR_STATIC,,NO,,KZ_DOC_032,04_ASSETS/GENERATED/DOCUMENT_EVIDENCE/KZ_DOC_032.png,LOCKED
KZ-CUE-037,130.680,133.780,3.100,Between four and ten panels can surround the participant.,RECONSTRUCTION,KZ_SEQ_PATENT_PHYSICAL_DESIGN,KZ_PHYSICAL_PANEL_ARRAY,,SELECTED_READY,Show the four-to-ten panel range,"Reveal six overlapping curved panels as a plausible construction state, not another document crop.",STATIC_OR_NEAR_STATIC,,NO,NO,KZ_PHYSICAL_PANEL_ARRAY,04_ASSETS/GENERATED/NATIVE_IMAGEGEN/CLUSTER_BREAKS/KZ_PHYSICAL_PANEL_ARRAY.png,LOCKED
KZ-CUE-038,134.430,137.200,2.770,The assembly can open clockwise or counterclockwise.,EXPLANATORY_MODEL,KZ_SEQ_PATENT_PHYSICAL_DESIGN,KZ_MODEL_DIRECTION_COMPARE,,SELECTED_READY,Compare clockwise and counterclockwise geometry without faking a source page,"Progressively reveal state KZ_MODEL_DIRECTION_COMPARE; one spoken claim at a time, no production-mode badge",STATIC_OR_NEAR_STATIC,,NO,NO,KZ_MODEL_DIRECTION_COMPARE,04_ASSETS/GENERATED/DETERMINISTIC/KZ_MODEL_DIRECTION_COMPARE.png,LOCKED
KZ-CUE-039,137.780,138.630,0.850,And it can rotate.,EXPLANATORY_MODEL,KZ_SEQ_PATENT_PHYSICAL_DESIGN,KZ_MODEL_ROTATION_CUTAWAY,,SELECTED_READY,Use a new cutaway state rather than returning to the earlier figure-four export,"Progressively reveal state KZ_MODEL_ROTATION_CUTAWAY; one spoken claim at a time, no production-mode badge",STATIC_OR_NEAR_STATIC,,NO,NO,KZ_MODEL_ROTATION_CUTAWAY,04_ASSETS/GENERATED/DETERMINISTIC/KZ_MODEL_ROTATION_CUTAWAY.png,LOCKED
KZ-CUE-040,139.280,140.630,1.350,Why should direction matter?,INNER_HYPOTHESIS,KZ_SEQ_PATENT_CONDITIONS_QUESTIONS,KZ_MYSTIC_DIRECTION_REFLECTION,,SELECTED_READY,Turn direction into a clear unresolved question,Pose direction as a displaced traveling reflection across curved aluminum.,STATIC_OR_NEAR_STATIC,,NO,NO,KZ_MYSTIC_DIRECTION_REFLECTION,04_ASSETS/GENERATED/NATIVE_IMAGEGEN/EXPERIENTIAL_UPGRADE/KZ_MYSTIC_DIRECTION_REFLECTION.png,LOCKED
KZ-CUE-041,141.300,142.460,1.160,Why should the moon matter?,SUBJECTIVE_HYPOTHESIS,KZ_SEQ_PATENT_CONDITIONS_QUESTIONS,KZ_MYSTIC_LUNAR_REFLECTION,,SELECTED_READY,Turn lunar timing into a clear unresolved question,Begin one continuous lunar/geomagnetic question image with physically ambiguous chamber reflections.,STATIC_OR_NEAR_STATIC,,NO,,KZ_MYSTIC_LUNAR_REFLECTION,04_ASSETS/GENERATED/NATIVE_IMAGEGEN/EXPERIENTIAL_UPGRADE/KZ_MYSTIC_LUNAR_REFLECTION.png,LOCKED
KZ-CUE-042,143.120,146.329,3.209,Why should a treatment chamber care about geomagnetic conditions?,SUBJECTIVE_HYPOTHESIS,KZ_SEQ_PATENT_CONDITIONS_QUESTIONS,KZ_MYSTIC_LUNAR_REFLECTION,,SELECTED_READY,Match geomagnetic wording to its original source,Continue the same uninterrupted question state; no later return.,STATIC_OR_NEAR_STATIC,,NO,,KZ_MYSTIC_LUNAR_REFLECTION,04_ASSETS/GENERATED/NATIVE_IMAGEGEN/EXPERIENTIAL_UPGRADE/KZ_MYSTIC_LUNAR_REFLECTION.png,LOCKED
KZ-CUE-043,146.980,149.620,2.640,The patent records the inventors' answer.,CLAIM_VISUALIZATION,KZ_SEQ_PATENT_CLAIMS_BOUNDARY,KZ_CLIP_FIELD_CONCENTRATION_PROPOSAL,,SELECTED_READY,Frame the next explanation explicitly as the inventors' answer,Begin a progressive field-concentration model as the explicitly attributed inventors' answer; do not use identity metadata as proof.,PROGRESSIVE_MOTION,One continuous 9.20-second proposal sequence adds field paths and convergence instead of holding a static graphic.,NO,,KZ_CLIP_FIELD_CONCENTRATION_PROPOSAL,04_ASSETS/CLIPS/LOCAL_PROGRESSIVE/KZ_CLIP_FIELD_CONCENTRATION_PROPOSAL.mp4,LOCKED
KZ-CUE-044,149.660,155.840,6.180,They proposed that the structure could concentrate electromagnetic and other fields associated with the body.,CLAIM_VISUALIZATION,KZ_SEQ_PATENT_CLAIMS_BOUNDARY,KZ_CLIP_FIELD_CONCENTRATION_PROPOSAL,,SELECTED_READY,Explain the claimed field-concentration mechanism without validating it,Continue the same model while the proposed body-associated field concentration is stated.,PROGRESSIVE_MOTION,Continuous evolving clip; no restart.,NO,,KZ_CLIP_FIELD_CONCENTRATION_PROPOSAL,04_ASSETS/CLIPS/LOCAL_PROGRESSIVE/KZ_CLIP_FIELD_CONCENTRATION_PROPOSAL.mp4,LOCKED
KZ-CUE-045,155.860,160.800,4.940,They connected treatment conditions with what they called the heliogeophysical environment.,CLAIM_VISUALIZATION,KZ_SEQ_PATENT_CLAIMS_BOUNDARY,KZ_FILM_HELIOGEOPHYSICAL_CHAMBER,,SELECTED_READY,Show the exact heliogeophysical attribution,"Visualize the attributed environmental claim with a plausible chamber, dawn light and an analog field instrument.",STATIC_OR_NEAR_STATIC,,NO,,KZ_FILM_HELIOGEOPHYSICAL_CHAMBER,04_ASSETS/GENERATED/NATIVE_IMAGEGEN/FINAL_DOCUMENT_REPAIR/KZ_FILM_HELIOGEOPHYSICAL_CHAMBER.png,LOCKED
KZ-CUE-046,160.820,162.260,1.440,Those are the inventors' claims.,EPISTEMIC_GRAPHIC,KZ_SEQ_PATENT_CLAIMS_BOUNDARY,KZ_CARD_PATENT_RECORDS_CLAIM,,SELECTED_READY,Put the claims back beside the people who made them,Start one concise continuous claim-versus-result distinction; no document is asked to prove itself.,STATIC_OR_NEAR_STATIC,,NO,,KZ_CARD_PATENT_RECORDS_CLAIM,04_ASSETS/GENERATED/DETERMINISTIC/KZ_CARD_PATENT_RECORDS_CLAIM.png,LOCKED
KZ-CUE-047,162.880,164.220,1.340,A patent records a claim.,EPISTEMIC_GRAPHIC,KZ_SEQ_PATENT_CLAIMS_BOUNDARY,KZ_CARD_PATENT_RECORDS_CLAIM,,SELECTED_READY,Define what a patent records,Continue the same claim-state without a cut or later reuse.,STATIC_OR_NEAR_STATIC,,NO,,KZ_CARD_PATENT_RECORDS_CLAIM,04_ASSETS/GENERATED/DETERMINISTIC/KZ_CARD_PATENT_RECORDS_CLAIM.png,LOCKED
KZ-CUE-048,164.600,165.980,1.380,It does not prove the effect.,EXPLANATORY_MODEL,KZ_SEQ_PATENT_CLAIMS_BOUNDARY,KZ_CARD_CLAIM_NOT_PROOF,,SELECTED_READY,Hold the evidence boundary: claim is not proof,"Progressively reveal state KZ_CARD_CLAIM_NOT_PROOF; one spoken claim at a time, no production-mode badge",STATIC_OR_NEAR_STATIC,,NO,NO,KZ_CARD_CLAIM_NOT_PROOF,04_ASSETS/GENERATED/DETERMINISTIC/KZ_CARD_CLAIM_NOT_PROOF.png,LOCKED
KZ-CUE-049,167.380,171.080,3.700,But Kaznacheev and Trofimov did not keep the idea inside medicine.,ORIGINAL_DOCUMENT,KZ_SEQ_RESEARCHERS_LATER_WORK,KZ_DOC_013,,SELECTED_READY,Return to both researchers as the story leaves medicine,Use the complete Kaznacheev/Trofimov 2008 author/title block as the departure from medicine.,STATIC_OR_NEAR_STATIC,,NO,,KZ_DOC_013,04_ASSETS/GENERATED/DOCUMENT_EVIDENCE/KZ_DOC_013.png,LOCKED
KZ-CUE-050,171.760,175.180,3.420,"In later publications, they described a modeled Kozyrev space.",ORIGINAL_DOCUMENT,KZ_SEQ_RESEARCHERS_LATER_WORK,KZ_DOC_014,,SELECTED_READY,Show their modeled-Kozyrev-space publication,Use the complete 2006 author/title block with the genuine modeled-Kozyrev-space phrase.,STATIC_OR_NEAR_STATIC,,NO,,KZ_DOC_014,04_ASSETS/GENERATED/DOCUMENT_EVIDENCE/KZ_DOC_014.png,LOCKED
KZ-CUE-051,175.870,177.840,1.970,They wrote about altered internal time.,SUBJECTIVE_HYPOTHESIS,KZ_SRC_2006_ALTERED_INTERNAL_TIME,KZ_MYSTIC_INTERNAL_TIME_REFRACTION,,SELECTED_READY,Use a new publication detail; do not restart the earlier internal-time image,"Represent the attributed time interpretation as a first-person metal-room perception, never as a fabricated quotation.",STATIC_OR_NEAR_STATIC,,NO,,KZ_MYSTIC_INTERNAL_TIME_REFRACTION,04_ASSETS/GENERATED/NATIVE_IMAGEGEN/EXPERIENTIAL_UPGRADE/KZ_MYSTIC_INTERNAL_TIME_REFRACTION.png,LOCKED
KZ-CUE-052,178.440,179.570,1.130,Distant information.,INNER_HYPOTHESIS,KZ_INNER02_DISTANT_IMAGE,KZ_CLIP_DISTANT_IMAGE_CONTINUOUS,,SELECTED_READY,"One continuously evolving distant-image sequence; no portal, beam, badge or restart",Progress to subjective state KZ_CLIP_DISTANT_IMAGE_CONTINUOUS; no visible category label and no proof-coded beam or portal,PROGRESSIVE_MOTION,,NO,NO,KZ_CLIP_DISTANT_IMAGE_CONTINUOUS,04_ASSETS/CLIPS/CONFORMED_25FPS/KZ_CLIP_DISTANT_IMAGE_CONTINUOUS.mp4,LOCKED
KZ-CUE-053,179.940,184.920,4.980,And people who supposedly perceived remote objects or information connected with other moments.,INNER_HYPOTHESIS,KZ_INNER02_DISTANT_IMAGE,KZ_CLIP_DISTANT_IMAGE_CONTINUOUS,,SELECTED_READY,"One continuously evolving distant-image sequence; no portal, beam, badge or restart",Progress to subjective state KZ_CLIP_DISTANT_IMAGE_CONTINUOUS; no visible category label and no proof-coded beam or portal,PROGRESSIVE_MOTION,,NO,NO,KZ_CLIP_DISTANT_IMAGE_CONTINUOUS,04_ASSETS/CLIPS/CONFORMED_25FPS/KZ_CLIP_DISTANT_IMAGE_CONTINUOUS.mp4,LOCKED
KZ-CUE-054,186.340,188.890,2.550,"At this point, the chamber becomes more than a reflector.",RECONSTRUCTION,KZ_SEQ_CHAMBER_EXPERIENCE,KZ_HERO01_REFLECTION_STATE,,SELECTED_READY,Return to the metal reflector with a distinct slow reflective motion state,Use the concrete reconstruction state KZ_HERO01_REFLECTION_STATE; preserve chamber geometry and change framing or action,STATIC_OR_NEAR_STATIC,,NO,NO,KZ_HERO01_REFLECTION_STATE,04_ASSETS/GENERATED/NATIVE_IMAGEGEN/KZ_HERO01_REFLECTION_STATE.png,LOCKED
KZ-CUE-055,189.520,192.840,3.320,It becomes a test of what an experience can contain.,RECONSTRUCTION,KZ_SEQ_CHAMBER_EXPERIENCE,KZ_EN_REC02_SEATED_NEUTRAL,,SELECTED_READY,Place a neutral participant inside for the experience question,Use the concrete reconstruction state KZ_EN_REC02_SEATED_NEUTRAL; preserve chamber geometry and change framing or action,STATIC_OR_NEAR_STATIC,,NO,NO,KZ_EN_REC02_SEATED_NEUTRAL,04_ASSETS/GENERATED/NATIVE_IMAGEGEN/KZ_EN_REC02_SEATED_NEUTRAL.png,LOCKED
KZ-CUE-056,192.880,196.860,3.980,And there are at least three ways to interpret what might happen inside it.,EXPLANATORY_MODEL,KZ_SEQ_THEORY_PSYCHOLOGY,KZ_CARD_THEORY_FORK_RETURN,,SELECTED_READY,Re-open the three explanations before testing them,"Progressively reveal state KZ_CARD_THEORY_FORK_RETURN; one spoken claim at a time, no production-mode badge",STATIC_OR_NEAR_STATIC,,NO,NO,KZ_CARD_THEORY_FORK_RETURN,04_ASSETS/GENERATED/DETERMINISTIC/KZ_CARD_THEORY_FORK_RETURN.png,LOCKED
KZ-CUE-057,196.940,198.290,1.350,The first is psychological.,EXPLANATORY_MODEL,KZ_SEQ_THEORY_PSYCHOLOGY,KZ_CARD_THEORY_ISOLATION_ACTIVE,,SELECTED_READY,Activate the psychological branch,"Progressively reveal state KZ_CARD_THEORY_ISOLATION_ACTIVE; one spoken claim at a time, no production-mode badge",STATIC_OR_NEAR_STATIC,,NO,NO,KZ_CARD_THEORY_ISOLATION_ACTIVE,04_ASSETS/GENERATED/DETERMINISTIC/KZ_CARD_THEORY_ISOLATION_ACTIVE.png,LOCKED
KZ-CUE-058,198.860,208.520,9.660,"Isolation, expectation, unusual acoustics, darkness, and the knowledge that you are sitting inside a mysterious metal spiral can produce a powerful state.",RECONSTRUCTION,KZ_SEQ_THEORY_PSYCHOLOGY,KZ_CLIP_ISOLATION_SENSORY_CONTINUOUS,,SELECTED_READY,One evolving sensory-isolation sequence with new information throughout the long sentence,Use the concrete reconstruction state KZ_CLIP_ISOLATION_SENSORY_CONTINUOUS; preserve chamber geometry and change framing or action,PROGRESSIVE_MOTION,"The participant, acoustics, light and body-orientation cues develop across the sentence; the sequence cannot be a held still or simple zoom.",NO,NO,KZ_CLIP_ISOLATION_SENSORY_CONTINUOUS,04_ASSETS/CLIPS/CONFORMED_25FPS/KZ_CLIP_ISOLATION_SENSORY_CONTINUOUS.mp4,LOCKED
KZ-CUE-059,208.540,212.690,4.150,The experience may be genuine without containing information from anywhere else.,RECONSTRUCTION,KZ_SEQ_THEORY_PSYCHOLOGY,KZ_SENSORY_HAND_ON_ALUMINUM,,SELECTED_READY,Separate genuine experience from external information,"Translate the distinction into touch, reflection and bodily sensing at the chamber wall.",STATIC_OR_NEAR_STATIC,,NO,NO,KZ_SENSORY_HAND_ON_ALUMINUM,04_ASSETS/GENERATED/NATIVE_IMAGEGEN/CLUSTER_BREAKS/KZ_SENSORY_HAND_ON_ALUMINUM.png,LOCKED
KZ-CUE-060,213.360,216.320,2.960,The second possibility is physical but ordinary.,EXPLANATORY_MODEL,KZ_SEQ_THEORY_PHYSICAL,KZ_CARD_THEORY_PHYSICAL_ACTIVE,,SELECTED_READY,Activate the ordinary physical branch,"Progressively reveal state KZ_CARD_THEORY_PHYSICAL_ACTIVE; one spoken claim at a time, no production-mode badge",STATIC_OR_NEAR_STATIC,,NO,NO,KZ_CARD_THEORY_PHYSICAL_ACTIVE,04_ASSETS/GENERATED/DETERMINISTIC/KZ_CARD_THEORY_PHYSICAL_ACTIVE.png,LOCKED
KZ-CUE-061,216.380,223.800,7.420,"The chamber may alter sound, temperature, reflected electromagnetic conditions, or the way a participant senses their own body.",RECONSTRUCTION,KZ_SEQ_THEORY_PHYSICAL,KZ_CLIP_PHYSICAL_VARIABLES_SENSOR_RIG,,SELECTED_READY,"Map sound, temperature, reflections and body sensing onto physical details","Let ordinary sensor readings develop while the voice names sound, temperature, reflections and body sensing.",PROGRESSIVE_MOTION,,NO,NO,KZ_CLIP_PHYSICAL_VARIABLES_SENSOR_RIG,04_ASSETS/CLIPS/CONFORMED_25FPS/KZ_CLIP_PHYSICAL_VARIABLES_SENSOR_RIG.mp4,LOCKED
KZ-CUE-062,224.420,225.400,0.980,That would be measurable.,EXPLANATORY_MODEL,KZ_SEQ_THEORY_PHYSICAL,KZ_CARD_PHYSICAL_VARIABLES,,SELECTED_READY,Keep the measurable ordinary variables available at both logic beats,"Progressively reveal state KZ_CARD_PHYSICAL_VARIABLES; one spoken claim at a time, no production-mode badge",STATIC_OR_NEAR_STATIC,,NO,NO,KZ_CARD_PHYSICAL_VARIABLES,04_ASSETS/GENERATED/DETERMINISTIC/KZ_CARD_PHYSICAL_VARIABLES.png,LOCKED
KZ-CUE-063,225.840,227.280,1.440,It would also not be time travel.,RECONSTRUCTION,KZ_SEQ_THEORY_PHYSICAL,KZ_MYSTIC_MEASURABLE_NOT_TRAVEL,,SELECTED_READY,Explicitly separate measurement from time travel,Ground the distinction in an ordinary analog bodily measurement beside a curved aluminum sample.,STATIC_OR_NEAR_STATIC,,NO,NO,KZ_MYSTIC_MEASURABLE_NOT_TRAVEL,04_ASSETS/GENERATED/NATIVE_IMAGEGEN/EXPERIENTIAL_UPGRADE/KZ_MYSTIC_MEASURABLE_NOT_TRAVEL.png,LOCKED
KZ-CUE-064,228.000,231.220,3.220,The third is the interpretation favored by proponents.,EXPLANATORY_MODEL,KZ_SEQ_THEORY_INFORMATION_TEST,KZ_CARD_THEORY_INFORMATION_ACTIVE,,SELECTED_READY,Activate the proponents' extraordinary branch,"Progressively reveal state KZ_CARD_THEORY_INFORMATION_ACTIVE; one spoken claim at a time, no production-mode badge",STATIC_OR_NEAR_STATIC,,NO,NO,KZ_CARD_THEORY_INFORMATION_ACTIVE,04_ASSETS/GENERATED/DETERMINISTIC/KZ_CARD_THEORY_INFORMATION_ACTIVE.png,LOCKED
KZ-CUE-065,231.260,235.340,4.080,The structure somehow changes access to information across distance or time.,INNER_HYPOTHESIS,KZ_SEQ_THEORY_INFORMATION_TEST,KZ_OBSERVER_DISTANCE_REFLECTION,,SELECTED_READY,Use a new theory diagram rather than returning to the distant-image sequence,Make the distance hypothesis spatially concrete through restrained reflected bands and an unreachable point.,STATIC_OR_NEAR_STATIC,,NO,NO,KZ_OBSERVER_DISTANCE_REFLECTION,04_ASSETS/GENERATED/NATIVE_IMAGEGEN/CLUSTER_BREAKS/KZ_OBSERVER_DISTANCE_REFLECTION.png,LOCKED
KZ-CUE-066,236.040,237.760,1.720,That is the extraordinary possibility.,INNER_HYPOTHESIS,KZ_SEQ_THEORY_INFORMATION_TEST,KZ_MYSTIC_EXTRAORDINARY_POSSIBILITY,,SELECTED_READY,Name the extraordinary possibility without endorsing it,Let an impossible-seeming chair reflection embody the possibility while remaining explicitly hypothetical in metadata and narration.,STATIC_OR_NEAR_STATIC,,NO,NO,KZ_MYSTIC_EXTRAORDINARY_POSSIBILITY,04_ASSETS/GENERATED/NATIVE_IMAGEGEN/EXPERIENTIAL_UPGRADE/KZ_MYSTIC_EXTRAORDINARY_POSSIBILITY.png,LOCKED
KZ-CUE-067,238.460,241.320,2.860,It is also the easiest one to expose to a clean test.,EXPLANATORY_MODEL,KZ_SEQ_THEORY_INFORMATION_TEST,KZ_CARD_CLEAN_TEST,,SELECTED_READY,Pivot from mystery to a decisive test,"Progressively reveal state KZ_CARD_CLEAN_TEST; one spoken claim at a time, no production-mode badge",STATIC_OR_NEAR_STATIC,,NO,NO,KZ_CARD_CLEAN_TEST,04_ASSETS/GENERATED/DETERMINISTIC/KZ_CARD_CLEAN_TEST.png,LOCKED
KZ-CUE-068,241.840,243.769,1.929,Not by asking whether someone felt different.,RECONSTRUCTION,KZ_SEQ_THEORY_INFORMATION_TEST,KZ_SUBJECTIVE_REPORT_HAND,,SELECTED_READY,Reject subjective feeling as the decisive outcome,Ground subjective testimony in the physical act of recording a report after isolation.,STATIC_OR_NEAR_STATIC,,NO,NO,KZ_SUBJECTIVE_REPORT_HAND,04_ASSETS/GENERATED/NATIVE_IMAGEGEN/CLUSTER_BREAKS/KZ_SUBJECTIVE_REPORT_HAND.png,LOCKED
KZ-CUE-069,244.380,248.560,4.180,By asking whether they learned something they could not already know.,INNER_HYPOTHESIS,KZ_SEQ_THEORY_INFORMATION_TEST,KZ_CLIP_INFORMATION_BEFORE_REVEAL,,SELECTED_READY,Define the target outcome: information not already knowable,Progressively organize reflected light before the sealed target is revealed; movement carries the perception process.,PROGRESSIVE_MOTION,,NO,NO,KZ_CLIP_INFORMATION_BEFORE_REVEAL,04_ASSETS/CLIPS/LOCAL_PROGRESSIVE/KZ_CLIP_INFORMATION_BEFORE_REVEAL.mp4,LOCKED
KZ-CUE-070,248.600,250.829,2.229,Imagine four sealed target images.,EXPLANATORY_MODEL,KZ_SEQ_BLIND_TARGET_PROTOCOL,KZ_TARGET_GRID_SEALED,,SELECTED_READY,Introduce four fixed sealed targets,Advance the controlled-test procedure to state KZ_TARGET_GRID_SEALED; retain fixed targets and ordering,STATIC_OR_NEAR_STATIC,,NO,NO,KZ_TARGET_GRID_SEALED,04_ASSETS/GENERATED/DETERMINISTIC/KZ_TARGET_GRID_SEALED.png,LOCKED
KZ-CUE-071,250.920,252.720,1.800,A red lighthouse surrounded by ice.,EXPLANATORY_MODEL,KZ_SEQ_BLIND_TARGET_PROTOCOL,KZ_TARGET01_LIGHTHOUSE,,SELECTED_READY,Show the lighthouse target exactly when named,Advance the controlled-test procedure to state KZ_TARGET01_LIGHTHOUSE; retain fixed targets and ordering,STATIC_OR_NEAR_STATIC,,NO,NO,KZ_TARGET01_LIGHTHOUSE,04_ASSETS/GENERATED/NATIVE_IMAGEGEN/KZ_TARGET01_LIGHTHOUSE.png,LOCKED
KZ-CUE-072,253.160,254.520,1.360,A violin on blue fabric.,EXPLANATORY_MODEL,KZ_SEQ_BLIND_TARGET_PROTOCOL,KZ_TARGET02_VIOLIN,,SELECTED_READY,Show the violin target exactly when named,Advance the controlled-test procedure to state KZ_TARGET02_VIOLIN; retain fixed targets and ordering,STATIC_OR_NEAR_STATIC,,NO,NO,KZ_TARGET02_VIOLIN,04_ASSETS/GENERATED/NATIVE_IMAGEGEN/KZ_TARGET02_VIOLIN.png,LOCKED
KZ-CUE-073,255.040,256.760,1.720,A burning car in an empty field.,EXPLANATORY_MODEL,KZ_SEQ_BLIND_TARGET_PROTOCOL,KZ_TARGET03_BURNING_CAR,,SELECTED_READY,Show the burning-car target exactly when named,Advance the controlled-test procedure to state KZ_TARGET03_BURNING_CAR; retain fixed targets and ordering,STATIC_OR_NEAR_STATIC,,NO,NO,KZ_TARGET03_BURNING_CAR,04_ASSETS/GENERATED/NATIVE_IMAGEGEN/KZ_TARGET03_BURNING_CAR.png,LOCKED
KZ-CUE-074,257.140,258.740,1.600,A white horse standing in water.,EXPLANATORY_MODEL,KZ_SEQ_BLIND_TARGET_PROTOCOL,KZ_TARGET04_WHITE_HORSE,,SELECTED_READY,Show the horse target exactly when named,Advance the controlled-test procedure to state KZ_TARGET04_WHITE_HORSE; retain fixed targets and ordering,STATIC_OR_NEAR_STATIC,,NO,NO,KZ_TARGET04_WHITE_HORSE,04_ASSETS/GENERATED/NATIVE_IMAGEGEN/KZ_TARGET04_WHITE_HORSE.png,LOCKED
KZ-CUE-075,259.340,261.019,1.679,Which target would you choose to hide?,EXPLANATORY_MODEL,KZ_SEQ_BLIND_TARGET_PROTOCOL,KZ_TARGET_GRID_CHOOSE,,SELECTED_READY,Invite a viewer choice while all four targets remain visible,Advance the controlled-test procedure to state KZ_TARGET_GRID_CHOOSE; retain fixed targets and ordering,STATIC_OR_NEAR_STATIC,,NO,NO,KZ_TARGET_GRID_CHOOSE,04_ASSETS/GENERATED/DETERMINISTIC/KZ_TARGET_GRID_CHOOSE.png,LOCKED
KZ-CUE-076,261.519,262.480,0.961,Hold it in your mind.,EXPLANATORY_MODEL,KZ_SEQ_BLIND_TARGET_PROTOCOL,KZ_TARGET_GRID_HOLD,,SELECTED_READY,Preserve the choice for the later reveal,Advance the controlled-test procedure to state KZ_TARGET_GRID_HOLD; retain fixed targets and ordering,STATIC_OR_NEAR_STATIC,,NO,NO,KZ_TARGET_GRID_HOLD,04_ASSETS/GENERATED/DETERMINISTIC/KZ_TARGET_GRID_HOLD.png,LOCKED
KZ-CUE-077,263.380,268.080,4.700,Only after the participant enters the chamber does a computer randomly select one image.,EXPLANATORY_MODEL,KZ_SEQ_BLIND_TARGET_PROTOCOL,KZ_PROTOCOL_RANDOM_SELECTION,,SELECTED_READY,Show selection occurring only after chamber entry,Advance the controlled-test procedure to state KZ_PROTOCOL_RANDOM_SELECTION; retain fixed targets and ordering,STATIC_OR_NEAR_STATIC,,NO,NO,KZ_PROTOCOL_RANDOM_SELECTION,04_ASSETS/GENERATED/DETERMINISTIC/KZ_PROTOCOL_RANDOM_SELECTION.png,LOCKED
KZ-CUE-078,268.680,270.280,1.600,Nobody present knows which one.,EXPLANATORY_MODEL,KZ_SEQ_BLIND_TARGET_PROTOCOL,KZ_PROTOCOL_DOUBLE_BLIND,,SELECTED_READY,Make the nobody-knows condition unmistakable,Advance the controlled-test procedure to state KZ_PROTOCOL_DOUBLE_BLIND; retain fixed targets and ordering,STATIC_OR_NEAR_STATIC,,NO,NO,KZ_PROTOCOL_DOUBLE_BLIND,04_ASSETS/GENERATED/DETERMINISTIC/KZ_PROTOCOL_DOUBLE_BLIND.png,LOCKED
KZ-CUE-079,270.920,274.160,3.240,The participant speaks or draws whatever appears.,RECONSTRUCTION,KZ_SEQ_BLIND_TARGET_PROTOCOL,KZ_EN_REC03_PARTICIPANT_REPORT,,SELECTED_READY,Show speech/drawing before target reveal,Use the concrete reconstruction state KZ_EN_REC03_PARTICIPANT_REPORT; preserve chamber geometry and change framing or action,STATIC_OR_NEAR_STATIC,,NO,NO,KZ_EN_REC03_PARTICIPANT_REPORT,04_ASSETS/GENERATED/NATIVE_IMAGEGEN/KZ_EN_REC03_PARTICIPANT_REPORT.png,LOCKED
KZ-CUE-080,274.180,280.140,5.960,Independent judges compare the description with all four targets using rules fixed before the session.,EXPLANATORY_MODEL,KZ_SEQ_BLIND_TARGET_PROTOCOL,KZ_PROTOCOL_JUDGING,,SELECTED_READY,Show independent pre-registered comparison against all four targets,Advance the controlled-test procedure to state KZ_PROTOCOL_JUDGING; retain fixed targets and ordering,STATIC_OR_NEAR_STATIC,,NO,NO,KZ_PROTOCOL_JUDGING,04_ASSETS/GENERATED/DETERMINISTIC/KZ_PROTOCOL_JUDGING.png,LOCKED
KZ-CUE-081,280.160,282.400,2.240,Then another laboratory repeats the procedure.,EXPLANATORY_MODEL,KZ_REPLICATION_CHAIN_LAB2,KZ_REPLICATION_CHAIN_LAB2,,SELECTED_READY,Extend the procedure into a second laboratory,Advance the controlled-test procedure to state KZ_REPLICATION_CHAIN_LAB2; retain fixed targets and ordering,STATIC_OR_NEAR_STATIC,,NO,NO,KZ_REPLICATION_CHAIN_LAB2,04_ASSETS/GENERATED/DETERMINISTIC/KZ_REPLICATION_CHAIN_LAB2.png,LOCKED
KZ-CUE-082,283.140,289.240,6.100,"If the hidden image is the lighthouse and the participant says tower, red light, ice, that is interesting.",EXPLANATORY_MODEL,KZ_SEQ_MATCH_VS_CHANCE,KZ_TARGET_MATCH_LIGHTHOUSE,,SELECTED_READY,Show why tower/red/ice resembles the lighthouse,Advance the controlled-test procedure to state KZ_TARGET_MATCH_LIGHTHOUSE; retain fixed targets and ordering,STATIC_OR_NEAR_STATIC,,NO,NO,KZ_TARGET_MATCH_LIGHTHOUSE,04_ASSETS/GENERATED/DETERMINISTIC/KZ_TARGET_MATCH_LIGHTHOUSE.png,LOCKED
KZ-CUE-083,289.880,291.980,2.100,But one resemblance can be found by chance.,EXPLANATORY_MODEL,KZ_SEQ_MATCH_VS_CHANCE,KZ_CARD_ONE_MATCH_CHANCE,,SELECTED_READY,Downgrade one resemblance to a chance-compatible observation,"Progressively reveal state KZ_CARD_ONE_MATCH_CHANCE; one spoken claim at a time, no production-mode badge",STATIC_OR_NEAR_STATIC,,NO,NO,KZ_CARD_ONE_MATCH_CHANCE,04_ASSETS/GENERATED/DETERMINISTIC/KZ_CARD_ONE_MATCH_CHANCE.png,LOCKED
KZ-CUE-084,292.580,295.380,2.800,Or created by interpretation after the answer is known.,EXPLANATORY_MODEL,KZ_SEQ_MATCH_VS_CHANCE,KZ_CARD_POSTHOC_INTERPRETATION,,SELECTED_READY,Expose interpretation after the answer is known,"Progressively reveal state KZ_CARD_POSTHOC_INTERPRETATION; one spoken claim at a time, no production-mode badge",STATIC_OR_NEAR_STATIC,,NO,NO,KZ_CARD_POSTHOC_INTERPRETATION,04_ASSETS/GENERATED/DETERMINISTIC/KZ_CARD_POSTHOC_INTERPRETATION.png,LOCKED
KZ-CUE-085,296.000,299.860,3.860,Repeated identification under blinded conditions would be different.,EXPLANATORY_MODEL,KZ_SEQ_PREDICTIONS_AND_MISSING_TEST,KZ_REPLICATION_REPEATED_BLIND,,SELECTED_READY,Show the repeated blinded pattern that would matter,Advance the controlled-test procedure to state KZ_REPLICATION_REPEATED_BLIND; retain fixed targets and ordering,STATIC_OR_NEAR_STATIC,,NO,NO,KZ_REPLICATION_REPEATED_BLIND,04_ASSETS/GENERATED/DETERMINISTIC/KZ_REPLICATION_REPEATED_BLIND.png,LOCKED
KZ-CUE-086,299.900,301.940,2.040,It would force all three theories apart.,INNER_HYPOTHESIS,KZ_SEQ_PREDICTIONS_AND_MISSING_TEST,KZ_MYSTIC_THEORIES_FORCED_APART,,SELECTED_READY,Separate the predictions of all three explanations,"Force the explanations apart as distinct heat, light and sensor traces across one real chamber gap.",STATIC_OR_NEAR_STATIC,,NO,NO,KZ_MYSTIC_THEORIES_FORCED_APART,04_ASSETS/GENERATED/NATIVE_IMAGEGEN/EXPERIENTIAL_UPGRADE/KZ_MYSTIC_THEORIES_FORCED_APART.png,LOCKED
KZ-CUE-087,302.530,304.770,2.240,Isolation could explain an intense state.,RECONSTRUCTION,KZ_SEQ_PREDICTIONS_AND_MISSING_TEST,KZ_PSYCHOLOGY_ISOLATION_BODY,,SELECTED_READY,"Psychology predicts an intense state, not target access","Show the psychology prediction as a human body under sensory isolation, not an abstract card.",STATIC_OR_NEAR_STATIC,,NO,NO,KZ_PSYCHOLOGY_ISOLATION_BODY,04_ASSETS/GENERATED/NATIVE_IMAGEGEN/CLUSTER_BREAKS/KZ_PSYCHOLOGY_ISOLATION_BODY.png,LOCKED
KZ-CUE-088,305.220,308.090,2.870,A physical change could explain a measurable bodily effect.,RECONSTRUCTION,KZ_SEQ_PREDICTIONS_AND_MISSING_TEST,KZ_PHYSICAL_MEASUREMENT_CLOSEUP,,SELECTED_READY,Use a new prediction card instead of returning to the variables card,Move to an ordinary analog measurement close-up for the physical prediction.,STATIC_OR_NEAR_STATIC,,NO,NO,KZ_PHYSICAL_MEASUREMENT_CLOSEUP,04_ASSETS/GENERATED/NATIVE_IMAGEGEN/CLUSTER_BREAKS/KZ_PHYSICAL_MEASUREMENT_CLOSEUP.png,LOCKED
KZ-CUE-089,308.820,311.240,2.420,Neither should reveal a randomly selected target.,RECONSTRUCTION,KZ_SEQ_PREDICTIONS_AND_MISSING_TEST,KZ_RANDOM_TARGET_SEALED_VAULT,,SELECTED_READY,Show that neither ordinary branch predicts a random hidden image,Make the random-target boundary tangible in a separate room with sealed choices and controlled access.,STATIC_OR_NEAR_STATIC,,NO,NO,KZ_RANDOM_TARGET_SEALED_VAULT,04_ASSETS/GENERATED/NATIVE_IMAGEGEN/CLUSTER_BREAKS/KZ_RANDOM_TARGET_SEALED_VAULT.png,LOCKED
KZ-CUE-090,312.690,316.990,4.300,That is why the missing experiment matters more than another story from inside the chamber.,RECONSTRUCTION,KZ_SEQ_PREDICTIONS_AND_MISSING_TEST,KZ_CLIP_MISSING_EXPERIMENT_VOID,,SELECTED_READY,Make the missing controlled experiment the central absence,"Let the lab visibly power down toward an empty results tray so the missing experiment becomes an experience, not a title card.",PROGRESSIVE_MOTION,,NO,NO,KZ_CLIP_MISSING_EXPERIMENT_VOID,04_ASSETS/CLIPS/LOCAL_PROGRESSIVE/KZ_CLIP_MISSING_EXPERIMENT_VOID.mp4,LOCKED
KZ-CUE-091,317.610,321.159,3.549,The sources behind this episode contain a real patent.,ORIGINAL_DOCUMENT,KZ_SEQ_EVIDENCE_AND_REPLICATION,KZ_DOC_016,,SELECTED_READY,Return to the real patent in the source stack,Show the authentic patent-office line and full page context as the real-patent anchor.,STATIC_OR_NEAR_STATIC,,NO,,KZ_DOC_016,04_ASSETS/GENERATED/DOCUMENT_EVIDENCE/KZ_DOC_016.png,LOCKED
KZ-CUE-092,321.200,326.680,5.480,They contain publications in which the researchers describe extraordinary information effects.,ORIGINAL_DOCUMENT,KZ_SEQ_EVIDENCE_AND_REPLICATION,KZ_DOC_029,,SELECTED_READY,Return to the researchers' extraordinary-effect publications,Show the complete authors' English abstract with genuine information-transmission and unusual-optical-effects phrases highlighted.,STATIC_OR_NEAR_STATIC,,NO,,KZ_DOC_029,04_ASSETS/GENERATED/DOCUMENT_EVIDENCE/KZ_DOC_029.png,LOCKED
KZ-CUE-093,326.720,333.180,6.460,What they do not provide is a convincing chain of independent replications showing access to remote or future information.,EXPLANATORY_MODEL,KZ_SEQ_EVIDENCE_AND_REPLICATION,KZ_REPLICATION_CHAIN_MISSING,,SELECTED_READY,Show the broken independent-replication chain,Advance the controlled-test procedure to state KZ_REPLICATION_CHAIN_MISSING; retain fixed targets and ordering,STATIC_OR_NEAR_STATIC,,NO,NO,KZ_REPLICATION_CHAIN_MISSING,04_ASSETS/GENERATED/DETERMINISTIC/KZ_REPLICATION_CHAIN_MISSING.png,LOCKED
KZ-CUE-094,334.040,336.080,2.040,The apparatus is not the missing evidence.,EXPLANATORY_MODEL,KZ_SEQ_EVIDENCE_AND_REPLICATION,KZ_CARD_APPARATUS_NOT_EVIDENCE,,SELECTED_READY,Separate the documented apparatus from missing empirical evidence,"Progressively reveal state KZ_CARD_APPARATUS_NOT_EVIDENCE; one spoken claim at a time, no production-mode badge",STATIC_OR_NEAR_STATIC,,NO,NO,KZ_CARD_APPARATUS_NOT_EVIDENCE,04_ASSETS/GENERATED/DETERMINISTIC/KZ_CARD_APPARATUS_NOT_EVIDENCE.png,LOCKED
KZ-CUE-095,336.720,338.240,1.520,The independent result is.,EXPLANATORY_MODEL,KZ_SEQ_EVIDENCE_AND_REPLICATION,KZ_CARD_INDEPENDENT_RESULT,,SELECTED_READY,Name the independent result as the missing link,"Progressively reveal state KZ_CARD_INDEPENDENT_RESULT; one spoken claim at a time, no production-mode badge",STATIC_OR_NEAR_STATIC,,NO,NO,KZ_CARD_INDEPENDENT_RESULT,04_ASSETS/GENERATED/DETERMINISTIC/KZ_CARD_INDEPENDENT_RESULT.png,LOCKED
KZ-CUE-096,339.240,341.600,2.360,And here the patent creates one final trap.,INTERPRETIVE_FILMIC,KZ_SEQ_PATENT_AUTHORITY_TRAP,KZ_FILM_PATENT_AUTHORITY_LIGHTTABLE,,SELECTED_READY,Set up the final patent-authority trap,Set up the authority trap as a filmic light-table metaphor with no readable synthetic document.,STATIC_OR_NEAR_STATIC,,NO,,KZ_FILM_PATENT_AUTHORITY_LIGHTTABLE,04_ASSETS/GENERATED/NATIVE_IMAGEGEN/FINAL_DOCUMENT_REPAIR/KZ_FILM_PATENT_AUTHORITY_LIGHTTABLE.png,LOCKED
KZ-CUE-097,342.160,343.200,1.040,It looks like a verdict.,INTERPRETIVE_FILMIC,KZ_SEQ_PATENT_AUTHORITY_TRAP,KZ_FILM_PATENT_AUTHORITY_LIGHTTABLE,,SELECTED_READY,Let the formal page resemble a verdict before deconstruction,Continue the same uninterrupted authority image through the verdict line.,STATIC_OR_NEAR_STATIC,,NO,,KZ_FILM_PATENT_AUTHORITY_LIGHTTABLE,04_ASSETS/GENERATED/NATIVE_IMAGEGEN/FINAL_DOCUMENT_REPAIR/KZ_FILM_PATENT_AUTHORITY_LIGHTTABLE.png,LOCKED
KZ-CUE-098,343.490,344.310,0.820,A government number.,ORIGINAL_DOCUMENT,KZ_SEQ_PATENT_AUTHORITY_TRAP,KZ_DOC_030,,SELECTED_READY,Isolate the government number,"Begin one static authentic metadata composite containing the complete number, date and inventor fields.",STATIC_OR_NEAR_STATIC,,NO,,KZ_DOC_030,04_ASSETS/GENERATED/DOCUMENT_EVIDENCE/KZ_DOC_030.png,LOCKED
KZ-CUE-099,344.860,345.190,0.330,Dates.,ORIGINAL_DOCUMENT,KZ_SEQ_PATENT_AUTHORITY_TRAP,KZ_DOC_030,,SELECTED_READY,Isolate the dates,Continue the same static metadata composite; complete application/publication lines remain visible.,STATIC_OR_NEAR_STATIC,,NO,,KZ_DOC_030,04_ASSETS/GENERATED/DOCUMENT_EVIDENCE/KZ_DOC_030.png,LOCKED
KZ-CUE-100,345.440,345.930,0.490,Inventors.,ORIGINAL_DOCUMENT,KZ_SEQ_PATENT_AUTHORITY_TRAP,KZ_DOC_030,,SELECTED_READY,Isolate the inventor names,Continue the same static metadata composite; complete inventor lines remain visible.,STATIC_OR_NEAR_STATIC,,NO,,KZ_DOC_030,04_ASSETS/GENERATED/DOCUMENT_EVIDENCE/KZ_DOC_030.png,LOCKED
KZ-CUE-101,346.420,347.390,0.970,Technical drawings.,ORIGINAL_TECHNICAL_FIGURE,KZ_SEQ_PATENT_AUTHORITY_TRAP,KZ_FIG_PATENT_DRAWING_FIG3,,SELECTED_READY,Isolate the technical drawings,"Show the previously unused authentic Figure 3 spiral page, distinct from the earlier motorized-platform figure.",STATIC_OR_NEAR_STATIC,,NO,,KZ_FIG_PATENT_DRAWING_FIG3,04_ASSETS/GENERATED/FINAL_DOCUMENT_TIMELINE/KZ_FIG_PATENT_DRAWING_FIG3.png,LOCKED
KZ-CUE-102,347.700,348.910,1.210,The language of authority.,EXPLANATORY_MODEL,KZ_SEQ_PATENT_AUTHORITY_TRAP,KZ_CARD_LANGUAGE_OF_AUTHORITY,,SELECTED_READY,Name why the page feels authoritative,"Progressively reveal state KZ_CARD_LANGUAGE_OF_AUTHORITY; one spoken claim at a time, no production-mode badge",STATIC_OR_NEAR_STATIC,,NO,NO,KZ_CARD_LANGUAGE_OF_AUTHORITY,04_ASSETS/GENERATED/DETERMINISTIC/KZ_CARD_LANGUAGE_OF_AUTHORITY.png,LOCKED
KZ-CUE-103,349.940,354.500,4.560,"Online, that appearance becomes an argument: patented means proven.",EXPLANATORY_MODEL,KZ_SEQ_PATENT_AUTHORITY_TRAP,KZ_ONLINE_PATENT_AUTHORITY,,SELECTED_READY,Expose the online patented-means-proven inference,Use a contemporary patent-search moment to expose the authority shortcut from patented to proven.,STATIC_OR_NEAR_STATIC,,NO,NO,KZ_ONLINE_PATENT_AUTHORITY,04_ASSETS/GENERATED/NATIVE_IMAGEGEN/CLUSTER_BREAKS/KZ_ONLINE_PATENT_AUTHORITY.png,LOCKED
KZ-CUE-104,354.540,355.170,0.630,It does not.,EXPLANATORY_MODEL,KZ_SEQ_PATENT_AUTHORITY_TRAP,KZ_CARD_IT_DOES_NOT,,SELECTED_READY,Break the false inference with a short hard stop,"Progressively reveal state KZ_CARD_IT_DOES_NOT; one spoken claim at a time, no production-mode badge",STATIC_OR_NEAR_STATIC,,NO,NO,KZ_CARD_IT_DOES_NOT,04_ASSETS/GENERATED/DETERMINISTIC/KZ_CARD_IT_DOES_NOT.png,LOCKED
KZ-CUE-105,355.600,362.039,6.439,"A patent can show who filed an invention, how it was described, and what effects its inventors attributed to it.",EVIDENCE_PROCESS,KZ_SEQ_PATENT_AUTHORITY_TRAP,KZ_CLIP_PATENT_VALUE_LIMITS_CONTINUOUS,,SELECTED_READY,List the legitimate provenance uses of a patent,Begin a progressive evidence-desk-to-empty-result sequence explaining what a patent can establish.,PROGRESSIVE_MOTION,"A 13.96-second continuous sequence is justified by three visible phases: scope card, provenance desk, then empty empirical result.",NO,,KZ_CLIP_PATENT_VALUE_LIMITS_CONTINUOUS,04_ASSETS/CLIPS/LOCAL_PROGRESSIVE/KZ_CLIP_PATENT_VALUE_LIMITS_CONTINUOUS.mp4,LOCKED
KZ-CUE-106,362.060,365.680,3.620,It does not certify that an extraordinary effect reliably occurs.,EVIDENCE_PROCESS,KZ_SEQ_PATENT_AUTHORITY_TRAP,KZ_CLIP_PATENT_VALUE_LIMITS_CONTINUOUS,,SELECTED_READY,State that patent status does not certify extraordinary effects,Continue to the empty result state while the narration states the evidentiary limit.,PROGRESSIVE_MOTION,Continuous evolving clip; no restart.,NO,,KZ_CLIP_PATENT_VALUE_LIMITS_CONTINUOUS,04_ASSETS/CLIPS/LOCAL_PROGRESSIVE/KZ_CLIP_PATENT_VALUE_LIMITS_CONTINUOUS.mp4,LOCKED
KZ-CUE-107,366.320,369.340,3.020,"For this story, the patent is still invaluable.",EVIDENCE_PROCESS,KZ_SEQ_PATENT_PHYSICAL_PAYOFF,KZ_CLIP_PATENT_VALUE_LIMITS_CONTINUOUS,,SELECTED_READY,"Reframe the patent as invaluable documentation, not proof",End on the patent's documentary value without returning to a document card.,PROGRESSIVE_MOTION,Continuous evolving clip; no restart.,NO,,KZ_CLIP_PATENT_VALUE_LIMITS_CONTINUOUS,04_ASSETS/CLIPS/LOCAL_PROGRESSIVE/KZ_CLIP_PATENT_VALUE_LIMITS_CONTINUOUS.mp4,LOCKED
KZ-CUE-108,369.360,370.890,1.530,It gives the legend dimensions.,ORIGINAL_DOCUMENT,KZ_SEQ_PATENT_PHYSICAL_PAYOFF,KZ_DOC_031,,SELECTED_READY,Return to the dimensions the document actually supplies,Hold a distinct mobile-readable composition of the complete dimensions/material sentence.,STATIC_OR_NEAR_STATIC,,NO,,KZ_DOC_031,04_ASSETS/GENERATED/DOCUMENT_EVIDENCE/KZ_DOC_031.png,LOCKED
KZ-CUE-109,371.400,372.310,0.910,Aluminum alloys.,RECONSTRUCTION,KZ_SEQ_PATENT_PHYSICAL_PAYOFF,KZ_EN_HERO02,,SELECTED_READY,"One continuous accepted material-detail shot across alloy, surface and fasteners",Use a distinct physical macro crop for state KZ_EN_HERO02; do not repeat the previous framing,STATIC_OR_NEAR_STATIC,,NO,NO,KZ_EN_HERO02,04_ASSETS/GENERATED/NANO_BANANA_PRO/KZ_EN_HERO02.png,LOCKED
KZ-CUE-110,372.620,373.560,0.940,Polished surfaces.,RECONSTRUCTION,KZ_SEQ_PATENT_PHYSICAL_PAYOFF,KZ_EN_HERO02,,SELECTED_READY,"One continuous accepted material-detail shot across alloy, surface and fasteners",Use a distinct physical macro crop for state KZ_EN_HERO02; do not repeat the previous framing,STATIC_OR_NEAR_STATIC,,NO,NO,KZ_EN_HERO02,04_ASSETS/GENERATED/NANO_BANANA_PRO/KZ_EN_HERO02.png,LOCKED
KZ-CUE-111,373.900,374.450,0.550,Fasteners.,RECONSTRUCTION,KZ_SEQ_PATENT_PHYSICAL_PAYOFF,KZ_EN_HERO02,,SELECTED_READY,"One continuous accepted material-detail shot across alloy, surface and fasteners",Use a distinct physical macro crop for state KZ_EN_HERO02; do not repeat the previous framing,STATIC_OR_NEAR_STATIC,,NO,NO,KZ_EN_HERO02,04_ASSETS/GENERATED/NANO_BANANA_PRO/KZ_EN_HERO02.png,LOCKED
KZ-CUE-112,374.780,375.610,0.830,Focal distance.,PHYSICAL_RECAP,KZ_SEQ_PATENT_PHYSICAL_PAYOFF,KZ_CLIP_PATENT_FEATURES_RECAP,,SELECTED_READY,Use a distinct text detail rather than returning to the earlier focus diagram,Begin a new mechanical chamber insert with a progressive focal-distance overlay.,PROGRESSIVE_MOTION,,NO,,KZ_CLIP_PATENT_FEATURES_RECAP,04_ASSETS/CLIPS/LOCAL_PROGRESSIVE/KZ_CLIP_PATENT_FEATURES_RECAP.mp4,LOCKED
KZ-CUE-113,375.960,376.500,0.540,Direction.,PHYSICAL_RECAP,KZ_SEQ_PATENT_PHYSICAL_PAYOFF,KZ_CLIP_PATENT_FEATURES_RECAP,,SELECTED_READY,Use a new verified direction detail rather than the earlier comparison model,Continue the same clip with direction indication; no document return.,PROGRESSIVE_MOTION,,NO,,KZ_CLIP_PATENT_FEATURES_RECAP,04_ASSETS/CLIPS/LOCAL_PROGRESSIVE/KZ_CLIP_PATENT_FEATURES_RECAP.mp4,LOCKED
KZ-CUE-114,376.800,377.350,0.550,Rotation.,PHYSICAL_RECAP,KZ_SEQ_PATENT_PHYSICAL_PAYOFF,KZ_CLIP_PATENT_FEATURES_RECAP,,SELECTED_READY,Use a new verified rotation detail rather than the earlier figure-four export,Finish the same clip at the physical drive/rotation state.,PROGRESSIVE_MOTION,,NO,,KZ_CLIP_PATENT_FEATURES_RECAP,04_ASSETS/CLIPS/LOCAL_PROGRESSIVE/KZ_CLIP_PATENT_FEATURES_RECAP.mp4,LOCKED
KZ-CUE-115,378.140,379.690,1.550,The invisible acquired screws.,RECONSTRUCTION,KZ_SEQ_PATENT_PHYSICAL_PAYOFF,KZ_EN_REC05_SCREWS_MACRO,,SELECTED_READY,New physical macro action for the screws payoff; not a crop of HERO02,Use the concrete reconstruction state KZ_EN_REC05_SCREWS_MACRO; preserve chamber geometry and change framing or action,STATIC_OR_NEAR_STATIC,,NO,NO,KZ_EN_REC05_SCREWS_MACRO,04_ASSETS/GENERATED/NATIVE_IMAGEGEN/KZ_EN_REC05_SCREWS_MACRO.png,LOCKED
KZ-CUE-116,381.180,383.350,2.170,So what remains when the stories are pulled apart?,RECONSTRUCTION,KZ_SEQ_DOCUMENTED_RESIDUE,KZ_EN_REC18_EMPTY_CHAMBER_A,,SELECTED_READY,Strip the legend back to an empty documented object,Use the concrete reconstruction state KZ_EN_REC18_EMPTY_CHAMBER_A; preserve chamber geometry and change framing or action,STATIC_OR_NEAR_STATIC,,NO,NO,KZ_EN_REC18_EMPTY_CHAMBER_A,04_ASSETS/GENERATED/NATIVE_IMAGEGEN/KZ_EN_REC18_EMPTY_CHAMBER_A.png,LOCKED
KZ-CUE-117,383.830,385.660,1.830,The patented chamber is documented.,PHYSICAL_CHAMBER,KZ_SEQ_DOCUMENTED_RESIDUE,KZ_EN_REC18_EMPTY_CHAMBER_A,,SELECTED_READY,Pair the empty object with the document that establishes it,Continue the immediately preceding empty-chamber payoff as one uninterrupted physical state; the patent has already been established by authentic evidence.,STATIC_OR_NEAR_STATIC,,NO,,KZ_EN_REC18_EMPTY_CHAMBER_A,04_ASSETS/GENERATED/NATIVE_IMAGEGEN/KZ_EN_REC18_EMPTY_CHAMBER_A.png,LOCKED
KZ-CUE-118,386.040,392.400,6.360,"Kaznacheev and Trofimov connected it with unusual claims about perception, information, and time.",SUBJECTIVE_HYPOTHESIS,KZ_SEQ_DOCUMENTED_RESIDUE,KZ_MYSTIC_CLAIMS_TRIAD,,SELECTED_READY,Show the correct researchers beside their unusual claims,"Show perception, distant information and temporal ambiguity as three unresolved chamber reflections, not as a source quote.",STATIC_OR_NEAR_STATIC,,NO,,KZ_MYSTIC_CLAIMS_TRIAD,04_ASSETS/GENERATED/NATIVE_IMAGEGEN/FINAL_DOCUMENT_REPAIR/KZ_MYSTIC_CLAIMS_TRIAD.png,LOCKED
KZ-CUE-119,392.460,396.030,3.570,Reports of intense experiences belong to the history of the project.,SUBJECTIVE_HYPOTHESIS,KZ_SEQ_DOCUMENTED_RESIDUE,KZ_MYSTIC_INTENSE_EXPERIENCE_HISTORY,,SELECTED_READY,Place intense-experience reports inside the project history,Use a unique body-boundary experience image for the historical report beat; no fake phrase or horror figure.,STATIC_OR_NEAR_STATIC,,NO,,KZ_MYSTIC_INTENSE_EXPERIENCE_HISTORY,04_ASSETS/GENERATED/NATIVE_IMAGEGEN/FINAL_DOCUMENT_REPAIR/KZ_MYSTIC_INTENSE_EXPERIENCE_HISTORY.png,LOCKED
KZ-CUE-120,396.640,399.480,2.840,But Nikolai Kozyrev did not build the patented machine.,ORIGINAL_DOCUMENT,KZ_SEQ_DOCUMENTED_RESIDUE,KZ_HISTORY_KOZYREV_NOT_CHAMBER_BUILDER,,SELECTED_READY,Show Kozyrev in a genuinely different authenticated context at the no-builder conclusion,"Return to a new factual patent detail: the inventor field lists Kaznacheev and Trofimov, not Kozyrev.",STATIC_OR_NEAR_STATIC,,NO,NO,KZ_HISTORY_KOZYREV_NOT_CHAMBER_BUILDER,04_ASSETS/GENERATED/DETERMINISTIC/KZ_HISTORY_KOZYREV_NOT_CHAMBER_BUILDER.png,LOCKED
KZ-CUE-121,400.080,402.250,2.170,And the central claim remains unconfirmed.,RECONSTRUCTION,KZ_SEQ_DOCUMENTED_RESIDUE,KZ_EN_REC18_EMPTY_CHAMBER_B,,SELECTED_READY,Hold the unconfirmed central claim in an empty-room state,Use the concrete reconstruction state KZ_EN_REC18_EMPTY_CHAMBER_B; preserve chamber geometry and change framing or action,STATIC_OR_NEAR_STATIC,,NO,NO,KZ_EN_REC18_EMPTY_CHAMBER_B,04_ASSETS/GENERATED/NATIVE_IMAGEGEN/KZ_EN_REC18_EMPTY_CHAMBER_B.png,LOCKED
KZ-CUE-122,402.900,408.170,5.270,Can a person inside this room identify information no ordinary sense could supply?,INNER_HYPOTHESIS,KZ_SEQ_FINAL_TEST_QUESTION,KZ_MYSTIC_DECISIVE_INFORMATION_QUESTION,,SELECTED_READY,"Use a new decisive-question composition, not the earlier distant-image motif","Stage the decisive question across observer, participant and sealed target without claiming an answer.",STATIC_OR_NEAR_STATIC,,NO,NO,KZ_MYSTIC_DECISIVE_INFORMATION_QUESTION,04_ASSETS/GENERATED/NATIVE_IMAGEGEN/EXPERIENTIAL_UPGRADE/KZ_MYSTIC_DECISIVE_INFORMATION_QUESTION.png,LOCKED
KZ-CUE-123,408.810,410.140,1.330,The clean test is obvious.,EXPLANATORY_MODEL,KZ_SEQ_FINAL_TEST_QUESTION,KZ_PROTOCOL_CLEAN_TEST,,SELECTED_READY,Return to the exact clean test,Advance the controlled-test procedure to state KZ_PROTOCOL_CLEAN_TEST; retain fixed targets and ordering,STATIC_OR_NEAR_STATIC,,NO,NO,KZ_PROTOCOL_CLEAN_TEST,04_ASSETS/GENERATED/DETERMINISTIC/KZ_PROTOCOL_CLEAN_TEST.png,LOCKED
KZ-CUE-124,410.540,412.050,1.510,The independent result is not.,RECONSTRUCTION,KZ_SEQ_FINAL_TEST_QUESTION,KZ_MYSTIC_RESULT_STILL_MISSING,,SELECTED_READY,Use a new terminal missing-result state rather than restarting the replication-chain asset,"Show the absent chair, unplugged sensor and dark final chamber layer as the missing result.",STATIC_OR_NEAR_STATIC,,NO,NO,KZ_MYSTIC_RESULT_STILL_MISSING,04_ASSETS/GENERATED/NATIVE_IMAGEGEN/EXPERIENTIAL_UPGRADE/KZ_MYSTIC_RESULT_STILL_MISSING.png,LOCKED
KZ-CUE-125,412.820,415.370,2.550,So why did the story become larger than the experiment?,RECONSTRUCTION,KZ_CLIP_EMPTY_SPIRAL_PAYOFF,KZ_CLIP_EMPTY_SPIRAL_PAYOFF,,SELECTED_READY,Unresolved empty chamber payoff across the final two questions,Use the concrete reconstruction state KZ_CLIP_EMPTY_SPIRAL_PAYOFF; preserve chamber geometry and change framing or action,PROGRESSIVE_MOTION,The final chamber action advances continuously from mechanical stillness to a changing reflection/shadow and unresolved darkness across two questions; it is never restarted.,NO,NO,KZ_CLIP_EMPTY_SPIRAL_PAYOFF,04_ASSETS/CLIPS/CONFORMED_25FPS/KZ_CLIP_EMPTY_SPIRAL_PAYOFF.mp4,LOCKED
KZ-CUE-126,415.780,421.240,5.460,"And why, after all these years, is the simplest decisive test still the part we cannot see?",RECONSTRUCTION,KZ_CLIP_EMPTY_SPIRAL_PAYOFF,KZ_CLIP_EMPTY_SPIRAL_PAYOFF,,SELECTED_READY,Unresolved empty chamber payoff across the final two questions,Use the concrete reconstruction state KZ_CLIP_EMPTY_SPIRAL_PAYOFF; preserve chamber geometry and change framing or action,PROGRESSIVE_MOTION,The final chamber action advances continuously from mechanical stillness to a changing reflection/shadow and unresolved darkness across two questions; it is never restarted.,NO,NO,KZ_CLIP_EMPTY_SPIRAL_PAYOFF,04_ASSETS/CLIPS/CONFORMED_25FPS/KZ_CLIP_EMPTY_SPIRAL_PAYOFF.mp4,LOCKED
KZ-CUE-127,421.940,425.200,3.260,"In the next file, that same dream leaves the aluminum chamber.",EXPLANATORY_MODEL,KZ_SEQ_FORT_MEADE_HANDOFF,KZ_MAP_NOVOSIBIRSK_TO_FORT_MEADE,,SELECTED_READY,Move the next-file handoff out of the chamber and across the map,"Progressively reveal state KZ_MAP_NOVOSIBIRSK_TO_FORT_MEADE; one spoken claim at a time, no production-mode badge",STATIC_OR_NEAR_STATIC,,NO,NO,KZ_MAP_NOVOSIBIRSK_TO_FORT_MEADE,04_ASSETS/GENERATED/DETERMINISTIC/KZ_MAP_NOVOSIBIRSK_TO_FORT_MEADE.png,LOCKED
KZ-CUE-128,425.720,427.440,1.720,It enters Fort Meade.,EXPLANATORY_MODEL,KZ_SEQ_FORT_MEADE_HANDOFF,KZ_MAP_FORT_MEADE_ZOOM,,SELECTED_READY,Land geographically on Fort Meade,"Progressively reveal state KZ_MAP_FORT_MEADE_ZOOM; one spoken claim at a time, no production-mode badge",STATIC_OR_NEAR_STATIC,,NO,NO,KZ_MAP_FORT_MEADE_ZOOM,04_ASSETS/GENERATED/DETERMINISTIC/KZ_MAP_FORT_MEADE_ZOOM.png,LOCKED
KZ-CUE-129,427.480,431.980,4.500,And an Army officer writes a test for three observers positioned in three different times.,INNER_HYPOTHESIS,KZ_SEQ_FORT_MEADE_HANDOFF,KZ_CLIP_THREE_OBSERVERS_TRANSITION,,SELECTED_READY,Tease the next protocol's three-observer time structure,Move one practical reflection through three empty observer positions for an EP01-only closing promise that does not pre-use Gateway imagery.,PROGRESSIVE_MOTION,,NO,NO,KZ_CLIP_THREE_OBSERVERS_TRANSITION,04_ASSETS/CLIPS/LOCAL_PROGRESSIVE/KZ_CLIP_THREE_OBSERVERS_TRANSITION.mp4,LOCKED
