shot_id,take_id,act,take_start_est,take_end_est,visual_start_est,visual_end_est,semantic_anchor,asset_id,asset_class,asset_path_or_plan,asset_status,motion_policy,sfx_cue,music_atmo,edit_note
A001,EP06_TAKE_001_DEZEMBER_1963,S1,00:00:00.000,00:00:17.400,00:00:00.000,00:00:02.486,Dezember 1963 / Hufford,IMG033,PLANNED_GENERATED_STILL,PLANNED/IMG033_HUFFORD_1963_STUDENT_RECON.png,MISSING_TO_CREATE_OR_LICENSE,GENTLE_PUSH_MAX_1.025_EASED,ROOMTONE_DORM,MX_LOW_0.90+MX_NOISE_ROOM,
A002,EP06_TAKE_001_DEZEMBER_1963,S1,00:00:00.000,00:00:17.400,00:00:02.486,00:00:04.971,Dezember / Winter / Nacht,IMG045,PLANNED_GENERATED_STILL,PLANNED/IMG045_DECEMBER_WINDOW_CONTEXT.png,MISSING_TO_CREATE_OR_LICENSE,STATIC_HOLD,WINTER_WINDOW_AIR,MX_LOW_0.90+MX_NOISE_ROOM,
A003,EP06_TAKE_001_DEZEMBER_1963,S1,00:00:00.000,00:00:17.400,00:00:04.971,00:00:07.457,College-Kontext,ORIG024,PLANNED_ORIGINAL_ASSET,PLANNED/ORIG024_1960S_DORM_CONTEXT.jpg,MISSING_TO_CREATE_OR_LICENSE,CONTAIN_STATIC_NO_CROP,ROOMTONE_DORM,MX_LOW_0.90+MX_NOISE_ROOM,Jahr + Kontextlabel
A004,EP06_TAKE_001_DEZEMBER_1963,S1,00:00:00.000,00:00:17.400,00:00:07.457,00:00:09.943,dunkles Zimmer / Tür,IMG001,GENERATED_STILL,IMAGE_GENERATION_KIT/03_GENERATED_OUTPUT/NanoBanana_2K_Series/IMG001_1963_BEDROOM_DOOR.png,READY,GENTLE_PUSH_MAX_1.025_EASED,DOOR_LATCH_SOFT,MX_LOW_0.90+MX_NOISE_ROOM,
A005,EP06_TAKE_001_DEZEMBER_1963,S1,00:00:00.000,00:00:17.400,00:00:09.943,00:00:12.429,Tür geht auf,SHOT01,GENERATED_STILL,IMAGE_GENERATION_KIT/03_GENERATED_OUTPUT/NanoBanana_2K_Series/SHOT01_EMPTY_HALLWAY.png,READY,STATIC_HOLD,ROOMTONE_DARK,MX_LOW_0.90+MX_NOISE_ROOM,
A006,EP06_TAKE_001_DEZEMBER_1963,S1,00:00:00.000,00:00:17.400,00:00:12.429,00:00:14.914,Schritte,IMG002,GENERATED_STILL,IMAGE_GENERATION_KIT/03_GENERATED_OUTPUT/NanoBanana_2K_Series/IMG002_FOOTSTEPS_APPROACH.png,READY,GENTLE_PUSH_MAX_1.025_EASED,FOOTSTEPS_DISTANT_2,MX_LOW_0.90+MX_NOISE_ROOM,
A007,EP06_TAKE_001_DEZEMBER_1963,S1,00:00:00.000,00:00:17.400,00:00:14.914,00:00:17.400,direkt auf ihn zu,IMG034,PLANNED_GENERATED_STILL,PLANNED/IMG034_DOOR_HANDLE_NO_RESPONSE.png,MISSING_TO_CREATE_OR_LICENSE,GENTLE_PUSH_MAX_1.025_EASED,FOOTSTEP_SINGLE_NEAR,MX_LOW_0.90+MX_NOISE_ROOM,
A008,EP06_TAKE_002_DER_KOERPER_ANTWORTET_NICHT,S1,00:00:17.650,00:00:43.550,00:00:17.650,00:00:21.967,Arm bewegt sich nicht,IMG003,GENERATED_STILL,IMAGE_GENERATION_KIT/03_GENERATED_OUTPUT/NanoBanana_2K_Series/IMG003_HAND_WILL_NOT_MOVE.png,READY,STATIC_HOLD,FABRIC_HAND_MICRO,MX_LOW_0.90+MX_NOISE_ROOM,
A009,EP06_TAKE_002_DER_KOERPER_ANTWORTET_NICHT,S1,00:00:17.650,00:00:43.550,00:00:21.967,00:00:26.283,motorischer Befehl blockiert,CLIP005,PLANNED_TRANSFORM_CLIP,PLANNED/CLIP005_MOTOR_FREEZE.mp4,MISSING_TO_CREATE_OR_LICENSE,NATIVE_MOTION_NO_RETIME_NO_EXTRA_CAMERA,EEG_TICK_SUBTLE,MX_LOW_0.90+MX_NOISE_ROOM,wissenschaftliche Metapher
A010,EP06_TAKE_002_DER_KOERPER_ANTWORTET_NICHT,S1,00:00:17.650,00:00:43.550,00:00:26.283,00:00:30.600,Matratze gibt nach,IMG004,GENERATED_STILL,IMAGE_GENERATION_KIT/03_GENERATED_OUTPUT/NanoBanana_2K_Series/IMG004_MATTRESS_WEIGHT.png,READY,GENTLE_PUSH_MAX_1.025_EASED,MATTRESS_WEIGHT_SOFT,MX_LOW_0.90+MX_NOISE_ROOM,
A011,EP06_TAKE_002_DER_KOERPER_ANTWORTET_NICHT,S1,00:00:17.650,00:00:43.550,00:00:30.600,00:00:34.917,Gewicht auf der Brust,IMG005,GENERATED_STILL,IMAGE_GENERATION_KIT/03_GENERATED_OUTPUT/NanoBanana_2K_Series/IMG005_CHEST_PRESSURE_CLOSE.png,READY,STATIC_HOLD,BREATH_BODY_LOW,MX_LOW_0.90+MX_NOISE_ROOM,
A012,EP06_TAKE_002_DER_KOERPER_ANTWORTET_NICHT,S1,00:00:17.650,00:00:43.550,00:00:34.917,00:00:39.233,kein Ton,IMG035,PLANNED_GENERATED_STILL,PLANNED/IMG035_VOICE_WITHOUT_SOUND.png,MISSING_TO_CREATE_OR_LICENSE,GENTLE_PUSH_MAX_1.025_EASED,ROOMTONE_DROP,MX_LOW_0.90+MX_NOISE_ROOM,
A013,EP06_TAKE_002_DER_KOERPER_ANTWORTET_NICHT,S1,00:00:17.650,00:00:43.550,00:00:39.233,00:00:43.550,Da ist etwas,IMG006,GENERATED_STILL,IMAGE_GENERATION_KIT/03_GENERATED_OUTPUT/NanoBanana_2K_Series/IMG006_MALEVOLENT_PRESENCE_NEGATIVE_SPACE.png,READY,STATIC_HOLD,LOW_AIR_TEXTURE,MX_LOW_0.90+MX_NOISE_ROOM,
A014,EP06_TAKE_003_EIN_MUSTER_DAS_ER_NICHT_KANNTE,S1,00:00:43.800,00:01:09.200,00:00:43.800,00:00:48.033,spätere Arbeit,IMG030,GENERATED_STILL,IMAGE_GENERATION_KIT/03_GENERATED_OUTPUT/NanoBanana_2K_Series/IMG030_HUFFORD_RETURN_WITHOUT_PORTRAIT.png,READY,GENTLE_PUSH_MAX_1.025_EASED,PENCIL_NOTE,MX_LOW_0.90+MX_NOISE_ROOM,
A015,EP06_TAKE_003_EIN_MUSTER_DAS_ER_NICHT_KANNTE,S1,00:00:43.800,00:01:09.200,00:00:48.033,00:00:52.267,keine Vorbekanntschaft,IMG036,PLANNED_GENERATED_STILL,PLANNED/IMG036_HUFFORD_FIELD_NOTES.png,MISSING_TO_CREATE_OR_LICENSE,STATIC_HOLD,PAPER_NOTE,MX_LOW_0.90+MX_NOISE_ROOM,
A016,EP06_TAKE_003_EIN_MUSTER_DAS_ER_NICHT_KANNTE,S1,00:00:43.800,00:01:09.200,00:00:52.267,00:00:56.500,Jahre später / Neufundland,IMG007,GENERATED_STILL,IMAGE_GENERATION_KIT/03_GENERATED_OUTPUT/NanoBanana_2K_Series/IMG007_FOGO_PLACE_ANCHOR_RECON.png,READY,GENTLE_PUSH_MAX_1.025_EASED,COAST_WIND_LOW,MX_LOW_0.90+MX_NOISE_ROOM,
A017,EP06_TAKE_003_EIN_MUSTER_DAS_ER_NICHT_KANNTE,S1,00:00:43.800,00:01:09.200,00:00:56.500,00:01:00.733,Ort wird konkret,ORIG_FOGO_VILLAGE,ORIGINAL_ASSET,IMAGE_GENERATION_KIT/02_ASSETS/EP06_Fogo_Island_Newfoundland_fishing_village_2002.jpg,READY,CONTAIN_STATIC_NO_CROP,COAST_WIND_LOW,MX_LOW_0.90+MX_NOISE_ROOM,Original · PD
A018,EP06_TAKE_003_EIN_MUSTER_DAS_ER_NICHT_KANNTE,S1,00:00:43.800,00:01:09.200,00:01:00.733,00:01:04.967,Muster auf der Karte,SHOT02,GENERATED_STILL,IMAGE_GENERATION_KIT/03_GENERATED_OUTPUT/NanoBanana_2K_Series/SHOT02_FOGO_MAP_TABLE.png,READY,CONTAIN_STATIC_NO_CROP,NONE,MX_LOW_0.90+MX_NOISE_ROOM,
A019,EP06_TAKE_003_EIN_MUSTER_DAS_ER_NICHT_KANNTE,S1,00:00:43.800,00:01:09.200,00:01:04.967,00:01:09.200,offene Frage / Erzählmuster,IMG031,GENERATED_STILL,IMAGE_GENERATION_KIT/03_GENERATED_OUTPUT/NanoBanana_2K_Series/IMG031_NAMES_OVER_SAME_ROOM_BASE.png,READY,GENTLE_PUSH_MAX_1.025_EASED,MUSIC_PULSE_SOFT,MX_LOW_0.90+MX_NOISE_ROOM,
A020,EP06_TAKE_004_FOGO_ISLAND,S2,00:01:09.450,00:01:35.350,00:01:09.450,00:01:13.767,Neufundland / Fogo,ORIG_FOGO_VILLAGE,ORIGINAL_ASSET,IMAGE_GENERATION_KIT/02_ASSETS/EP06_Fogo_Island_Newfoundland_fishing_village_2002.jpg,READY,CONTAIN_STATIC_NO_CROP,COAST_WIND_LOW,MX_LOW_0.72+MX_HARMONIC_COAST,Original · PD
A021,EP06_TAKE_004_FOGO_ISLAND,S2,00:01:09.450,00:01:35.350,00:01:13.767,00:01:18.083,Fogo Island,IMG007,GENERATED_STILL,IMAGE_GENERATION_KIT/03_GENERATED_OUTPUT/NanoBanana_2K_Series/IMG007_FOGO_PLACE_ANCHOR_RECON.png,READY,GENTLE_PUSH_MAX_1.025_EASED,HARBOR_WIND_LOW,MX_LOW_0.72+MX_HARMONIC_COAST,
A022,EP06_TAKE_004_FOGO_ISLAND,S2,00:01:09.450,00:01:35.350,00:01:18.083,00:01:22.400,Inselkontext,ORIG_FOGO_CHART_1873,ORIGINAL_ASSET,IMAGE_GENERATION_KIT/02_ASSETS/EP06_Fogo_Island_to_Cape_Bonavista_Admiralty_Chart_1873.jpg,READY,CONTAIN_STATIC_NO_CROP,NONE,MX_LOW_0.72+MX_HARMONIC_COAST,Originalkarte 1873 · PD
A023,EP06_TAKE_004_FOGO_ISLAND,S2,00:01:09.450,00:01:35.350,00:01:22.400,00:01:26.717,lokale Verortung,SHOT09,PLANNED_GENERATED_DERIVATIVE,PLANNED/SHOT09_LOKALE_VERORTUNG.png,MISSING_TO_CREATE_OR_LICENSE,CONTAIN_STATIC_NO_CROP,NONE,MX_LOW_0.72+MX_HARMONIC_COAST,
A024,EP06_TAKE_004_FOGO_ISLAND,S2,00:01:09.450,00:01:35.350,00:01:26.717,00:01:31.033,Fogo Island–Cape Freels,ORIG_FOGO_DISTRICT_MAP,ORIGINAL_ASSET,IMAGE_GENERATION_KIT/02_ASSETS/EP06_Fogo_Island_Cape_Freels_map.svg,READY,CONTAIN_STATIC_NO_CROP,NONE,MX_LOW_0.72+MX_HARMONIC_COAST,YELLOW · Attribution/SA prüfen
A025,EP06_TAKE_004_FOGO_ISLAND,S2,00:01:09.450,00:01:35.350,00:01:31.033,00:01:35.350,to have the Old Hag,SHOT04,GENERATED_STILL,IMAGE_GENERATION_KIT/03_GENERATED_OUTPUT/NanoBanana_2K_Series/SHOT04_EMPTY_BEDROOM_SHADOWS.png,READY,STATIC_HOLD,TAPE_RECORDER_ROOM,MX_LOW_0.72+MX_HARMONIC_COAST,
A026,EP06_TAKE_005_UNANGENEHM_PRAEZISE,S2,00:01:35.600,00:02:01.000,00:01:35.600,00:01:39.833,vertrautes Zimmer,IMG008,GENERATED_STILL,IMAGE_GENERATION_KIT/03_GENERATED_OUTPUT/NanoBanana_2K_Series/IMG008_OLD_HAG_BEDROOM_PATTERN.png,READY,GENTLE_PUSH_MAX_1.025_EASED,ROOMTONE_COAST_HOUSE,MX_LOW_0.72+MX_HARMONIC_COAST,
A027,EP06_TAKE_005_UNANGENEHM_PRAEZISE,S2,00:01:35.600,00:02:01.000,00:01:39.833,00:01:44.067,Erzählungen gesammelt,ORIG025,PLANNED_ORIGINAL_ASSET,PLANNED/ORIG025_ORAL_HISTORY_RECORDER.jpg,MISSING_TO_CREATE_OR_LICENSE,CONTAIN_STATIC_NO_CROP,TAPE_CLICK_SINGLE,MX_LOW_0.72+MX_HARMONIC_COAST,
A028,EP06_TAKE_005_UNANGENEHM_PRAEZISE,S2,00:01:35.600,00:02:01.000,00:01:44.067,00:01:48.300,Hufford sammelt Berichte,IMG030,GENERATED_STILL,IMAGE_GENERATION_KIT/03_GENERATED_OUTPUT/NanoBanana_2K_Series/IMG030_HUFFORD_RETURN_WITHOUT_PORTRAIT.png,READY,GENTLE_PUSH_MAX_1.025_EASED,PENCIL_NOTE,MX_LOW_0.72+MX_HARMONIC_COAST,
A029,EP06_TAKE_005_UNANGENEHM_PRAEZISE,S2,00:01:35.600,00:02:01.000,00:01:48.300,00:01:52.533,experience-centered approach,CARD005,CARD,IMAGE_GENERATION_KIT/03_GENERATED_OUTPUT/CARDS/CARD005_FOGO_FELDFORSCHUNG.png,READY,STATIC_NO_ZOOM_NO_PAN,NONE,MX_LOW_0.72+MX_HARMONIC_COAST,
A030,EP06_TAKE_005_UNANGENEHM_PRAEZISE,S2,00:01:35.600,00:02:01.000,00:01:52.533,00:01:56.767,1963 → 1982,SHOT10,PLANNED_GENERATED_DERIVATIVE,PLANNED/SHOT10_1963_1982.png,MISSING_TO_CREATE_OR_LICENSE,STATIC_HOLD,PAPER_TURN_SOFT,MX_LOW_0.72+MX_HARMONIC_COAST,
A031,EP06_TAKE_005_UNANGENEHM_PRAEZISE,S2,00:01:35.600,00:02:01.000,00:01:56.767,00:02:01.000,Buch / Überlieferung,IMG031,GENERATED_STILL,IMAGE_GENERATION_KIT/03_GENERATED_OUTPUT/NanoBanana_2K_Series/IMG031_NAMES_OVER_SAME_ROOM_BASE.png,READY,STATIC_HOLD,TAPE_HISS_LOW,MX_LOW_0.72+MX_HARMONIC_COAST,
A032,EP06_TAKE_006_WAS_KOMMT_ZUERST,S2,00:02:01.250,00:02:26.250,00:02:01.250,00:02:05.417,Was kommt zuerst?,IMG037,PLANNED_GENERATED_STILL,PLANNED/IMG037_CULTURE_EXPERIENCE_FORK.png,MISSING_TO_CREATE_OR_LICENSE,GENTLE_PUSH_MAX_1.025_EASED,MUSIC_HARMONIC_OPEN,MX_LOW_0.72+MX_HARMONIC_COAST,
A033,EP06_TAKE_006_WAS_KOMMT_ZUERST,S2,00:02:01.250,00:02:26.250,00:02:05.417,00:02:09.583,Übergang zum Körper,IMG009,GENERATED_STILL,IMAGE_GENERATION_KIT/03_GENERATED_OUTPUT/NanoBanana_2K_Series/IMG009_REM_BODY_STILL.png,READY,GENTLE_PUSH_MAX_1.025_EASED,LOW_BODY_TONE,MX_LOW_0.72+MX_HARMONIC_COAST,
A034,EP06_TAKE_006_WAS_KOMMT_ZUERST,S2,00:02:01.250,00:02:26.250,00:02:09.583,00:02:13.750,REM-Atonie ankündigen,ORIG017,PLANNED_ORIGINAL_ASSET,PLANNED/ORIG017_BRAINSTEM_ANATOMY.png,MISSING_TO_CREATE_OR_LICENSE,CONTAIN_STATIC_NO_CROP,NONE,MX_LOW_0.72+MX_HARMONIC_COAST,
A035,EP06_TAKE_006_WAS_KOMMT_ZUERST,S2,00:02:01.250,00:02:26.250,00:02:13.750,00:02:17.917,Schlaf als Rhythmus,ORIG019,PLANNED_ORIGINAL_ASSET,PLANNED/ORIG019_CIRCADIAN_RHYTHM_NIH.jpg,MISSING_TO_CREATE_OR_LICENSE,CONTAIN_STATIC_NO_CROP,NONE,MX_LOW_0.72+MX_HARMONIC_COAST,Original · NIH/PD
A036,EP06_TAKE_006_WAS_KOMMT_ZUERST,S2,00:02:01.250,00:02:26.250,00:02:17.917,00:02:22.083,REM-Phase,ORIG018,PLANNED_ORIGINAL_ASSET,PLANNED/ORIG018_SLEEP_CYCLE_HYPNOGRAM.svg,MISSING_TO_CREATE_OR_LICENSE,CONTAIN_STATIC_NO_CROP,EEG_TICK_SUBTLE,MX_LOW_0.72+MX_HARMONIC_COAST,
A037,EP06_TAKE_006_WAS_KOMMT_ZUERST,S2,00:02:01.250,00:02:26.250,00:02:22.083,00:02:26.250,Schlafarchitektur,ORIG023,PLANNED_ORIGINAL_ASSET,PLANNED/ORIG023_SLEEP_DEPRIVATION.svg,MISSING_TO_CREATE_OR_LICENSE,CONTAIN_STATIC_NO_CROP,NONE,MX_LOW_0.72+MX_HARMONIC_COAST,
A038,EP06_TAKE_007_REM_ATONIE,S3,00:02:26.500,00:02:48.400,00:02:26.500,00:02:29.629,REM-Schlaf,ORIG_REM_PSG,ORIGINAL_ASSET,IMAGE_GENERATION_KIT/02_ASSETS/EP06_REM_Polysomnography_30sec.png,READY,CONTAIN_STATIC_NO_CROP,EEG_TICK_SUBTLE,MX_LOW_0.60+MX_HARMONIC_SCIENCE,Original · PD
A039,EP06_TAKE_007_REM_ATONIE,S3,00:02:26.500,00:02:48.400,00:02:29.629,00:02:32.757,REM-Aufzeichnung,IMG010,GENERATED_STILL,IMAGE_GENERATION_KIT/03_GENERATED_OUTPUT/NanoBanana_2K_Series/IMG010_REM_RECORD_EDIT_BASE.png,READY,CONTAIN_STATIC_NO_CROP,EEG_TICK_SUBTLE,MX_LOW_0.60+MX_HARMONIC_SCIENCE,
A040,EP06_TAKE_007_REM_ATONIE,S3,00:02:26.500,00:02:48.400,00:02:32.757,00:02:35.886,Kontrast Tiefschlaf,ORIG_SLOW_WAVE_PSG,ORIGINAL_ASSET,IMAGE_GENERATION_KIT/02_ASSETS/EP06_Slow_Wave_Sleep_PSG.jpg,READY,CONTAIN_STATIC_NO_CROP,NONE,MX_LOW_0.60+MX_HARMONIC_SCIENCE,Original · PD
A041,EP06_TAKE_007_REM_ATONIE,S3,00:02:26.500,00:02:48.400,00:02:35.886,00:02:39.014,Schlafphasen,ORIG_SLEEP_PHASES,ORIGINAL_ASSET,IMAGE_GENERATION_KIT/02_ASSETS/EP06_Simplified_Sleep_Phases.jpg,READY,CONTAIN_STATIC_NO_CROP,NONE,MX_LOW_0.60+MX_HARMONIC_SCIENCE,YELLOW · Attribution/SA prüfen
A042,EP06_TAKE_007_REM_ATONIE,S3,00:02:26.500,00:02:48.400,00:02:39.014,00:02:42.143,REM versus Slow Wave,SHOT03,GENERATED_STILL,IMAGE_GENERATION_KIT/03_GENERATED_OUTPUT/NanoBanana_2K_Series/SHOT03_REM_VS_SLOW_WAVE_SOURCE_TABLE.png,READY,CONTAIN_STATIC_NO_CROP,NONE,MX_LOW_0.60+MX_HARMONIC_SCIENCE,
A043,EP06_TAKE_007_REM_ATONIE,S3,00:02:26.500,00:02:48.400,00:02:42.143,00:02:45.271,Hirnstamm / Hemmung,SHOT11,PLANNED_EDITORIAL_DERIVATIVE,PLANNED/SHOT11_HIRNSTAMM_HEMMUNG.png,MISSING_TO_CREATE_OR_LICENSE,CONTAIN_STATIC_NO_CROP,LOW_NEURAL_TICK,MX_LOW_0.60+MX_HARMONIC_SCIENCE,
A044,EP06_TAKE_007_REM_ATONIE,S3,00:02:26.500,00:02:48.400,00:02:45.271,00:02:48.400,REM-Atonie,CARD001,CARD,IMAGE_GENERATION_KIT/03_GENERATED_OUTPUT/CARDS/CARD001_REM_ATONIE.png,READY,STATIC_NO_ZOOM_NO_PAN,NONE,MX_LOW_0.60+MX_HARMONIC_SCIENCE,
A045,EP06_TAKE_008_DER_TIMINGFEHLER,S3,00:02:48.650,00:03:11.450,00:02:48.650,00:02:52.450,Timing gerät auseinander,IMG011,GENERATED_STILL,IMAGE_GENERATION_KIT/03_GENERATED_OUTPUT/NanoBanana_2K_Series/IMG011_WAKE_BODY_LAG.png,READY,STATIC_HOLD,MUSIC_LAYER_SPLIT,MX_LOW_0.60+MX_HARMONIC_SCIENCE,
A046,EP06_TAKE_008_DER_TIMINGFEHLER,S3,00:02:48.650,00:03:11.450,00:02:52.450,00:02:56.250,Wachheit / Körper versetzt,CLIP001,VEO_CLIP,IMAGE_GENERATION_KIT/03_GENERATED_OUTPUT/NanoBanana_2K_Series/CLIP001_SOUL_BODY_OFFSET.mp4,READY,NATIVE_MOTION_NO_RETIME_NO_EXTRA_CAMERA,SOFT_PHASE_SHIFT,MX_LOW_0.60+MX_HARMONIC_SCIENCE,subjektive Timing-Visualisierung
A047,EP06_TAKE_008_DER_TIMINGFEHLER,S3,00:02:48.650,00:03:11.450,00:02:56.250,00:03:00.050,Befehl im Arm,IMG003,GENERATED_STILL,IMAGE_GENERATION_KIT/03_GENERATED_OUTPUT/NanoBanana_2K_Series/IMG003_HAND_WILL_NOT_MOVE.png,READY,GENTLE_PUSH_MAX_1.025_EASED,NONE,MX_LOW_0.60+MX_HARMONIC_SCIENCE,
A048,EP06_TAKE_008_DER_TIMINGFEHLER,S3,00:02:48.650,00:03:11.450,00:03:00.050,00:03:03.850,Signal trifft auf Hemmung,CLIP002,VEO_CLIP,IMAGE_GENERATION_KIT/03_GENERATED_OUTPUT/NanoBanana_2K_Series/CLIP002_REM_SIGNAL_GATE.mp4,READY,NATIVE_MOTION_NO_RETIME_NO_EXTRA_CAMERA,EEG_TICK_SUBTLE,MX_LOW_0.60+MX_HARMONIC_SCIENCE,wissenschaftliche Metapher
A049,EP06_TAKE_008_DER_TIMINGFEHLER,S3,00:02:48.650,00:03:11.450,00:03:03.850,00:03:07.650,Arm reagiert nicht,IMG012,GENERATED_STILL,IMAGE_GENERATION_KIT/03_GENERATED_OUTPUT/NanoBanana_2K_Series/IMG012_ARM_COMMAND_NO_RESPONSE.png,READY,STATIC_HOLD,FABRIC_HAND_MICRO,MX_LOW_0.60+MX_HARMONIC_SCIENCE,
A050,EP06_TAKE_008_DER_TIMINGFEHLER,S3,00:02:48.650,00:03:11.450,00:03:07.650,00:03:11.450,Wach + REM-Atonie,CARD009,PLANNED_CARD,PLANNED/CARD009_WAKE_REM_OVERLAP.png,MISSING_TO_CREATE_OR_LICENSE,STATIC_NO_ZOOM_NO_PAN,NONE,MX_LOW_0.60+MX_HARMONIC_SCIENCE,
A051,EP06_TAKE_009_DER_KOERPER_FUEHLT_SICH_FREMD_AN,S3,00:03:11.700,00:03:35.800,00:03:11.700,00:03:15.717,Brustkorb,IMG005,GENERATED_STILL,IMAGE_GENERATION_KIT/03_GENERATED_OUTPUT/NanoBanana_2K_Series/IMG005_CHEST_PRESSURE_CLOSE.png,READY,STATIC_HOLD,BREATH_BODY_LOW,MX_LOW_0.60+MX_HARMONIC_SCIENCE,
A052,EP06_TAKE_009_DER_KOERPER_FUEHLT_SICH_FREMD_AN,S3,00:03:11.700,00:03:35.800,00:03:15.717,00:03:19.733,Atmung fühlt sich fremd an,IMG038,PLANNED_GENERATED_STILL,PLANNED/IMG038_BREATH_INTEROCEPTION.png,MISSING_TO_CREATE_OR_LICENSE,GENTLE_PUSH_MAX_1.025_EASED,BREATH_BODY_LOW,MX_LOW_0.60+MX_HARMONIC_SCIENCE,
A053,EP06_TAKE_009_DER_KOERPER_FUEHLT_SICH_FREMD_AN,S3,00:03:11.700,00:03:35.800,00:03:19.733,00:03:23.750,Druck / Incubus-Symptom,IMG014,GENERATED_STILL,IMAGE_GENERATION_KIT/03_GENERATED_OUTPUT/NanoBanana_2K_Series/IMG014_INCUBUS_PRESSURE.png,READY,STATIC_HOLD,FABRIC_PRESSURE_SOFT,MX_LOW_0.60+MX_HARMONIC_SCIENCE,
A054,EP06_TAKE_009_DER_KOERPER_FUEHLT_SICH_FREMD_AN,S3,00:03:11.700,00:03:35.800,00:03:23.750,00:03:27.767,medizinischer Rahmen,ORIG_NHLBI_SLEEP_STUDIES,ORIGINAL_ASSET,IMAGE_GENERATION_KIT/02_ASSETS/EP06_Sleep_Studies_NHLBI_Polysomnography.jpg,READY,CONTAIN_STATIC_NO_CROP,LAB_ROOMTONE_LOW,MX_LOW_0.60+MX_HARMONIC_SCIENCE,Original · NHLBI/PD
A055,EP06_TAKE_009_DER_KOERPER_FUEHLT_SICH_FREMD_AN,S3,00:03:11.700,00:03:35.800,00:03:27.767,00:03:31.783,Sensorik,ORIG_SENSOR_CONNECTIONS,ORIGINAL_ASSET,IMAGE_GENERATION_KIT/02_ASSETS/EP06_Polysomnography_sensor_connections.jpg,READY,CONTAIN_STATIC_NO_CROP,CABLE_TOUCH_SOFT,MX_LOW_0.60+MX_HARMONIC_SCIENCE,YELLOW · Attribution/SA prüfen
A056,EP06_TAKE_009_DER_KOERPER_FUEHLT_SICH_FREMD_AN,S3,00:03:11.700,00:03:35.800,00:03:31.783,00:03:35.800,Körper versus Deutung,IMG023,GENERATED_STILL,IMAGE_GENERATION_KIT/03_GENERATED_OUTPUT/NanoBanana_2K_Series/IMG023_BODY_OR_VISITOR_SPLIT_BASE.png,READY,STATIC_HOLD,MUSIC_QUESTION_LOW,MX_LOW_0.60+MX_HARMONIC_SCIENCE,
A057,EP06_TAKE_010_WO_DAS_RAETSEL_BEGINNT,S3,00:03:36.050,00:04:00.150,00:03:36.050,00:03:40.067,Schritte im Flur,IMG013,GENERATED_STILL,IMAGE_GENERATION_KIT/03_GENERATED_OUTPUT/NanoBanana_2K_Series/IMG013_INTRUDER_DOORWAY.png,READY,GENTLE_PUSH_MAX_1.025_EASED,FOOTSTEP_SINGLE_FAR,MX_LOW_0.60+MX_HARMONIC_SCIENCE,
A058,EP06_TAKE_010_WO_DAS_RAETSEL_BEGINNT,S3,00:03:36.050,00:04:00.150,00:03:40.067,00:03:44.083,Anwesenheit,SHOT12,PLANNED_GENERATED_DERIVATIVE,PLANNED/SHOT12_ANWESENHEIT.png,MISSING_TO_CREATE_OR_LICENSE,STATIC_HOLD,LOW_AIR_TEXTURE,MX_LOW_0.60+MX_HARMONIC_SCIENCE,
A059,EP06_TAKE_010_WO_DAS_RAETSEL_BEGINNT,S3,00:03:36.050,00:04:00.150,00:03:44.083,00:03:48.100,Form im Augenwinkel,IMG024,GENERATED_STILL,IMAGE_GENERATION_KIT/03_GENERATED_OUTPUT/NanoBanana_2K_Series/IMG024_EYE_CORNER_FORM.png,READY,STATIC_HOLD,CURTAIN_RUSTLE_SOFT,MX_LOW_0.60+MX_HARMONIC_SCIENCE,
A060,EP06_TAKE_010_WO_DAS_RAETSEL_BEGINNT,S3,00:03:36.050,00:04:00.150,00:03:48.100,00:03:52.117,Präsenz vor Form,IMG028,GENERATED_STILL,IMAGE_GENERATION_KIT/03_GENERATED_OUTPUT/NanoBanana_2K_Series/IMG028_PRESENCE_BEFORE_FORM.png,READY,STATIC_HOLD,ROOMTONE_WIDE,MX_LOW_0.60+MX_HARMONIC_SCIENCE,
A061,EP06_TAKE_010_WO_DAS_RAETSEL_BEGINNT,S3,00:03:36.050,00:04:00.150,00:03:52.117,00:03:56.133,Geometrie wird Gestalt,CLIP004,VEO_CLIP,IMAGE_GENERATION_KIT/03_GENERATED_OUTPUT/NanoBanana_2K_Series/CLIP004_PRESENCE_GEOMETRY.mp4,READY,NATIVE_MOTION_NO_RETIME_NO_EXTRA_CAMERA,FABRIC_AIR_SOFT,MX_LOW_0.60+MX_HARMONIC_SCIENCE,Wahrnehmungsvervollständigung
A062,EP06_TAKE_010_WO_DAS_RAETSEL_BEGINNT,S3,00:03:36.050,00:04:00.150,00:03:56.133,00:04:00.150,Frage nach Präsenz,IMG042,PLANNED_GENERATED_STILL,PLANNED/IMG042_AGENT_DETECTION_LAYERS.png,MISSING_TO_CREATE_OR_LICENSE,STATIC_HOLD,NONE,MX_LOW_0.60+MX_HARMONIC_SCIENCE,
A063,EP06_TAKE_011_DREI_WIEDERKEHRENDE_FAMILIEN,S4,00:04:00.400,00:04:23.200,00:04:00.400,00:04:04.200,Forschung / Daten,ORIG020,PLANNED_ORIGINAL_ASSET,PLANNED/ORIG020_EEG_62_CHANNEL_CC0.svg,MISSING_TO_CREATE_OR_LICENSE,CONTAIN_STATIC_NO_CROP,EEG_TICK_SUBTLE,MX_LOW_0.72+MX_HARMONIC_THREE_NOTE,
A064,EP06_TAKE_011_DREI_WIEDERKEHRENDE_FAMILIEN,S4,00:04:00.400,00:04:23.200,00:04:04.200,00:04:08.000,Berichte ordnen sich,IMG039,PLANNED_GENERATED_STILL,PLANNED/IMG039_CLUSTER_OBJECT_STUDY.png,MISSING_TO_CREATE_OR_LICENSE,GENTLE_PUSH_MAX_1.025_EASED,PAPER_SORT_SOFT,MX_LOW_0.72+MX_HARMONIC_THREE_NOTE,
A065,EP06_TAKE_011_DREI_WIEDERKEHRENDE_FAMILIEN,S4,00:04:00.400,00:04:23.200,00:04:08.000,00:04:11.800,drei Familien,IMG016,GENERATED_STILL,IMAGE_GENERATION_KIT/03_GENERATED_OUTPUT/NanoBanana_2K_Series/IMG016_THREE_FAMILIES_TRIPTYCH_BASE.png,READY,STATIC_HOLD,MUSIC_THREE_NOTES,MX_LOW_0.72+MX_HARMONIC_THREE_NOTE,
A066,EP06_TAKE_011_DREI_WIEDERKEHRENDE_FAMILIEN,S4,00:04:00.400,00:04:23.200,00:04:11.800,00:04:15.600,Cheyne-Taxonomie,CARD002,CARD,IMAGE_GENERATION_KIT/03_GENERATED_OUTPUT/CARDS/CARD002_DREI_ERLEBNISFAMILIEN.png,READY,STATIC_NO_ZOOM_NO_PAN,NONE,MX_LOW_0.72+MX_HARMONIC_THREE_NOTE,
A067,EP06_TAKE_011_DREI_WIEDERKEHRENDE_FAMILIEN,S4,00:04:00.400,00:04:23.200,00:04:15.600,00:04:19.400,Mess-/Forschungsebene,ORIG_EEG_ICON,ORIGINAL_ASSET,IMAGE_GENERATION_KIT/02_ASSETS/EP06_EEG_Cap_Icon.svg,READY,CONTAIN_STATIC_NO_CROP,NONE,MX_LOW_0.72+MX_HARMONIC_THREE_NOTE,Original · CC0
A068,EP06_TAKE_011_DREI_WIEDERKEHRENDE_FAMILIEN,S4,00:04:00.400,00:04:23.200,00:04:19.400,00:04:23.200,Gefahrensystem als Kontext,ORIG021,PLANNED_ORIGINAL_ASSET,PLANNED/ORIG021_AMYGDALA_ANIMATION.gif,MISSING_TO_CREATE_OR_LICENSE,CONTAIN_STATIC_NO_CROP,LOW_BODY_TONE,MX_LOW_0.72+MX_HARMONIC_THREE_NOTE,nur anatomischer Kontext
A069,EP06_TAKE_012_INTRUDER_INCUBUS_SCHWEBEN,S4,00:04:23.450,00:04:47.150,00:04:23.450,00:04:26.836,Intruder,IMG013,GENERATED_STILL,IMAGE_GENERATION_KIT/03_GENERATED_OUTPUT/NanoBanana_2K_Series/IMG013_INTRUDER_DOORWAY.png,READY,GENTLE_PUSH_MAX_1.025_EASED,FOOTSTEP_SINGLE_FAR,MX_LOW_0.72+MX_HARMONIC_THREE_NOTE,
A070,EP06_TAKE_012_INTRUDER_INCUBUS_SCHWEBEN,S4,00:04:23.450,00:04:47.150,00:04:26.836,00:04:30.221,Incubus,IMG014,GENERATED_STILL,IMAGE_GENERATION_KIT/03_GENERATED_OUTPUT/NanoBanana_2K_Series/IMG014_INCUBUS_PRESSURE.png,READY,STATIC_HOLD,BREATH_BODY_LOW,MX_LOW_0.72+MX_HARMONIC_THREE_NOTE,
A071,EP06_TAKE_012_INTRUDER_INCUBUS_SCHWEBEN,S4,00:04:23.450,00:04:47.150,00:04:30.221,00:04:33.607,vestibulär,IMG015,GENERATED_STILL,IMAGE_GENERATION_KIT/03_GENERATED_OUTPUT/NanoBanana_2K_Series/IMG015_VESTIBULAR_FLOAT.png,READY,GENTLE_PUSH_MAX_1.025_EASED,AIR_ROTATION_SOFT,MX_LOW_0.72+MX_HARMONIC_THREE_NOTE,
A072,EP06_TAKE_012_INTRUDER_INCUBUS_SCHWEBEN,S4,00:04:23.450,00:04:47.150,00:04:33.607,00:04:36.993,Außerkörpererfahrung,ORIG022,PLANNED_ORIGINAL_ASSET,PLANNED/ORIG022_OBE_ICON.svg,MISSING_TO_CREATE_OR_LICENSE,CONTAIN_STATIC_NO_CROP,NONE,MX_LOW_0.72+MX_HARMONIC_THREE_NOTE,
A073,EP06_TAKE_012_INTRUDER_INCUBUS_SCHWEBEN,S4,00:04:23.450,00:04:47.150,00:04:36.993,00:04:40.379,Atem und Druck,IMG038,PLANNED_GENERATED_STILL,PLANNED/IMG038_BREATH_INTEROCEPTION.png,MISSING_TO_CREATE_OR_LICENSE,STATIC_HOLD,BREATH_BODY_LOW,MX_LOW_0.72+MX_HARMONIC_THREE_NOTE,
A074,EP06_TAKE_012_INTRUDER_INCUBUS_SCHWEBEN,S4,00:04:23.450,00:04:47.150,00:04:40.379,00:04:43.764,Schlafstörungskontext,SHOT13,PLANNED_EDITORIAL_DERIVATIVE,PLANNED/SHOT13_SCHLAFSTORUNGSKONTEXT.png,MISSING_TO_CREATE_OR_LICENSE,CONTAIN_STATIC_NO_CROP,NONE,MX_LOW_0.72+MX_HARMONIC_THREE_NOTE,
A075,EP06_TAKE_012_INTRUDER_INCUBUS_SCHWEBEN,S4,00:04:23.450,00:04:47.150,00:04:43.764,00:04:47.150,drei Erlebnisfamilien verändern die Wahrnehmung,CLIP006,PLANNED_TRANSFORM_CLIP,PLANNED/CLIP006_THREE_FAMILIES.mp4,MISSING_TO_CREATE_OR_LICENSE,NATIVE_MOTION_NO_RETIME_NO_EXTRA_CAMERA,MUSIC_THREE_NOTES,MX_LOW_0.72+MX_HARMONIC_THREE_NOTE,"drei echte Zustandswechsel, keine Kamerafahrt"
A076,EP06_TAKE_013_WARUM_GERADE_DIESE_FORMEN,S4,00:04:47.400,00:05:12.400,00:04:47.400,00:04:51.567,Wiederholung / Alarm,IMG025,GENERATED_STILL,IMAGE_GENERATION_KIT/03_GENERATED_OUTPUT/NanoBanana_2K_Series/IMG025_ALARM_WITHOUT_CAUSE.png,READY,GENTLE_PUSH_MAX_1.025_EASED,MUSIC_PULSE_SOFT,MX_LOW_0.72+MX_HARMONIC_THREE_NOTE,
A077,EP06_TAKE_013_WARUM_GERADE_DIESE_FORMEN,S4,00:04:47.400,00:05:12.400,00:04:51.567,00:04:55.733,Gefahr konstruiert,IMG027,GENERATED_STILL,IMAGE_GENERATION_KIT/03_GENERATED_OUTPUT/NanoBanana_2K_Series/IMG027_SHADOW_BECOMES_SHOULDER.png,READY,STATIC_HOLD,NONE,MX_LOW_0.72+MX_HARMONIC_THREE_NOTE,
A078,EP06_TAKE_013_WARUM_GERADE_DIESE_FORMEN,S4,00:04:47.400,00:05:12.400,00:04:55.733,00:04:59.900,beobachtende Agency,IMG029,GENERATED_STILL,IMAGE_GENERATION_KIT/03_GENERATED_OUTPUT/NanoBanana_2K_Series/IMG029_OBSERVING_INTELLIGENCE_AMBIGUOUS.png,READY,STATIC_HOLD,ROOMTONE_WIDE,MX_LOW_0.72+MX_HARMONIC_THREE_NOTE,
A079,EP06_TAKE_013_WARUM_GERADE_DIESE_FORMEN,S4,00:04:47.400,00:05:12.400,00:04:59.900,00:05:04.067,Gefahr und Verursacher,SHOT14,PLANNED_GENERATED_DERIVATIVE,PLANNED/SHOT14_GEFAHR_UND_VERURSACHER.png,MISSING_TO_CREATE_OR_LICENSE,GENTLE_PUSH_MAX_1.025_EASED,LOW_NEURAL_TICK,MX_LOW_0.72+MX_HARMONIC_THREE_NOTE,
A080,EP06_TAKE_013_WARUM_GERADE_DIESE_FORMEN,S4,00:04:47.400,00:05:12.400,00:05:04.067,00:05:08.233,neurophysiologischer Mischzustand,SHOT15,PLANNED_EDITORIAL_DERIVATIVE,PLANNED/SHOT15_NEUROPHYSIOLOGISCHER_MISCHZUSTAND.png,MISSING_TO_CREATE_OR_LICENSE,CONTAIN_STATIC_NO_CROP,NONE,MX_LOW_0.72+MX_HARMONIC_THREE_NOTE,
A081,EP06_TAKE_013_WARUM_GERADE_DIESE_FORMEN,S4,00:04:47.400,00:05:12.400,00:05:08.233,00:05:12.400,Übergang ins Labor,SHOT16,PLANNED_EDITORIAL_DERIVATIVE,PLANNED/SHOT16_UBERGANG_INS_LABOR.png,MISSING_TO_CREATE_OR_LICENSE,CONTAIN_STATIC_NO_CROP,MUSIC_TRANSITION_TICK,MX_LOW_0.72+MX_HARMONIC_THREE_NOTE,
A082,EP06_TAKE_014_TAKEUCHI_1992,S5,00:05:12.650,00:05:30.550,00:05:12.650,00:05:15.633,Schlaflabor,ORIG_PSG_TESTER,ORIGINAL_ASSET,IMAGE_GENERATION_KIT/02_ASSETS/EP06_Polysomnography_tester.jpg,READY,CONTAIN_STATIC_NO_CROP,LAB_ROOMTONE_LOW,MX_LOW_0.84+MX_HARMONIC_LAB,YELLOW · Attribution/SA prüfen
A083,EP06_TAKE_014_TAKEUCHI_1992,S5,00:05:12.650,00:05:30.550,00:05:15.633,00:05:18.617,Versuchsperson,ORIG_PSG_MODEL_SIDE,ORIGINAL_ASSET,IMAGE_GENERATION_KIT/02_ASSETS/EP06_Polysomnography_model_side.jpg,READY,CONTAIN_STATIC_NO_CROP,LAB_ROOMTONE_LOW,MX_LOW_0.84+MX_HARMONIC_LAB,YELLOW · Persönlichkeit/SA prüfen
A084,EP06_TAKE_014_TAKEUCHI_1992,S5,00:05:12.650,00:05:30.550,00:05:18.617,00:05:21.600,sechzehn gesunde Personen,IMG017,GENERATED_STILL,IMAGE_GENERATION_KIT/03_GENERATED_OUTPUT/NanoBanana_2K_Series/IMG017_SLEEP_LAB_WIDE_RECON.png,READY,GENTLE_PUSH_MAX_1.025_EASED,LAB_ROOMTONE_LOW,MX_LOW_0.84+MX_HARMONIC_LAB,Rekonstruktion; nicht Takeuchi-Original
A085,EP06_TAKE_014_TAKEUCHI_1992,S5,00:05:12.650,00:05:30.550,00:05:21.600,00:05:24.583,1992 / gezielter Versuch,IMG018,GENERATED_STILL,IMAGE_GENERATION_KIT/03_GENERATED_OUTPUT/NanoBanana_2K_Series/IMG018_SLEEP_INTERRUPTION_CLOCK.png,READY,GENTLE_PUSH_MAX_1.025_EASED,CLOCK_TICK_SOFT,MX_LOW_0.84+MX_HARMONIC_LAB,
A086,EP06_TAKE_014_TAKEUCHI_1992,S5,00:05:12.650,00:05:30.550,00:05:24.583,00:05:27.567,Takeuchi 1992,CARD003,CARD,IMAGE_GENERATION_KIT/03_GENERATED_OUTPUT/CARDS/CARD003_TAKEUCHI_1992.png,READY,STATIC_NO_ZOOM_NO_PAN,NONE,MX_LOW_0.84+MX_HARMONIC_LAB,
A087,EP06_TAKE_014_TAKEUCHI_1992,S5,00:05:12.650,00:05:30.550,00:05:27.567,00:05:30.550,Fragestellung,CARD010,PLANNED_CARD,PLANNED/CARD010_TAKEUCHI_PROTOCOL.png,MISSING_TO_CREATE_OR_LICENSE,STATIC_NO_ZOOM_NO_PAN,NONE,MX_LOW_0.84+MX_HARMONIC_LAB,
A088,EP06_TAKE_015_DER_UNTERBROCHENE_SCHLAF,S5,00:05:30.800,00:05:54.900,00:05:30.800,00:05:34.243,zurück ins Bett,IMG019,GENERATED_STILL,IMAGE_GENERATION_KIT/03_GENERATED_OUTPUT/NanoBanana_2K_Series/IMG019_RETURN_TO_BED_RECON.png,READY,STATIC_HOLD,LAB_ROOMTONE_LOW,MX_LOW_0.84+MX_HARMONIC_LAB,
A089,EP06_TAKE_015_DER_UNTERBROCHENE_SCHLAF,S5,00:05:30.800,00:05:54.900,00:05:34.243,00:05:37.686,Sensoren am Körper,ORIG_PSG_EQUIPPED_PATIENT,ORIGINAL_ASSET,IMAGE_GENERATION_KIT/02_ASSETS/EP06_Polysomnography_equipped_patient.jpg,READY,CONTAIN_STATIC_NO_CROP,CABLE_TOUCH_SOFT,MX_LOW_0.84+MX_HARMONIC_LAB,YELLOW · Lizenz/Person prüfen
A090,EP06_TAKE_015_DER_UNTERBROCHENE_SCHLAF,S5,00:05:30.800,00:05:54.900,00:05:37.686,00:05:41.129,Sensoranschlüsse,ORIG_SENSOR_CONNECTIONS,ORIGINAL_ASSET,IMAGE_GENERATION_KIT/02_ASSETS/EP06_Polysomnography_sensor_connections.jpg,READY,CONTAIN_STATIC_NO_CROP,CABLE_TOUCH_SOFT,MX_LOW_0.84+MX_HARMONIC_LAB,YELLOW · Attribution/SA prüfen
A091,EP06_TAKE_015_DER_UNTERBROCHENE_SCHLAF,S5,00:05:30.800,00:05:54.900,00:05:41.129,00:05:44.571,Muskeltonus,SHOT05,GENERATED_STILL,IMAGE_GENERATION_KIT/03_GENERATED_OUTPUT/NanoBanana_2K_Series/SHOT05_LAB_SENSOR_MACRO.png,READY,STATIC_HOLD,EEG_TICK_SUBTLE,MX_LOW_0.84+MX_HARMONIC_LAB,
A092,EP06_TAKE_015_DER_UNTERBROCHENE_SCHLAF,S5,00:05:30.800,00:05:54.900,00:05:44.571,00:05:48.014,wecken / eine Stunde / zurück,IMG040,PLANNED_GENERATED_STILL,PLANNED/IMG040_INTERRUPTION_PROTOCOL_OBJECTS.png,MISSING_TO_CREATE_OR_LICENSE,GENTLE_PUSH_MAX_1.025_EASED,CLOCK_TICK_SOFT,MX_LOW_0.84+MX_HARMONIC_LAB,
A093,EP06_TAKE_015_DER_UNTERBROCHENE_SCHLAF,S5,00:05:30.800,00:05:54.900,00:05:48.014,00:05:51.457,EEG-Kappe,ORIG_64_CHANNEL_CAP,ORIGINAL_ASSET,IMAGE_GENERATION_KIT/02_ASSETS/EP06_64_Channel_EEG_Cap.jpg,READY,CONTAIN_STATIC_NO_CROP,NONE,MX_LOW_0.84+MX_HARMONIC_LAB,YELLOW · Attribution/SA prüfen
A094,EP06_TAKE_015_DER_UNTERBROCHENE_SCHLAF,S5,00:05:30.800,00:05:54.900,00:05:51.457,00:05:54.900,Schlaf / wach / zurück,CLIP007,PLANNED_TRANSFORM_CLIP,PLANNED/CLIP007_INTERRUPTION_CYCLE.mp4,MISSING_TO_CREATE_OR_LICENSE,NATIVE_MOTION_NO_RETIME_NO_EXTRA_CAMERA,CLOCK_TICK_SOFT,MX_LOW_0.84+MX_HARMONIC_LAB,Ablaufwechsel statt Kamerafahrt
A095,EP06_TAKE_016_SECHS_EPISODEN,S5,00:05:55.150,00:06:18.350,00:05:55.150,00:05:58.464,sechs Episoden,CARD011,PLANNED_CARD,PLANNED/CARD011_SIX_EPISODES.png,MISSING_TO_CREATE_OR_LICENSE,STATIC_NO_ZOOM_NO_PAN,MUSIC_RESULT_SOFT,MX_LOW_0.84+MX_HARMONIC_LAB,
A096,EP06_TAKE_016_SECHS_EPISODEN,S5,00:05:55.150,00:06:18.350,00:05:58.464,00:06:01.779,Ergebnis konkret,IMG041,PLANNED_GENERATED_STILL,PLANNED/IMG041_SIX_EPISODES_MARKERS.png,MISSING_TO_CREATE_OR_LICENSE,STATIC_HOLD,SIX_TICKS_SOFT,MX_LOW_0.84+MX_HARMONIC_LAB,
A097,EP06_TAKE_016_SECHS_EPISODEN,S5,00:05:55.150,00:06:18.350,00:06:01.779,00:06:05.093,wach im EEG / Körper still,IMG020,GENERATED_STILL,IMAGE_GENERATION_KIT/03_GENERATED_OUTPUT/NanoBanana_2K_Series/IMG020_EEG_AWAKE_BODY_STILL_BASE.png,READY,GENTLE_PUSH_MAX_1.025_EASED,EEG_TICK_SUBTLE,MX_LOW_0.84+MX_HARMONIC_LAB,
A098,EP06_TAKE_016_SECHS_EPISODEN,S5,00:05:55.150,00:06:18.350,00:06:05.093,00:06:08.407,REM-Kurve,ORIG_REM_PSG,ORIGINAL_ASSET,IMAGE_GENERATION_KIT/02_ASSETS/EP06_REM_Polysomnography_30sec.png,READY,CONTAIN_STATIC_NO_CROP,NONE,MX_LOW_0.84+MX_HARMONIC_LAB,Original · PD
A099,EP06_TAKE_016_SECHS_EPISODEN,S5,00:05:55.150,00:06:18.350,00:06:08.407,00:06:11.721,Stage 1 Vergleich,ORIG_STAGE1_PSG,ORIGINAL_ASSET,IMAGE_GENERATION_KIT/02_ASSETS/EP06_Sleep_EEG_Stage_1_PSG.jpg,READY,CONTAIN_STATIC_NO_CROP,NONE,MX_LOW_0.84+MX_HARMONIC_LAB,Original · PD
A100,EP06_TAKE_016_SECHS_EPISODEN,S5,00:05:55.150,00:06:18.350,00:06:11.721,00:06:15.036,Stage 2 Vergleich,ORIG_STAGE2_PSG,ORIGINAL_ASSET,IMAGE_GENERATION_KIT/02_ASSETS/EP06_Sleep_EEG_Stage_2_PSG.jpg,READY,CONTAIN_STATIC_NO_CROP,NONE,MX_LOW_0.84+MX_HARMONIC_LAB,Original · PD
A101,EP06_TAKE_016_SECHS_EPISODEN,S5,00:05:55.150,00:06:18.350,00:06:15.036,00:06:18.350,sechs Episoden im Messverlauf,CLIP008,PLANNED_TRANSFORM_CLIP,PLANNED/CLIP008_SIX_EPISODES_SIGNAL.mp4,MISSING_TO_CREATE_OR_LICENSE,NATIVE_MOTION_NO_RETIME_NO_EXTRA_CAMERA,SIX_TICKS_SOFT,MX_LOW_0.84+MX_HARMONIC_LAB,sechs Marker entstehen nacheinander
A102,EP06_TAKE_017_UND_TROTZDEM_KOMMT_ETWAS_MIT,S5,00:06:18.600,00:06:43.600,00:06:18.600,00:06:23.600,Labor und Wahrnehmung,IMG021,GENERATED_STILL,IMAGE_GENERATION_KIT/03_GENERATED_OUTPUT/NanoBanana_2K_Series/IMG021_LAB_HALLUCINATION_AMBIGUOUS.png,READY,STATIC_HOLD,LAB_ROOMTONE_LOW,MX_LOW_0.84+MX_HARMONIC_LAB,
A103,EP06_TAKE_017_UND_TROTZDEM_KOMMT_ETWAS_MIT,S5,00:06:18.600,00:06:43.600,00:06:23.600,00:06:28.600,messbarer Zustand,SHOT17,PLANNED_EDITORIAL_DERIVATIVE,PLANNED/SHOT17_MESSBARER_ZUSTAND.png,MISSING_TO_CREATE_OR_LICENSE,CONTAIN_STATIC_NO_CROP,NONE,MX_LOW_0.84+MX_HARMONIC_LAB,Original · NHLBI/PD
A104,EP06_TAKE_017_UND_TROTZDEM_KOMMT_ETWAS_MIT,S5,00:06:18.600,00:06:43.600,00:06:28.600,00:06:33.600,Messkurve,ORIG_PSG_TRACE,ORIGINAL_ASSET,IMAGE_GENERATION_KIT/02_ASSETS/EP06_Polysomnography_trace.png,READY,CONTAIN_STATIC_NO_CROP,EEG_TICK_SUBTLE,MX_LOW_0.84+MX_HARMONIC_LAB,YELLOW · Attribution/SA prüfen; keine Takeuchi-Kurve behaupten
A105,EP06_TAKE_017_UND_TROTZDEM_KOMMT_ETWAS_MIT,S5,00:06:18.600,00:06:43.600,00:06:33.600,00:06:38.600,Muskelhemmung / Messkontext,SHOT18,PLANNED_EDITORIAL_DERIVATIVE,PLANNED/SHOT18_MUSKELHEMMUNG_MESSKONTEXT.png,MISSING_TO_CREATE_OR_LICENSE,CONTAIN_STATIC_NO_CROP,EEG_TICK_SUBTLE,MX_LOW_0.84+MX_HARMONIC_LAB,Original · CC0
A106,EP06_TAKE_017_UND_TROTZDEM_KOMMT_ETWAS_MIT,S5,00:06:18.600,00:06:43.600,00:06:38.600,00:06:43.600,Präsenz psychologisch offen,SHOT19,PLANNED_GENERATED_DERIVATIVE,PLANNED/SHOT19_PRASENZ_PSYCHOLOGISCH_OFFEN.png,MISSING_TO_CREATE_OR_LICENSE,STATIC_HOLD,MUSIC_QUESTION_LOW,MX_LOW_0.84+MX_HARMONIC_LAB,
A107,EP06_TAKE_018_HEUTE_NACHT,S6,00:06:43.850,00:07:10.650,00:06:43.850,00:06:49.210,du wachst auf,IMG022,GENERATED_STILL,IMAGE_GENERATION_KIT/03_GENERATED_OUTPUT/NanoBanana_2K_Series/IMG022_VIEWER_BEDROOM_TWO_STEPS.png,READY,STATIC_HOLD,BEDROOM_ROOMTONE,MX_LOW_0.88+MX_NOISE_ROOM,
A108,EP06_TAKE_018_HEUTE_NACHT,S6,00:06:43.850,00:07:10.650,00:06:49.210,00:06:54.570,zwei Schritte,IMG002,GENERATED_STILL,IMAGE_GENERATION_KIT/03_GENERATED_OUTPUT/NanoBanana_2K_Series/IMG002_FOOTSTEPS_APPROACH.png,READY,GENTLE_PUSH_MAX_1.025_EASED,FOOTSTEPS_DISTANT_2,MX_LOW_0.88+MX_NOISE_ROOM,
A109,EP06_TAKE_018_HEUTE_NACHT,S6,00:06:43.850,00:07:10.650,00:06:54.570,00:06:59.930,Geräusch neben dem Bett,IMG026,GENERATED_STILL,IMAGE_GENERATION_KIT/03_GENERATED_OUTPUT/NanoBanana_2K_Series/IMG026_SOUND_BECOMES_STEP.png,READY,STATIC_HOLD,FLOOR_CREAK_SINGLE,MX_LOW_0.88+MX_NOISE_ROOM,
A110,EP06_TAKE_018_HEUTE_NACHT,S6,00:06:43.850,00:07:10.650,00:06:59.930,00:07:05.290,dunkle Form im Augenwinkel,IMG024,GENERATED_STILL,IMAGE_GENERATION_KIT/03_GENERATED_OUTPUT/NanoBanana_2K_Series/IMG024_EYE_CORNER_FORM.png,READY,STATIC_HOLD,CURTAIN_RUSTLE_SOFT,MX_LOW_0.88+MX_NOISE_ROOM,
A111,EP06_TAKE_018_HEUTE_NACHT,S6,00:06:43.850,00:07:10.650,00:07:05.290,00:07:10.650,Fehler oder Besucher,SHOT06,GENERATED_STILL,IMAGE_GENERATION_KIT/03_GENERATED_OUTPUT/NanoBanana_2K_Series/SHOT06_CTA_EMPTY_ROOM.png,READY,STATIC_HOLD,ROOMTONE_DROP,MX_LOW_0.88+MX_NOISE_ROOM,
A112,EP06_TAKE_019_KOERPER_ODER_BESUCHER,S6,00:07:10.900,00:07:31.400,00:07:10.900,00:07:15.000,KÖRPER / BESUCHER,CARD006,CARD,IMAGE_GENERATION_KIT/03_GENERATED_OUTPUT/CARDS/CARD006_CTA_KOERPER_BESUCHER.png,READY,STATIC_NO_ZOOM_NO_PAN,NONE,MX_LOW_0.88+MX_NOISE_ROOM,"mindestens 4,5 s statisch"
A113,EP06_TAKE_019_KOERPER_ODER_BESUCHER,S6,00:07:10.900,00:07:31.400,00:07:15.000,00:07:19.100,körperlicher Rahmen,SHOT20,PLANNED_EDITORIAL_DERIVATIVE,PLANNED/SHOT20_KORPERLICHER_RAHMEN.png,MISSING_TO_CREATE_OR_LICENSE,CONTAIN_STATIC_NO_CROP,LOW_BODY_TONE,MX_LOW_0.88+MX_NOISE_ROOM,Original · PD
A114,EP06_TAKE_019_KOERPER_ODER_BESUCHER,S6,00:07:10.900,00:07:31.400,00:07:19.100,00:07:23.200,Erlebnis bleibt real,SHOT07,GENERATED_STILL,IMAGE_GENERATION_KIT/03_GENERATED_OUTPUT/NanoBanana_2K_Series/SHOT07_EMPTY_CORNER_AFTER_PRESENCE.png,READY,STATIC_HOLD,MUSIC_HARMONIC_OPEN,MX_LOW_0.88+MX_NOISE_ROOM,
A115,EP06_TAKE_019_KOERPER_ODER_BESUCHER,S6,00:07:10.900,00:07:31.400,00:07:23.200,00:07:27.300,subjektive Wirklichkeit / messbarer Rahmen,SHOT21,PLANNED_EDITORIAL_DERIVATIVE,PLANNED/SHOT21_SUBJEKTIVE_WIRKLICHKEIT_MESSBARER_RAHMEN.png,MISSING_TO_CREATE_OR_LICENSE,CONTAIN_STATIC_NO_CROP,LOW_AIR_TEXTURE,MX_LOW_0.88+MX_NOISE_ROOM,Original · PD
A116,EP06_TAKE_019_KOERPER_ODER_BESUCHER,S6,00:07:10.900,00:07:31.400,00:07:27.300,00:07:31.400,Übergang Mechanik/Erlebnis,IMG037,PLANNED_GENERATED_STILL,PLANNED/IMG037_CULTURE_EXPERIENCE_FORK.png,MISSING_TO_CREATE_OR_LICENSE,GENTLE_PUSH_MAX_1.025_EASED,MUSIC_TRANSITION_TICK,MX_LOW_0.88+MX_NOISE_ROOM,
A117,EP06_TAKE_020_DIE_OFFENE_AUFGABE,S6,00:07:31.650,00:07:54.450,00:07:31.650,00:07:36.210,offene Aufgabe,CARD012,PLANNED_CARD,PLANNED/CARD012_REALNESS_AND_CAUSE.png,MISSING_TO_CREATE_OR_LICENSE,STATIC_NO_ZOOM_NO_PAN,NONE,MX_LOW_0.88+MX_NOISE_ROOM,
A118,EP06_TAKE_020_DIE_OFFENE_AUFGABE,S6,00:07:31.650,00:07:54.450,00:07:36.210,00:07:40.770,Wehrlosigkeit / Alarm,SHOT22,PLANNED_GENERATED_DERIVATIVE,PLANNED/SHOT22_WEHRLOSIGKEIT_ALARM.png,MISSING_TO_CREATE_OR_LICENSE,GENTLE_PUSH_MAX_1.025_EASED,MUSIC_PULSE_SOFT,MX_LOW_0.88+MX_NOISE_ROOM,
A119,EP06_TAKE_020_DIE_OFFENE_AUFGABE,S6,00:07:31.650,00:07:54.450,00:07:40.770,00:07:45.330,absichtsvoll erlebt,SHOT23,PLANNED_GENERATED_DERIVATIVE,PLANNED/SHOT23_ABSICHTSVOLL_ERLEBT.png,MISSING_TO_CREATE_OR_LICENSE,STATIC_HOLD,ROOMTONE_WIDE,MX_LOW_0.88+MX_NOISE_ROOM,
A120,EP06_TAKE_020_DIE_OFFENE_AUFGABE,S6,00:07:31.650,00:07:54.450,00:07:45.330,00:07:49.890,Form entsteht,CLIP009,PLANNED_TRANSFORM_CLIP,PLANNED/CLIP009_REALNESS_CAUSE_SPLIT.mp4,MISSING_TO_CREATE_OR_LICENSE,NATIVE_MOTION_NO_RETIME_NO_EXTRA_CAMERA,FABRIC_AIR_SOFT,MX_LOW_0.88+MX_NOISE_ROOM,Erlebnis und Erklärung trennen sich sichtbar
A121,EP06_TAKE_020_DIE_OFFENE_AUFGABE,S6,00:07:31.650,00:07:54.450,00:07:49.890,00:07:54.450,Verursacher vor Bild,IMG043,PLANNED_GENERATED_STILL,PLANNED/IMG043_PRESENCE_BEFORE_IMAGE.png,MISSING_TO_CREATE_OR_LICENSE,STATIC_HOLD,LOW_AIR_TEXTURE,MX_LOW_0.88+MX_NOISE_ROOM,
A122,EP06_TAKE_021_ALARM_OHNE_URSACHE,S7,00:07:54.700,00:08:19.700,00:07:54.700,00:07:59.700,Alarmsystem,SHOT24,PLANNED_EDITORIAL_DERIVATIVE,PLANNED/SHOT24_ALARMSYSTEM.png,MISSING_TO_CREATE_OR_LICENSE,CONTAIN_STATIC_NO_CROP,LOW_BODY_TONE,MX_LOW_1.00+MX_HARMONIC_PRESENCE,"Anatomiekontext, keine monokausale Behauptung"
A123,EP06_TAKE_021_ALARM_OHNE_URSACHE,S7,00:07:54.700,00:08:19.700,00:07:59.700,00:08:04.700,Ursache fehlt,SHOT25,PLANNED_GENERATED_DERIVATIVE,PLANNED/SHOT25_URSACHE_FEHLT.png,MISSING_TO_CREATE_OR_LICENSE,GENTLE_PUSH_MAX_1.025_EASED,LOW_NEURAL_TICK,MX_LOW_1.00+MX_HARMONIC_PRESENCE,
A124,EP06_TAKE_021_ALARM_OHNE_URSACHE,S7,00:07:54.700,00:08:19.700,00:08:04.700,00:08:09.700,Körper meldet Widerspruch,SHOT26,PLANNED_GENERATED_DERIVATIVE,PLANNED/SHOT26_KORPER_MELDET_WIDERSPRUCH.png,MISSING_TO_CREATE_OR_LICENSE,STATIC_HOLD,BREATH_BODY_LOW,MX_LOW_1.00+MX_HARMONIC_PRESENCE,
A125,EP06_TAKE_021_ALARM_OHNE_URSACHE,S7,00:07:54.700,00:08:19.700,00:08:09.700,00:08:14.700,Alarm → Verursacher,CARD004,CARD,IMAGE_GENERATION_KIT/03_GENERATED_OUTPUT/CARDS/CARD004_PRAESENZMODELL.png,READY,STATIC_NO_ZOOM_NO_PAN,NONE,MX_LOW_1.00+MX_HARMONIC_PRESENCE,
A126,EP06_TAKE_021_ALARM_OHNE_URSACHE,S7,00:07:54.700,00:08:19.700,00:08:14.700,00:08:19.700,Bedrohung früh erkennen,SHOT27,PLANNED_GENERATED_DERIVATIVE,PLANNED/SHOT27_BEDROHUNG_FRUH_ERKENNEN.png,MISSING_TO_CREATE_OR_LICENSE,GENTLE_PUSH_MAX_1.025_EASED,MUSIC_PULSE_SOFT,MX_LOW_1.00+MX_HARMONIC_PRESENCE,
A127,EP06_TAKE_022_AUS_EINEM_SCHATTEN_WIRD_EINE_SCHULTER,S7,00:08:19.950,00:08:43.150,00:08:19.950,00:08:24.590,Knacken wird Schritt,IMG026,GENERATED_STILL,IMAGE_GENERATION_KIT/03_GENERATED_OUTPUT/NanoBanana_2K_Series/IMG026_SOUND_BECOMES_STEP.png,READY,STATIC_HOLD,FLOOR_CREAK_SINGLE,MX_LOW_1.00+MX_HARMONIC_PRESENCE,
A128,EP06_TAKE_022_AUS_EINEM_SCHATTEN_WIRD_EINE_SCHULTER,S7,00:08:19.950,00:08:43.150,00:08:24.590,00:08:29.230,Schatten wird Schulter,SHOT28,PLANNED_GENERATED_DERIVATIVE,PLANNED/SHOT28_SCHATTEN_WIRD_SCHULTER.png,MISSING_TO_CREATE_OR_LICENSE,STATIC_HOLD,ROOMTONE_WIDE,MX_LOW_1.00+MX_HARMONIC_PRESENCE,
A129,EP06_TAKE_022_AUS_EINEM_SCHATTEN_WIRD_EINE_SCHULTER,S7,00:08:19.950,00:08:43.150,00:08:29.230,00:08:33.870,Gestalt vervollständigt sich,CLIP010,PLANNED_TRANSFORM_CLIP,PLANNED/CLIP010_SHADOW_COMPLETION.mp4,MISSING_TO_CREATE_OR_LICENSE,NATIVE_MOTION_NO_RETIME_NO_EXTRA_CAMERA,FABRIC_AIR_SOFT,MX_LOW_1.00+MX_HARMONIC_PRESENCE,Wahrnehmungsmetapher
A130,EP06_TAKE_022_AUS_EINEM_SCHATTEN_WIRD_EINE_SCHULTER,S7,00:08:19.950,00:08:43.150,00:08:33.870,00:08:38.510,Alltagsobjekt / körperlicher Rahmen,SHOT29,PLANNED_EDITORIAL_DERIVATIVE,PLANNED/SHOT29_ALLTAGSOBJEKT_KORPERLICHER_RAHMEN.png,MISSING_TO_CREATE_OR_LICENSE,CONTAIN_STATIC_NO_CROP,CURTAIN_RUSTLE_SOFT,MX_LOW_1.00+MX_HARMONIC_PRESENCE,Original · PD
A131,EP06_TAKE_022_AUS_EINEM_SCHATTEN_WIRD_EINE_SCHULTER,S7,00:08:19.950,00:08:43.150,00:08:38.510,00:08:43.150,Unsicherheit wird Gestalt,IMG028,GENERATED_STILL,IMAGE_GENERATION_KIT/03_GENERATED_OUTPUT/NanoBanana_2K_Series/IMG028_PRESENCE_BEFORE_FORM.png,READY,GENTLE_PUSH_MAX_1.025_EASED,MUSIC_HARMONIC_TENSION,MX_LOW_1.00+MX_HARMONIC_PRESENCE,
A132,EP06_TAKE_023_DIE_PRAESENZ_KOMMT_ZUERST,S7,00:08:43.400,00:09:16.400,00:08:43.400,00:08:50.000,beobachtend / intelligent,SHOT30,PLANNED_GENERATED_DERIVATIVE,PLANNED/SHOT30_BEOBACHTEND_INTELLIGENT.png,MISSING_TO_CREATE_OR_LICENSE,STATIC_HOLD,ROOMTONE_WIDE,MX_LOW_1.00+MX_HARMONIC_PRESENCE,
A133,EP06_TAKE_023_DIE_PRAESENZ_KOMMT_ZUERST,S7,00:08:43.400,00:09:16.400,00:08:50.000,00:08:56.600,Präsenz vor Gestalt,IMG043,PLANNED_GENERATED_STILL,PLANNED/IMG043_PRESENCE_BEFORE_IMAGE.png,MISSING_TO_CREATE_OR_LICENSE,STATIC_HOLD,LOW_AIR_TEXTURE,MX_LOW_1.00+MX_HARMONIC_PRESENCE,
A134,EP06_TAKE_023_DIE_PRAESENZ_KOMMT_ZUERST,S7,00:08:43.400,00:09:16.400,00:08:56.600,00:09:03.200,Old-Hag-Schwelle,CLIP003,VEO_CLIP,IMAGE_GENERATION_KIT/03_GENERATED_OUTPUT/NanoBanana_2K_Series/CLIP003_OLD_HAG_THRESHOLD.mp4,READY,NATIVE_MOTION_NO_RETIME_NO_EXTRA_CAMERA,CHAIR_WOOD_SOFT,MX_LOW_1.00+MX_HARMONIC_PRESENCE,Folklore-/Oral-History-Visualisierung
A135,EP06_TAKE_023_DIE_PRAESENZ_KOMMT_ZUERST,S7,00:08:43.400,00:09:16.400,00:09:03.200,00:09:09.800,Menschen geben Namen,SHOT31,PLANNED_GENERATED_DERIVATIVE,PLANNED/SHOT31_MENSCHEN_GEBEN_NAMEN.png,MISSING_TO_CREATE_OR_LICENSE,GENTLE_PUSH_MAX_1.025_EASED,TAPE_HISS_LOW,MX_LOW_1.00+MX_HARMONIC_PRESENCE,
A136,EP06_TAKE_023_DIE_PRAESENZ_KOMMT_ZUERST,S7,00:08:43.400,00:09:16.400,00:09:09.800,00:09:16.400,Gestalt überlebt Erzählenden,SHOT32,PLANNED_GENERATED_DERIVATIVE,PLANNED/SHOT32_GESTALT_UBERLEBT_ERZAHLENDEN.png,MISSING_TO_CREATE_OR_LICENSE,STATIC_HOLD,MUSIC_RELEASE_DARK_TO_WARM,MX_LOW_1.00+MX_HARMONIC_PRESENCE,
A137,EP06_TAKE_024_ZURUECK_ZU_HUFFORD,S8,00:09:16.650,00:09:39.850,00:09:16.650,00:09:21.290,zurück zu Hufford,SHOT33,PLANNED_GENERATED_DERIVATIVE,PLANNED/SHOT33_ZURUCK_ZU_HUFFORD.png,MISSING_TO_CREATE_OR_LICENSE,GENTLE_PUSH_MAX_1.025_EASED,PENCIL_NOTE,MX_LOW_0.66+MX_HARMONIC_RESOLUTION,
A138,EP06_TAKE_024_ZURUECK_ZU_HUFFORD,S8,00:09:16.650,00:09:39.850,00:09:21.290,00:09:25.930,1963 / 1982,CARD008,PLANNED_CARD,PLANNED/CARD008_HUFFORD_1963_1982.png,MISSING_TO_CREATE_OR_LICENSE,STATIC_NO_ZOOM_NO_PAN,NONE,MX_LOW_0.66+MX_HARMONIC_RESOLUTION,
A139,EP06_TAKE_024_ZURUECK_ZU_HUFFORD,S8,00:09:16.650,00:09:39.850,00:09:25.930,00:09:30.570,Tradition / Ort,SHOT34,PLANNED_EDITORIAL_DERIVATIVE,PLANNED/SHOT34_TRADITION_ORT.png,MISSING_TO_CREATE_OR_LICENSE,CONTAIN_STATIC_NO_CROP,COAST_WIND_LOW,MX_LOW_0.66+MX_HARMONIC_RESOLUTION,Original · PD
A140,EP06_TAKE_024_ZURUECK_ZU_HUFFORD,S8,00:09:16.650,00:09:39.850,00:09:30.570,00:09:35.210,Fogo-Archivanker,SHOT35,PLANNED_EDITORIAL_DERIVATIVE,PLANNED/SHOT35_FOGO_ARCHIVANKER.png,MISSING_TO_CREATE_OR_LICENSE,CONTAIN_STATIC_NO_CROP,NONE,MX_LOW_0.66+MX_HARMONIC_RESOLUTION,Originalkarte 1873 · PD
A141,EP06_TAKE_024_ZURUECK_ZU_HUFFORD,S8,00:09:16.650,00:09:39.850,00:09:35.210,00:09:39.850,belastbarer körperlicher Stand,SHOT36,PLANNED_EDITORIAL_DERIVATIVE,PLANNED/SHOT36_BELASTBARER_KORPERLICHER_STAND.png,MISSING_TO_CREATE_OR_LICENSE,CONTAIN_STATIC_NO_CROP,NONE,MX_LOW_0.66+MX_HARMONIC_RESOLUTION,YELLOW · Attribution/SA prüfen
A142,EP06_TAKE_025_WARUM_WIRD_AUS_LAEHMUNG_EINE_BEGEGNUNG,S8,00:09:40.100,00:10:10.000,00:09:40.100,00:09:46.080,REM-Atonie,IMG009,GENERATED_STILL,IMAGE_GENERATION_KIT/03_GENERATED_OUTPUT/NanoBanana_2K_Series/IMG009_REM_BODY_STILL.png,READY,STATIC_HOLD,LOW_BODY_TONE,MX_LOW_0.66+MX_HARMONIC_RESOLUTION,
A143,EP06_TAKE_025_WARUM_WIRD_AUS_LAEHMUNG_EINE_BEGEGNUNG,S8,00:09:40.100,00:10:10.000,00:09:46.080,00:09:52.060,Mischzustand,IMG011,GENERATED_STILL,IMAGE_GENERATION_KIT/03_GENERATED_OUTPUT/NanoBanana_2K_Series/IMG011_WAKE_BODY_LAG.png,READY,STATIC_HOLD,SOFT_PHASE_SHIFT,MX_LOW_0.66+MX_HARMONIC_RESOLUTION,
A144,EP06_TAKE_025_WARUM_WIRD_AUS_LAEHMUNG_EINE_BEGEGNUNG,S8,00:09:40.100,00:10:10.000,00:09:52.060,00:09:58.040,wiederkehrende Familien,IMG016,GENERATED_STILL,IMAGE_GENERATION_KIT/03_GENERATED_OUTPUT/NanoBanana_2K_Series/IMG016_THREE_FAMILIES_TRIPTYCH_BASE.png,READY,STATIC_HOLD,MUSIC_THREE_NOTES,MX_LOW_0.66+MX_HARMONIC_RESOLUTION,
A145,EP06_TAKE_025_WARUM_WIRD_AUS_LAEHMUNG_EINE_BEGEGNUNG,S8,00:09:40.100,00:10:10.000,00:09:58.040,00:10:04.020,Erlebnisfamilien,SHOT37,PLANNED_GENERATED_DERIVATIVE,PLANNED/SHOT37_ERLEBNISFAMILIEN.png,MISSING_TO_CREATE_OR_LICENSE,STATIC_HOLD,NONE,MX_LOW_0.66+MX_HARMONIC_RESOLUTION,
A146,EP06_TAKE_025_WARUM_WIRD_AUS_LAEHMUNG_EINE_BEGEGNUNG,S8,00:09:40.100,00:10:10.000,00:10:04.020,00:10:10.000,Warum Begegnung?,CARD013,PLANNED_CARD,PLANNED/CARD013_OPEN_PRESENCE_QUESTION.png,MISSING_TO_CREATE_OR_LICENSE,STATIC_NO_ZOOM_NO_PAN,MUSIC_QUESTION_LOW,MX_LOW_0.66+MX_HARMONIC_RESOLUTION,
A147,EP06_TAKE_026_BRIDGET_BISHOP,S8,00:10:10.250,00:10:43.750,00:10:10.250,00:10:15.833,Nacht wird Gerichtsakte,IMG032,GENERATED_STILL,IMAGE_GENERATION_KIT/03_GENERATED_OUTPUT/NanoBanana_2K_Series/IMG032_BEDROOM_TO_COURT_HANDOFF.png,READY,GENTLE_PUSH_MAX_1.025_EASED,PAPER_NOTE,MX_LOW_0.66+MX_HARMONIC_RESOLUTION,
A148,EP06_TAKE_026_BRIDGET_BISHOP,S8,00:10:10.250,00:10:43.750,00:10:15.833,00:10:21.417,Aussage über Brustdruck,IMG044,PLANNED_GENERATED_STILL,PLANNED/IMG044_BRIDGET_TESTIMONY_HANDOFF.png,MISSING_TO_CREATE_OR_LICENSE,STATIC_HOLD,QUILL_PAPER_SOFT,MX_LOW_0.66+MX_HARMONIC_RESOLUTION,
A149,EP06_TAKE_026_BRIDGET_BISHOP,S8,00:10:10.250,00:10:43.750,00:10:21.417,00:10:27.000,Salem vor Gericht,ORIG026,PLANNED_ORIGINAL_ASSET,PLANNED/ORIG026_SALEM_COURT_1876.jpg,MISSING_TO_CREATE_OR_LICENSE,CONTAIN_STATIC_NO_CROP,COURT_ROOMTONE_LOW,MX_LOW_0.66+MX_HARMONIC_RESOLUTION,spätere Darstellung klar datieren
A150,EP06_TAKE_026_BRIDGET_BISHOP,S8,00:10:10.250,00:10:43.750,00:10:27.000,00:10:32.583,Bridget Bishop,ORIG027,PLANNED_ORIGINAL_ASSET,PLANNED/ORIG027_BRIDGET_BISHOP_RECORD.jpg,MISSING_TO_CREATE_OR_LICENSE,CONTAIN_STATIC_NO_CROP,PAPER_TURN_SOFT,MX_LOW_0.66+MX_HARMONIC_RESOLUTION,nur verifiziertes PD-Dokument
A151,EP06_TAKE_026_BRIDGET_BISHOP,S8,00:10:10.250,00:10:43.750,00:10:32.583,00:10:38.167,private Nacht / öffentlicher Nachhall,SHOT08,GENERATED_STILL,IMAGE_GENERATION_KIT/03_GENERATED_OUTPUT/NanoBanana_2K_Series/SHOT08_DAWN_AFTER_PARALYSIS.png,READY,STATIC_HOLD,MUSIC_HANDOFF_EP07,MX_LOW_0.66+MX_HARMONIC_RESOLUTION,
A152,EP06_TAKE_026_BRIDGET_BISHOP,S8,00:10:10.250,00:10:43.750,00:10:38.167,00:10:43.750,private Nacht wird öffentliche Wahrheit,CARD014,PLANNED_CARD,PLANNED/CARD014_PRIVATE_NIGHT_PUBLIC_RECORD.png,MISSING_TO_CREATE_OR_LICENSE,STATIC_NO_ZOOM_NO_PAN,MUSIC_HANDOFF_EP07,MX_LOW_0.66+MX_HARMONIC_RESOLUTION,
A153,ENDCARD,ENDCARD,00:10:44.550,00:11:04.550,00:10:44.550,00:11:04.550,Gehirn oder Muster? / Endscreen,CARD007,CARD,IMAGE_GENERATION_KIT/03_GENERATED_OUTPUT/CARDS/CARD007_ENDCARD.png,READY,STATIC_NO_ZOOM_NO_PAN,NONE,MX_HARMONIC_RESOLUTION_FADE_20S,Exakt 20 s; YouTube-Endscreen-Flächen frei halten
