id,episodes,title,traffic_light,license,source_page,download_url,filename,relative_dir,auto_download,expected_kind
EP06_EXP_001,EP06,Sleep EEG Stage 1 polysomnographic record,GREEN,Public Domain dedication,https://commons.wikimedia.org/wiki/File:Sleep_EEG_Stage_1.jpg,https://commons.wikimedia.org/wiki/Special:Redirect/file/Sleep%20EEG%20Stage%201.jpg,EP06_S03_Sleep_EEG_Stage_1_PSG_PD.jpg,EP06/01_ORIGINAL_GREEN/SCIENCE_LAB,1,image
EP06_EXP_002,EP06,Sleep EEG Stage 2 polysomnographic record,GREEN,Public Domain dedication,https://commons.wikimedia.org/wiki/File:Sleep_EEG_Stage_2.jpg,https://commons.wikimedia.org/wiki/Special:Redirect/file/Sleep%20EEG%20Stage%202.jpg,EP06_S03_Sleep_EEG_Stage_2_PSG_PD.jpg,EP06/01_ORIGINAL_GREEN/SCIENCE_LAB,1,image
EP06_EXP_003,EP06,Polysomnography trace with obstructive sleep apnea,YELLOW,CC BY-SA 3.0,https://commons.wikimedia.org/wiki/File:Polysomnography.png,https://commons.wikimedia.org/wiki/Special:Redirect/file/Polysomnography.png,EP06_S03_Polysomnography_trace_CC-BY-SA-3.0.png,EP06/02_REVIEW_YELLOW/SCIENCE_DIAGRAM,1,image
EP06_EXP_004,EP06,Patient equipped for ambulatory polysomnography,YELLOW,Commons own-work upload; manual license check before final publish,https://commons.wikimedia.org/wiki/File:Polysmonograpy_equipped_patient.jpg,https://commons.wikimedia.org/wiki/Special:Redirect/file/Polysmonograpy%20equipped%20patient.jpg,EP06_S03_Polysomnography_equipped_patient_REVIEW.jpg,EP06/02_REVIEW_YELLOW/SCIENCE_LAB,1,image
EP06_EXP_005,EP06,EEG cap icon,GREEN,CC0 1.0,https://commons.wikimedia.org/wiki/File:EEG_Cap_-_The_Noun_Project.svg,https://commons.wikimedia.org/wiki/Special:Redirect/file/EEG%20Cap%20-%20The%20Noun%20Project.svg,EP06_S03_EEG_Cap_Icon_CC0.svg,EP06/01_ORIGINAL_GREEN/SCIENCE_ICONS,1,image
EP06_EXP_006,EP06,Fogo Island–Cape Freels electoral district map,YELLOW,CC BY-SA 4.0,https://commons.wikimedia.org/wiki/File:Fogo_Island-Cape_Freels_electoral_district_map.svg,https://commons.wikimedia.org/wiki/Special:Redirect/file/Fogo%20Island-Cape%20Freels%20electoral%20district%20map.svg,EP06_S02_Fogo_Island_Cape_Freels_map_CC-BY-SA-4.0.svg,EP06/02_REVIEW_YELLOW/MAPS,1,image
EP06_EXP_007,EP06,64-channel EEG cap photograph,YELLOW,CC BY-SA 4.0,https://commons.wikimedia.org/wiki/File:EEG_Cap_on_melon.jpg,https://commons.wikimedia.org/wiki/Special:Redirect/file/EEG%20Cap%20on%20melon.jpg,EP06_S03_64_Channel_EEG_Cap_CC-BY-SA-4.0.jpg,EP06/02_REVIEW_YELLOW/SCIENCE_LAB,1,image
EP07_EXP_001,EP07,"Examinations of Sarah Good, Sarah Osburn, and Tituba, as Recorded by Ezekiel Cheever",GREEN,Massachusetts government record — available for public use,https://digitalarchives.sec.state.ma.us/uncategorised/SO_01d12510-bdb9-4463-b25a-3b7295a0e9a7/,https://digitalarchives.sec.state.ma.us/download/file/IO_4ea7554c-eee2-4abe-a2f7-2a11be4af72a,EP07_S01_Sarah_Good_Sarah_Osburn_Tituba_Examinations_1692,EP07/01_ORIGINAL_GREEN/SALEM_PRIMARY_DOCUMENTS,1,detect
EP07_EXP_002,EP07,Examination of Rebecca Nurse,GREEN,Massachusetts government record — available for public use,https://digitalarchives.sec.state.ma.us/uncategorised/SO_69f85161-f64b-428e-8fdf-0cb52fa44be7/,https://digitalarchives.sec.state.ma.us/download/file/IO_30910f55-5822-4b40-a1d7-d3e1f14ea968,EP07_S01_Rebecca_Nurse_Examination_1692,EP07/01_ORIGINAL_GREEN/SALEM_PRIMARY_DOCUMENTS,1,detect
EP07_EXP_003,EP07,Deposition of Mary Walcott and Elizabeth Hubbard v. John Proctor et al.,GREEN,Massachusetts government record — available for public use,https://digitalarchives.sec.state.ma.us/uncategorised/SO_78ee8ee6-7712-41e2-b2fa-8b9b74c4e64e/,https://digitalarchives.sec.state.ma.us/download/file/IO_1428d881-9690-4c15-97bc-006b10ff2524,EP07_S01_Mary_Walcott_Elizabeth_Hubbard_v_John_Proctor_1692,EP07/01_ORIGINAL_GREEN/SALEM_PRIMARY_DOCUMENTS,1,detect
EP07_EXP_004,EP07,"Mittimus for Martha Corey, Rebecca Nurse, Dorothy Good, Sarah Cloyce, John Proctor, and Elizabeth Proctor",GREEN,Massachusetts government record — available for public use,https://digitalarchives.sec.state.ma.us/uncategorised/SO_4ac3ae25-9c1c-42c0-9b94-b1257e2fc01e/,https://digitalarchives.sec.state.ma.us/download/file/IO_6032c3ab-46b4-4f59-9eaf-266bb2baa800,EP07_S01_Mittimus_Martha_Corey_Rebecca_Nurse_1692,EP07/01_ORIGINAL_GREEN/SALEM_PRIMARY_DOCUMENTS,1,detect
EP07_EXP_005,EP07,Salem Village Parsonage Foundation archaeological site,YELLOW,CC BY-SA 3.0,https://commons.wikimedia.org/wiki/File:Salem_Village_Parsonage_Foundation.jpg,https://commons.wikimedia.org/wiki/Special:Redirect/file/Salem%20Village%20Parsonage%20Foundation.jpg,EP07_S01_Salem_Village_Parsonage_Foundation_CC-BY-SA-3.0.jpg,EP07/02_REVIEW_YELLOW/PLACE,1,image
EP07_EXP_006,EP07,Proctor’s Ledge Memorial,YELLOW,CC BY-SA 4.0,https://commons.wikimedia.org/wiki/File:Proctor%27s_Ledge_Memorial.jpg,https://commons.wikimedia.org/wiki/Special:Redirect/file/Proctor%27s%20Ledge%20Memorial.jpg,EP07_S01_Proctors_Ledge_Memorial_CC-BY-SA-4.0.jpg,EP07/02_REVIEW_YELLOW/PLACE,1,image
EP07_EXP_007,EP07,Jinn from Ali manuscript,GREEN,Public Domain / PD-Art,https://commons.wikimedia.org/wiki/File:Jinn_from_Ali_manuscript.png,https://commons.wikimedia.org/wiki/Special:Redirect/file/Jinn%20from%20Ali%20manuscript.png,EP07_S03_Jinn_from_Ali_manuscript_PD.png,EP07/01_ORIGINAL_GREEN/CROSS_CULTURAL_ART,1,image
EP07_EXP_008,EP07,Yoshitoshi — Shoki (dream demon queller),GREEN,Public Domain / PD-Art,https://commons.wikimedia.org/wiki/File:Yoshitoshi_Shoki.jpg,https://commons.wikimedia.org/wiki/Special:Redirect/file/Yoshitoshi%20Shoki.jpg,EP07_S03_Yoshitoshi_Shoki_PD.jpg,EP07/01_ORIGINAL_GREEN/CROSS_CULTURAL_ART,1,image
EP07_EXP_009,EP07,Kunisada — The Ghost,GREEN,Public Domain / PD-Art,https://commons.wikimedia.org/wiki/File:Kunisada_The_Ghost.jpg,https://commons.wikimedia.org/wiki/Special:Redirect/file/Kunisada%20The%20Ghost.jpg,EP07_S03_Kunisada_The_Ghost_PD.jpg,EP07/01_ORIGINAL_GREEN/CROSS_CULTURAL_ART,1,image
EP08_EXP_001,EP08,Callisto bulletin board system screenshot,YELLOW,GFDL / free documentation license,https://commons.wikimedia.org/wiki/File:Callisto_screenshot.png,https://commons.wikimedia.org/wiki/Special:Redirect/file/Callisto%20screenshot.png,EP08_S02_Callisto_BBS_screenshot_GFDL.png,EP08/02_REVIEW_YELLOW/COMPUTER_SCREENS,1,image
EP08_EXP_002,EP08,Bandai Apple Pippin modem,GREEN,Public Domain dedication,https://commons.wikimedia.org/wiki/File:Bandai-Apple-Pippin-Modem.jpg,https://commons.wikimedia.org/wiki/Special:Redirect/file/Bandai-Apple-Pippin-Modem.jpg,EP08_S02_Bandai_Apple_Pippin_Modem_PD.jpg,EP08/01_ORIGINAL_GREEN/TECH_OBJECTS,1,image
EP08_EXP_003,EP08,9.6k modem PCB,GREEN,CC0 1.0,https://commons.wikimedia.org/wiki/File:9.6k_Modem_PCB.jpg,https://commons.wikimedia.org/wiki/Special:Redirect/file/9.6k%20Modem%20PCB.jpg,EP08_S02_9_6k_Modem_PCB_CC0.jpg,EP08/01_ORIGINAL_GREEN/TECH_OBJECTS,1,image
EP08_EXP_004,EP08,Schneider MM12 monochrome monitor,GREEN,Public Domain dedication,https://commons.wikimedia.org/wiki/File:Schneider-MM12-Monochrome-Monitor-3.jpg,https://commons.wikimedia.org/wiki/Special:Redirect/file/Schneider-MM12-Monochrome-Monitor-3.jpg,EP08_S02_Schneider_MM12_Monochrome_Monitor_PD.jpg,EP08/01_ORIGINAL_GREEN/TECH_OBJECTS,1,image
EP08_EXP_005,EP08,Rotary dial telephone clipart,GREEN,CC0 1.0,https://commons.wikimedia.org/wiki/File:Rotary_dial_telephone.svg,https://commons.wikimedia.org/wiki/Special:Redirect/file/Rotary%20dial%20telephone.svg,EP08_S01_Rotary_Dial_Telephone_CC0.svg,EP08/01_ORIGINAL_GREEN/TECH_ICONS,1,image
EP08_EXP_006,EP08,Shure SM7 microphone,GREEN,CC0 1.0,https://commons.wikimedia.org/wiki/File:Shure_SM7.jpg,https://commons.wikimedia.org/wiki/Special:Redirect/file/Shure%20SM7.jpg,EP08_S01_Shure_SM7_Microphone_CC0.jpg,EP08/01_ORIGINAL_GREEN/AUDIO_EQUIPMENT,1,image
EP08_EXP_007,EP08,Amstutz Electro-Artograph 1895 (early fax machine),GREEN,Public Domain,https://commons.wikimedia.org/wiki/File:Amstutz_Electro-Artograph_1895.png,https://commons.wikimedia.org/wiki/Special:Redirect/file/Amstutz%20Electro-Artograph%201895.png,EP08_S01_Amstutz_Electro_Artograph_1895_PD.png,EP08/01_ORIGINAL_GREEN/HISTORICAL_TECH,1,image
EP08_EXP_008,EP08,Shure 55S vintage microphone,YELLOW,CC BY-SA 3.0,https://commons.wikimedia.org/wiki/File:Shure_mikrofon_55S.jpg,https://commons.wikimedia.org/wiki/Special:Redirect/file/Shure%20mikrofon%2055S.jpg,EP08_S01_Shure_55S_vintage_mic_CC-BY-SA-3.0.jpg,EP08/02_REVIEW_YELLOW/AUDIO_EQUIPMENT,1,image
EP08_EXP_009,EP08,Generic modem photograph,GREEN,CC0 1.0,https://commons.wikimedia.org/wiki/File:Modem_(15435802246).jpg,https://commons.wikimedia.org/wiki/Special:Redirect/file/Modem%20%2815435802246%29.jpg,EP08_S02_Generic_Modem_CC0.jpg,EP08/01_ORIGINAL_GREEN/TECH_OBJECTS,1,image
