file,initial_issue,action,final_status
EP04A_IMG002_JUNG_WARNING_RECON.png,"Gestik und Requisiten nicht eindeutig genug","Neu erzeugt: genau ein Holzzeiger, leere Tafel, klare Seminarsituation",PASS
EP04A_IMG005_JUNG_BEFORE_UNKNOWN_MAP.png,"Jung-/Arbeitsplatzwirkung und Kartenmotiv schärfen","Neu erzeugt mit historisch ruhiger Arbeitsatmosphäre und unlesbaren Skizzen",PASS
EP04A_IMG006_TRAIN_1913_NORMAL.png,"Zugsequenz visuell vereinheitlichen","Neu erzeugt als historischer Normalzustand derselben Sequenz",PASS
EP04A_IMG009_JUNG_TRAIN_REACTION.png,"Reaktionsbild der Zugsequenz vereinheitlichen","Neu erzeugt mit passender Kabine und plausibler Reaktion",PASS
EP04A_IMG020_PHILEMON_DISTANCE.png,"Zu wörtliche Fantasy-Merkmale","Neu erzeugt ohne Hörner oder Flügel; blaue Stoffspur als einziges symbolisches Merkmal",PASS
EP04A_IMG010_CLINICAL_GROUNDING_DESK.png,"Erfundene Handschrift und pseudo-lesbare Diagrammfragmente","Neu erzeugt als methodischer Arbeitstisch mit vollständig blanken Papieren und neutralen Geräten",PASS
EP04A_IMG022_SEMINAR_JUNG_HAND_POINTER.png,"Darstellerwechsel sowie unruhige Pseudo-Dokumente","Neu erzeugt mit derselben 1932-Jung-Identität, leerem Tisch, leerem Flipchart und genau einem Holzzeiger",PASS
EP04A_IMG025_INNER_GRAVITY_ROOM.png,"Schwebende Papiere wirkten künstlich","Neu erzeugt als stiller realer Raum ohne schwebende Gegenstände",PASS
EP04A_IMG028_MANIPURA_BODY_MACRO.png,"Künstlicher Rauch-/Energieeffekt am Körper","Neu erzeugt als rein körperliche Spannung ohne Glow, Flamme oder Rauch",PASS
EP04A_IMG030_CONVERSATION_AFFECT_SHIFT.png,"Gesprächssequenz ohne sichere Figurenbindung","Neu erzeugt mit denselben Personen, Kleidern, Raum und Licht",PASS
EP04A_IMG031_SUBJECTIVE_COMPRESSION.png,"Gesprächssequenz ohne sichere Figurenbindung","Neu erzeugt als enger Folgeshot derselben Person",PASS
EP04A_IMG032_ANAHATA_BREATH_OPEN.png,"Gesprächssequenz ohne sichere Figurenbindung","Neu erzeugt als körperlich lesbarer Entspannungsmoment derselben Person",PASS
EP04A_IMG033_OBSERVER_STEP_BACK.png,"Gesprächssequenz ohne sichere Figurenbindung","Neu erzeugt als verständlicher Perspektivwechsel derselben Person",PASS
EP04A_IMG034_PHONE_NAME_ONLY.png,"Telefonsequenz mit möglicher Text-/Markenbildung","Neu erzeugt mit generischem Gerät und nicht lesbarer Oberfläche",PASS
EP04A_IMG035_BODY_REACTION_SEQUENCE_STILL.png,"Telefonsequenz ohne sichere Personenbindung","Neu erzeugt mit wiederkehrender Person und Umgebung",PASS
EP04A_IMG036_REPLY_FORMING_UNREADABLE.png,"Telefonsequenz mit möglichem Fantasietext","Neu erzeugt mit abstrakten, nicht lesbaren Eingabeflächen",PASS
EP04A_IMG037_TWO_SECOND_HOVER.png,"Telefonsequenz mit möglichem Fantasietext","Neu erzeugt mit generischer, nicht lesbarer Oberfläche",PASS
EP04A_IMG038_RELEASE_PULLBACK.png,"Telefonsequenz ohne sicheren Abschluss","Neu erzeugt mit derselben Person, gesenktem Telefon und ruhigem Abschluss",PASS
EP04A_IMG039_LONDON_PRINT_PROCESS_1919.png,"Deutlich sichtbarer generierter Seitentext","Neu erzeugt mit ausschließlich blankem Papier; der Druckprozess wird über Werkzeuge und Handlung erklärt",PASS
EP04A_IMG041_MAP_TRAVEL_DESK.png,"Erfundene Schriften und verschwörungsbrettartige Fadenverknüpfung","Neu erzeugt als drei stille Materialgruppen ohne Text, Symbole oder sichtbare Verbindungsfäden",PASS
EP04B_IMG006_SIX_PLUS_ABOVE_BASE.png,"Erste Fassung zeigte eine falsche Anzahl Kreise","Neu erzeugt und nachgezählt: exakt sechs Kreise unter der Linie plus einer darüber",PASS
EP04B_IMG007_LONDON_PRINT_SHOP_1919.png,"Mehrteilige/technische Bildwirkung vermeiden","Neu erzeugt als ein zusammenhängender historischer Druckerei-Shot",PASS
EP04B_IMG020_FINAL_HEADON_AND_SEAMS.png,"Abschlussbild wirkte wie ein historisches Chakra-Manuskript statt wie die moderne Karte","Neu erzeugt mit derselben modernen Sieben-Kreis-Karte auf der obersten transparenten Schicht und sichtbaren älteren Materialkanten darunter",PASS
EP04B_RSV03_MODERN_BOOKSHELF_WELLNESS.png,"Lesbare und künstliche Buchtitel verrieten die Bildgenerierung","Neu erzeugt mit vollständig neutralen, unbeschrifteten Buchrücken und abstrakter Farbkarte",PASS
MOTION_BASES_2K,"Karten wirkten stellenweise zu technisch oder stichwortartig","Alle 29 Systeme auf verständliche Kernaussagen, natürliche Sprache, Papier-/Editorialbeziehungen und sichtbare Erklärlogik überarbeitet",PASS
