content_sha256,perceptual_hash,episode_id,asset_id,series_usage,file_path,registered_utc,notes
da67bd0c27f4d550d5b602a5b8ec3e85a506d1cb6cb1704f7be97f29cc737aa6,abc3515193d3b103,EP01_KOZYREV,KZ_CLIP_ROTATION_HOOK,EP01_ONLY,07_ENGLISH_PRODUCTION/EP01_KOZYREV/04_ASSETS/CLIPS/CONFORMED_25FPS/KZ_CLIP_ROTATION_HOOK.mp4,2026-08-27T07:20:27.067370+00:00,Final selected EP01 export; prohibited from reuse in later English episodes.
7d63a232eaf618dc98526a6a89c562a7e106a871ae7679d7203b065b0479e47f,9363557424251332,EP01_KOZYREV,KZ_DATA_PATENT_FILING_ANCHOR,EP01_ONLY,07_ENGLISH_PRODUCTION/EP01_KOZYREV/04_ASSETS/GENERATED/FINAL_DOCUMENT_TIMELINE/KZ_DATA_PATENT_FILING_ANCHOR.png,2026-08-27T07:20:27.067370+00:00,Final selected EP01 export; prohibited from reuse in later English episodes.
89517dfd9a1298a10f362dcc4f4863d99b518f91b59ddd1d815c7926f0a4bcbe,7575253535652561,EP01_KOZYREV,KZ_DOC_002,EP01_ONLY,07_ENGLISH_PRODUCTION/EP01_KOZYREV/04_ASSETS/GENERATED/DOCUMENT_EVIDENCE/KZ_DOC_002.png,2026-08-27T07:20:27.067370+00:00,Final selected EP01 export; prohibited from reuse in later English episodes.
0b6c12cd989355e30d3be513009a39e169b3d0ec4872fca0570a462401d04eb2,841b7b5313130f0d,EP01_KOZYREV,KZ_CARD_MEDICAL_TO_TIME_MACHINE,EP01_ONLY,07_ENGLISH_PRODUCTION/EP01_KOZYREV/04_ASSETS/GENERATED/DETERMINISTIC/KZ_CARD_MEDICAL_TO_TIME_MACHINE.png,2026-08-27T07:20:27.067370+00:00,Final selected EP01 export; prohibited from reuse in later English episodes.
4f43445f3b7fc933e38cff6eee3c81a99b8fc1d1712784033f3764139fc686ce,0d0d3d3c4ea50d4c,EP01_KOZYREV,KZ_SRC_KOZYREV_PORTRAIT_1983,EP01_ONLY,07_ENGLISH_PRODUCTION/EP01_KOZYREV/04_ASSETS/GENERATED/DETERMINISTIC/KZ_SRC_KOZYREV_PORTRAIT_1983.png,2026-08-27T07:20:27.067370+00:00,Final selected EP01 export; prohibited from reuse in later English episodes.
0bf8697e03f8d939a2ef94226f66ac440569e2d73af3b0516e3ccf00c9b0c850,2351515575756689,EP01_KOZYREV,KZ_SRC_INVENTOR_PAIR_1996,EP01_ONLY,07_ENGLISH_PRODUCTION/EP01_KOZYREV/04_ASSETS/GENERATED/DETERMINISTIC/KZ_SRC_INVENTOR_PAIR_1996.png,2026-08-27T07:20:27.067370+00:00,Final selected EP01 export; prohibited from reuse in later English episodes.
e5fef4249ae658a8d6b695f58226b7fa806e59de18b53a837b535933f3fdb27f,85317286130b1e1b,EP01_KOZYREV,KZ_CARD_1983_1996_CONTRADICTION,EP01_ONLY,07_ENGLISH_PRODUCTION/EP01_KOZYREV/04_ASSETS/GENERATED/DETERMINISTIC/KZ_CARD_1983_1996_CONTRADICTION.png,2026-08-27T07:20:27.067370+00:00,Final selected EP01 export; prohibited from reuse in later English episodes.
a34dcae75ee781aab27da71697ad57b37d2b48aef3805a3f34bc9ed741d8e81b,92d6666646866961,EP01_KOZYREV,KZ_EN_HERO01,EP01_ONLY,07_ENGLISH_PRODUCTION/EP01_KOZYREV/04_ASSETS/GENERATED/NANO_BANANA_PRO/KZ_EN_HERO01.png,2026-08-27T07:20:27.067370+00:00,Final selected EP01 export; prohibited from reuse in later English episodes.
6f55d3a9add93d5d1be073274c48eb3049ea4e5cbe9c9d205320b369a51f7620,47416b6b63674743,EP01_KOZYREV,KZ_FIG_PATENT_CYLINDER,EP01_ONLY,07_ENGLISH_PRODUCTION/EP01_KOZYREV/04_ASSETS/GENERATED/FINAL_DOCUMENT_TIMELINE/KZ_FIG_PATENT_CYLINDER.png,2026-08-27T07:20:27.067370+00:00,Final selected EP01 export; prohibited from reuse in later English episodes.
0da30ec18c29a9b7894d5cf3af2b476627ff96a7bc0983592c2ca083ac80ed45,716c86460ace060c,EP01_KOZYREV,KZ_MODEL_CLOCKWISE_SPIRAL,EP01_ONLY,07_ENGLISH_PRODUCTION/EP01_KOZYREV/04_ASSETS/GENERATED/FINAL_DOCUMENT_TIMELINE/KZ_MODEL_CLOCKWISE_SPIRAL.png,2026-08-27T07:20:27.067370+00:00,Final selected EP01 export; prohibited from reuse in later English episodes.
879d947a975df85c6f0cb1d9776977ce2b1cf9e077fa20bdba430491be03102f,666c323737373643,EP01_KOZYREV,KZ_MODEL_PATENT_FIG3_CCW,EP01_ONLY,07_ENGLISH_PRODUCTION/EP01_KOZYREV/04_ASSETS/GENERATED/DETERMINISTIC/KZ_MODEL_PATENT_FIG3_CCW.png,2026-08-27T07:20:27.067370+00:00,Final selected EP01 export; prohibited from reuse in later English episodes.
b582631d60f553ffe96c065ef4c0d68e46778275fad40d744d3eb96770cc569e,47496b4763634743,EP01_KOZYREV,KZ_FIG_PATENT_MOTORIZED_PLATFORM,EP01_ONLY,07_ENGLISH_PRODUCTION/EP01_KOZYREV/04_ASSETS/GENERATED/FINAL_DOCUMENT_TIMELINE/KZ_FIG_PATENT_MOTORIZED_PLATFORM.png,2026-08-27T07:20:27.067370+00:00,Final selected EP01 export; prohibited from reuse in later English episodes.
ab388b8b6259cd86d6c0d6a02450635774e7ac3e553ba7fb5f913dfab05df057,92d66676529a6961,EP01_KOZYREV,KZ_EN_REC01_ENTERING,EP01_ONLY,07_ENGLISH_PRODUCTION/EP01_KOZYREV/04_ASSETS/GENERATED/NANO_BANANA_PRO/KZ_EN_REC01_ENTERING.png,2026-08-27T07:20:27.067370+00:00,Final selected EP01 export; prohibited from reuse in later English episodes.
a78c1c18fd0c9febf9b6997051cb9298aca11665d0c347a71b441bf1a8d3f98b,1d16959f9a13090f,EP01_KOZYREV,KZ_FILM_LUNAR_STORM_SESSION,EP01_ONLY,07_ENGLISH_PRODUCTION/EP01_KOZYREV/04_ASSETS/GENERATED/NATIVE_IMAGEGEN/FINAL_DOCUMENT_REPAIR/KZ_FILM_LUNAR_STORM_SESSION.png,2026-08-27T07:20:27.067370+00:00,Final selected EP01 export; prohibited from reuse in later English episodes.
3b5fce60a226f6cb2d862ec68158944780452c746a07dd2f597325764fc2ddc5,841b5b8303032305,EP01_KOZYREV,KZ_CARD_THREE_THEORIES_OPEN,EP01_ONLY,07_ENGLISH_PRODUCTION/EP01_KOZYREV/04_ASSETS/GENERATED/DETERMINISTIC/KZ_CARD_THREE_THEORIES_OPEN.png,2026-08-27T07:20:27.067370+00:00,Final selected EP01 export; prohibited from reuse in later English episodes.
a53677750c63207bec3ae5e2a369004db4dbdbe39f456d487b88b90c6cbecdfd,5b0f0f6727061607,EP01_KOZYREV,KZ_MYSTIC_THEORY_ISOLATION,EP01_ONLY,07_ENGLISH_PRODUCTION/EP01_KOZYREV/04_ASSETS/GENERATED/NATIVE_IMAGEGEN/EXPERIENTIAL_UPGRADE/KZ_MYSTIC_THEORY_ISOLATION.png,2026-08-27T07:20:27.067370+00:00,Final selected EP01 export; prohibited from reuse in later English episodes.
e2b16b22c6e24e055b3b65c966737c231ca6300cbef58e266ef5c13c0db8973b,b5b1839f3bb1b4bd,EP01_KOZYREV,KZ_PHYSICAL_THEORY_BODY_BOUNDARY,EP01_ONLY,07_ENGLISH_PRODUCTION/EP01_KOZYREV/04_ASSETS/GENERATED/NATIVE_IMAGEGEN/EXPERIENTIAL_UPGRADE/KZ_PHYSICAL_THEORY_BODY_BOUNDARY.png,2026-08-27T07:20:27.067370+00:00,Final selected EP01 export; prohibited from reuse in later English episodes.
b9ea6f467527b86fc5971193b24c4d74f86dd09cecb89516d49be3b982f23716,303030160c1c0e0e,EP01_KOZYREV,KZ_MYSTIC_THEORY_INFORMATION_REFLECTION,EP01_ONLY,07_ENGLISH_PRODUCTION/EP01_KOZYREV/04_ASSETS/GENERATED/NATIVE_IMAGEGEN/EXPERIENTIAL_UPGRADE/KZ_MYSTIC_THEORY_INFORMATION_REFLECTION.png,2026-08-27T07:20:27.067370+00:00,Final selected EP01 export; prohibited from reuse in later English episodes.
2d5955ae5676fa905c0d77beca1c41d1c7a87e9765659dd41b561ed3a107e33e,0c6d6d6d4d6d6d4d,EP01_KOZYREV,KZ_HISTORY_PULKOVO_OBSERVATORY,EP01_ONLY,07_ENGLISH_PRODUCTION/EP01_KOZYREV/04_ASSETS/GENERATED/DETERMINISTIC/KZ_HISTORY_PULKOVO_OBSERVATORY.png,2026-08-27T07:20:27.067370+00:00,Final selected EP01 export; prohibited from reuse in later English episodes.
3ea88a52ac71fb1d04a70151a9c72d8a6f21627ddd44656782aa86376d83481c,0d4d4fcd4d4d6d4d,EP01_KOZYREV,KZ_HISTORY_PULKOVO_REFRACTOR,EP01_ONLY,07_ENGLISH_PRODUCTION/EP01_KOZYREV/04_ASSETS/GENERATED/DETERMINISTIC/KZ_HISTORY_PULKOVO_REFRACTOR.png,2026-08-27T07:20:27.067370+00:00,Final selected EP01 export; prohibited from reuse in later English episodes.
ba46fc39d59875ef7fd757791a21f04ac8ad0a9e04ecf83b684dda95f0af2613,e026262327262404,EP01_KOZYREV,KZ_MYSTIC_TIME_ACTIVE_AFTERIMAGE,EP01_ONLY,07_ENGLISH_PRODUCTION/EP01_KOZYREV/04_ASSETS/GENERATED/NATIVE_IMAGEGEN/EXPERIENTIAL_UPGRADE/KZ_MYSTIC_TIME_ACTIVE_AFTERIMAGE.png,2026-08-27T07:20:27.067370+00:00,Final selected EP01 export; prohibited from reuse in later English episodes.
d091a1c2d48585404993f7ec17dbc525022705d06c481cb569ef75daffb692a1,6c69646c6d7d6d4d,EP01_KOZYREV,KZ_CLIP_INTERNAL_TIME_CONTINUOUS,EP01_ONLY,07_ENGLISH_PRODUCTION/EP01_KOZYREV/04_ASSETS/CLIPS/CONFORMED_25FPS/KZ_CLIP_INTERNAL_TIME_CONTINUOUS.mp4,2026-08-27T07:20:27.067370+00:00,Final selected EP01 export; prohibited from reuse in later English episodes.
7417d9a5b7cba3e0ee66c4dc31a3bce136dc860ca38ab0a9d4ce0e3170101efb,8155555555554689,EP01_KOZYREV,KZ_SRC_KAZNACHEEV_TROFIMOV_PAIR,EP01_ONLY,07_ENGLISH_PRODUCTION/EP01_KOZYREV/04_ASSETS/GENERATED/DETERMINISTIC/KZ_SRC_KAZNACHEEV_TROFIMOV_PAIR.png,2026-08-27T07:20:27.067370+00:00,Final selected EP01 export; prohibited from reuse in later English episodes.
d1c642e80913676709220e9a28d1bedd7a03a7c30bbf593fc96741c96559fc41,6055755551514520,EP01_KOZYREV,KZ_DOC_028,EP01_ONLY,07_ENGLISH_PRODUCTION/EP01_KOZYREV/04_ASSETS/GENERATED/DOCUMENT_EVIDENCE/KZ_DOC_028.png,2026-08-27T07:20:27.067370+00:00,Final selected EP01 export; prohibited from reuse in later English episodes.
451c49df470a9e15c0b5b86229ea6e2bfc4ef13dc63767f72941cc4059439f8b,3331393373737337,EP01_KOZYREV,KZ_MYSTIC_THREE_STORIES_COLLAPSE,EP01_ONLY,07_ENGLISH_PRODUCTION/EP01_KOZYREV/04_ASSETS/GENERATED/NATIVE_IMAGEGEN/EXPERIENTIAL_UPGRADE/KZ_MYSTIC_THREE_STORIES_COLLAPSE.png,2026-08-27T07:20:27.067370+00:00,Final selected EP01 export; prohibited from reuse in later English episodes.
55e534cb21756daf455c799919c14cf8279b223e8be89283d3c07a09028ea2ca,8253738303236754,EP01_KOZYREV,KZ_CARD_STREAM_KOZYREV_TIME,EP01_ONLY,07_ENGLISH_PRODUCTION/EP01_KOZYREV/04_ASSETS/GENERATED/DETERMINISTIC/KZ_CARD_STREAM_KOZYREV_TIME.png,2026-08-27T07:20:27.067370+00:00,Final selected EP01 export; prohibited from reuse in later English episodes.
4d5df92e30b1da6cda1e5bf021e4b8b94734015db23658d5ab139cb8b02bc456,1212038c8c9ccca4,EP01_KOZYREV,KZ_RESEARCHERS_NIGHT_LAB,EP01_ONLY,07_ENGLISH_PRODUCTION/EP01_KOZYREV/04_ASSETS/GENERATED/NATIVE_IMAGEGEN/EXPERIENTIAL_UPGRADE/KZ_RESEARCHERS_NIGHT_LAB.png,2026-08-27T07:20:27.067370+00:00,Final selected EP01 export; prohibited from reuse in later English episodes.
a98e87abda00baec31bb9784c5ffedfbd59c906d803892b800e83e58a4e67cc9,89217296030b361b,EP01_KOZYREV,KZ_CARD_STREAM_PATENT,EP01_ONLY,07_ENGLISH_PRODUCTION/EP01_KOZYREV/04_ASSETS/GENERATED/DETERMINISTIC/KZ_CARD_STREAM_PATENT.png,2026-08-27T07:20:27.067370+00:00,Final selected EP01 export; prohibited from reuse in later English episodes.
bee05b8ffb20dc53707df7c5f9702308d4260cb126e98941bbfe88a7f0d7c58f,1999911515191918,EP01_KOZYREV,KZ_MYSTIC_SEPARATE_THREADS,EP01_ONLY,07_ENGLISH_PRODUCTION/EP01_KOZYREV/04_ASSETS/GENERATED/NATIVE_IMAGEGEN/EXPERIENTIAL_UPGRADE/KZ_MYSTIC_SEPARATE_THREADS.png,2026-08-27T07:20:27.067370+00:00,Final selected EP01 export; prohibited from reuse in later English episodes.
5d2b46c15b0c5b61e8b81bdb84ed6e9667f36a7f1fbf2b05ad16d6c8dc70ae12,84b6aa8abe252530,EP01_KOZYREV,KZ_EN_REC04_CHAMBER_REVERSE_WIDE,EP01_ONLY,07_ENGLISH_PRODUCTION/EP01_KOZYREV/04_ASSETS/GENERATED/NATIVE_IMAGEGEN/KZ_EN_REC04_CHAMBER_REVERSE_WIDE.png,2026-08-27T07:20:27.067370+00:00,Final selected EP01 export; prohibited from reuse in later English episodes.
de70660b48bf598f7718bbb5f196a9d977137959eb3f7475250c6c9773f083ff,0626063626471735,EP01_KOZYREV,KZ_PHYSICAL_PANEL_SCALE,EP01_ONLY,07_ENGLISH_PRODUCTION/EP01_KOZYREV/04_ASSETS/GENERATED/NATIVE_IMAGEGEN/CLUSTER_BREAKS/KZ_PHYSICAL_PANEL_SCALE.png,2026-08-27T07:20:27.067370+00:00,Final selected EP01 export; prohibited from reuse in later English episodes.
81a297178627713699e95254788f2d4f3da691bb491eaf888ade7967a260731d,3536262d293d1b3b,EP01_KOZYREV,KZ_FILM_ALUMINUM_SURFACE_MACRO,EP01_ONLY,07_ENGLISH_PRODUCTION/EP01_KOZYREV/04_ASSETS/GENERATED/NATIVE_IMAGEGEN/FINAL_DOCUMENT_REPAIR/KZ_FILM_ALUMINUM_SURFACE_MACRO.png,2026-08-27T07:20:27.067370+00:00,Final selected EP01 export; prohibited from reuse in later English episodes.
515d106b25f08779558e9e42826b5b5447b8785de2650e5e3429592b25c9fbec,6145595555556f6a,EP01_KOZYREV,KZ_DOC_032,EP01_ONLY,07_ENGLISH_PRODUCTION/EP01_KOZYREV/04_ASSETS/GENERATED/DOCUMENT_EVIDENCE/KZ_DOC_032.png,2026-08-27T07:20:27.067370+00:00,Final selected EP01 export; prohibited from reuse in later English episodes.
3d3953f5446884ec46e6d390bc4f9122c3c01e7e122e80362a17f6c3bef5df9d,464626b6174b6b4b,EP01_KOZYREV,KZ_PHYSICAL_PANEL_ARRAY,EP01_ONLY,07_ENGLISH_PRODUCTION/EP01_KOZYREV/04_ASSETS/GENERATED/NATIVE_IMAGEGEN/CLUSTER_BREAKS/KZ_PHYSICAL_PANEL_ARRAY.png,2026-08-27T07:20:27.067370+00:00,Final selected EP01 export; prohibited from reuse in later English episodes.
1c7e158dd4d695a879f9b0832f185001990962494e07dd4c6aba81619776d3b1,676d323737373652,EP01_KOZYREV,KZ_MODEL_DIRECTION_COMPARE,EP01_ONLY,07_ENGLISH_PRODUCTION/EP01_KOZYREV/04_ASSETS/GENERATED/DETERMINISTIC/KZ_MODEL_DIRECTION_COMPARE.png,2026-08-27T07:20:27.067370+00:00,Final selected EP01 export; prohibited from reuse in later English episodes.
a32a56e6855a3d097b0b01a555084aee92dc60e2c61124e7966bb930414e07ea,696e928e16164e4d,EP01_KOZYREV,KZ_MODEL_ROTATION_CUTAWAY,EP01_ONLY,07_ENGLISH_PRODUCTION/EP01_KOZYREV/04_ASSETS/GENERATED/DETERMINISTIC/KZ_MODEL_ROTATION_CUTAWAY.png,2026-08-27T07:20:27.067370+00:00,Final selected EP01 export; prohibited from reuse in later English episodes.
e0e0d2e9fda855c7efe14cde7cb080829cfe8f0626039251f9403750dacc2a6b,140429211e87a330,EP01_KOZYREV,KZ_MYSTIC_DIRECTION_REFLECTION,EP01_ONLY,07_ENGLISH_PRODUCTION/EP01_KOZYREV/04_ASSETS/GENERATED/NATIVE_IMAGEGEN/EXPERIENTIAL_UPGRADE/KZ_MYSTIC_DIRECTION_REFLECTION.png,2026-08-27T07:20:27.067370+00:00,Final selected EP01 export; prohibited from reuse in later English episodes.
e51bf68f678afb81936d46de6bd3764f2aade2909bf7095102e4907a7bfabd90,e5663e0e02024606,EP01_KOZYREV,KZ_MYSTIC_LUNAR_REFLECTION,EP01_ONLY,07_ENGLISH_PRODUCTION/EP01_KOZYREV/04_ASSETS/GENERATED/NATIVE_IMAGEGEN/EXPERIENTIAL_UPGRADE/KZ_MYSTIC_LUNAR_REFLECTION.png,2026-08-27T07:20:27.067370+00:00,Final selected EP01 export; prohibited from reuse in later English episodes.
3f38ff29fb11fa76e7a4439ba464efabe23a6e20ee6a3a2339867a983fe15b04,616511090d070702,EP01_KOZYREV,KZ_CLIP_FIELD_CONCENTRATION_PROPOSAL,EP01_ONLY,07_ENGLISH_PRODUCTION/EP01_KOZYREV/04_ASSETS/CLIPS/LOCAL_PROGRESSIVE/KZ_CLIP_FIELD_CONCENTRATION_PROPOSAL.mp4,2026-08-27T07:20:27.067370+00:00,Final selected EP01 export; prohibited from reuse in later English episodes.
9238598120f90a44dd248e47676e8e0e16740712d14352eddf8dc0596c680f2f,7e0e03030794155f,EP01_KOZYREV,KZ_FILM_HELIOGEOPHYSICAL_CHAMBER,EP01_ONLY,07_ENGLISH_PRODUCTION/EP01_KOZYREV/04_ASSETS/GENERATED/NATIVE_IMAGEGEN/FINAL_DOCUMENT_REPAIR/KZ_FILM_HELIOGEOPHYSICAL_CHAMBER.png,2026-08-27T07:20:27.067370+00:00,Final selected EP01 export; prohibited from reuse in later English episodes.
b977e7d83c273247b09d7e8e7f2e2612e5bd9243794bc9bcfbe52f455cd3f630,8a37738323236754,EP01_KOZYREV,KZ_CARD_PATENT_RECORDS_CLAIM,EP01_ONLY,07_ENGLISH_PRODUCTION/EP01_KOZYREV/04_ASSETS/GENERATED/DETERMINISTIC/KZ_CARD_PATENT_RECORDS_CLAIM.png,2026-08-27T07:20:27.067370+00:00,Final selected EP01 export; prohibited from reuse in later English episodes.
4949eff0a2b72ff1b99f3b9774c755731bc53c5da5dfe37037738236f4a09086,a31b1e854b4b774a,EP01_KOZYREV,KZ_CARD_CLAIM_NOT_PROOF,EP01_ONLY,07_ENGLISH_PRODUCTION/EP01_KOZYREV/04_ASSETS/GENERATED/DETERMINISTIC/KZ_CARD_CLAIM_NOT_PROOF.png,2026-08-27T07:20:27.067370+00:00,Final selected EP01 export; prohibited from reuse in later English episodes.
cc3181db3cd626f6dc71646a2fb766af10b11f371f22a25181ea604e117ca178,7565192571716d45,EP01_KOZYREV,KZ_DOC_013,EP01_ONLY,07_ENGLISH_PRODUCTION/EP01_KOZYREV/04_ASSETS/GENERATED/DOCUMENT_EVIDENCE/KZ_DOC_013.png,2026-08-27T07:20:27.067370+00:00,Final selected EP01 export; prohibited from reuse in later English episodes.
eaac7c4770d8013b9ed7c85e38028f12eb508b8ede9246d9e955b31533bb41be,756d196531756d45,EP01_KOZYREV,KZ_DOC_014,EP01_ONLY,07_ENGLISH_PRODUCTION/EP01_KOZYREV/04_ASSETS/GENERATED/DOCUMENT_EVIDENCE/KZ_DOC_014.png,2026-08-27T07:20:27.067370+00:00,Final selected EP01 export; prohibited from reuse in later English episodes.
3d9779e63463b27a976cbecec8d6f0fe1c4b76fe1c477b379aeea634d66d46b3,4556444466341785,EP01_KOZYREV,KZ_MYSTIC_INTERNAL_TIME_REFRACTION,EP01_ONLY,07_ENGLISH_PRODUCTION/EP01_KOZYREV/04_ASSETS/GENERATED/NATIVE_IMAGEGEN/EXPERIENTIAL_UPGRADE/KZ_MYSTIC_INTERNAL_TIME_REFRACTION.png,2026-08-27T07:20:27.067370+00:00,Final selected EP01 export; prohibited from reuse in later English episodes.
1d852faa9910f06493113452d0008800902d06fbfad470ef111585583a50289c,0f0f0f0d0f0f8f8f,EP01_KOZYREV,KZ_CLIP_DISTANT_IMAGE_CONTINUOUS,EP01_ONLY,07_ENGLISH_PRODUCTION/EP01_KOZYREV/04_ASSETS/CLIPS/CONFORMED_25FPS/KZ_CLIP_DISTANT_IMAGE_CONTINUOUS.mp4,2026-08-27T07:20:27.067370+00:00,Final selected EP01 export; prohibited from reuse in later English episodes.
3d9f2a0d95633ad3695f197ed185eaca7967d4bdd4afa632fa21f8d898f3c25c,0d0d1d1511131105,EP01_KOZYREV,KZ_HERO01_REFLECTION_STATE,EP01_ONLY,07_ENGLISH_PRODUCTION/EP01_KOZYREV/04_ASSETS/GENERATED/NATIVE_IMAGEGEN/KZ_HERO01_REFLECTION_STATE.png,2026-08-27T07:20:27.067370+00:00,Final selected EP01 export; prohibited from reuse in later English episodes.
5d5778fd7cfcc7cdc7814a289d93776e15cb7c44d31a775b84c6684136c2f872,96a74b5a97554568,EP01_KOZYREV,KZ_EN_REC02_SEATED_NEUTRAL,EP01_ONLY,07_ENGLISH_PRODUCTION/EP01_KOZYREV/04_ASSETS/GENERATED/NATIVE_IMAGEGEN/KZ_EN_REC02_SEATED_NEUTRAL.png,2026-08-27T07:20:27.067370+00:00,Final selected EP01 export; prohibited from reuse in later English episodes.
a83fb705a9a807209016049eea8d194b7bfae16de2025b5bd4b420162ccf8feb,8113766603031e0b,EP01_KOZYREV,KZ_CARD_THEORY_FORK_RETURN,EP01_ONLY,07_ENGLISH_PRODUCTION/EP01_KOZYREV/04_ASSETS/GENERATED/DETERMINISTIC/KZ_CARD_THEORY_FORK_RETURN.png,2026-08-27T07:20:27.067370+00:00,Final selected EP01 export; prohibited from reuse in later English episodes.
d82bca5a912a4d089ce5fd8d5974f51223ba7345d1a93c109991b4ab036bffc7,876b6f164b4b774e,EP01_KOZYREV,KZ_CARD_THEORY_ISOLATION_ACTIVE,EP01_ONLY,07_ENGLISH_PRODUCTION/EP01_KOZYREV/04_ASSETS/GENERATED/DETERMINISTIC/KZ_CARD_THEORY_ISOLATION_ACTIVE.png,2026-08-27T07:20:27.067370+00:00,Final selected EP01 export; prohibited from reuse in later English episodes.
4b00eb86619b7a3c94f4a4afa2c95817e03a8ce79ba88a7ca878244d17fe984d,31068f090b0b0746,EP01_KOZYREV,KZ_CLIP_ISOLATION_SENSORY_CONTINUOUS,EP01_ONLY,07_ENGLISH_PRODUCTION/EP01_KOZYREV/04_ASSETS/CLIPS/CONFORMED_25FPS/KZ_CLIP_ISOLATION_SENSORY_CONTINUOUS.mp4,2026-08-27T07:20:27.067370+00:00,Final selected EP01 export; prohibited from reuse in later English episodes.
3fae73cf90e26cb0e87f9a42d0e3d41b962024bb0c494fc5a3a94f5180867cf7,611d5d5f56461e37,EP01_KOZYREV,KZ_SENSORY_HAND_ON_ALUMINUM,EP01_ONLY,07_ENGLISH_PRODUCTION/EP01_KOZYREV/04_ASSETS/GENERATED/NATIVE_IMAGEGEN/CLUSTER_BREAKS/KZ_SENSORY_HAND_ON_ALUMINUM.png,2026-08-27T07:20:27.067370+00:00,Final selected EP01 export; prohibited from reuse in later English episodes.
e0f7274c42286589a0b7f397f7892933691c528cc08f01f7380a14ee11d9114b,813533834b4b332a,EP01_KOZYREV,KZ_CARD_THEORY_PHYSICAL_ACTIVE,EP01_ONLY,07_ENGLISH_PRODUCTION/EP01_KOZYREV/04_ASSETS/GENERATED/DETERMINISTIC/KZ_CARD_THEORY_PHYSICAL_ACTIVE.png,2026-08-27T07:20:27.067370+00:00,Final selected EP01 export; prohibited from reuse in later English episodes.
477160ff7835631f70a5f2aa7751a0d830cd3f18418a4243772e15053508a925,2726a74bd9534323,EP01_KOZYREV,KZ_CLIP_PHYSICAL_VARIABLES_SENSOR_RIG,EP01_ONLY,07_ENGLISH_PRODUCTION/EP01_KOZYREV/04_ASSETS/CLIPS/CONFORMED_25FPS/KZ_CLIP_PHYSICAL_VARIABLES_SENSOR_RIG.mp4,2026-08-27T07:20:27.067370+00:00,Final selected EP01 export; prohibited from reuse in later English episodes.
747c00a574c57f81512f25ab980500a27d9738bf8f70ad9322a1906a20fc3f13,85537b8313136b4d,EP01_KOZYREV,KZ_CARD_PHYSICAL_VARIABLES,EP01_ONLY,07_ENGLISH_PRODUCTION/EP01_KOZYREV/04_ASSETS/GENERATED/DETERMINISTIC/KZ_CARD_PHYSICAL_VARIABLES.png,2026-08-27T07:20:27.067370+00:00,Final selected EP01 export; prohibited from reuse in later English episodes.
870ba65e1a0a1673e5d6ee5203bdbc5f299cb19c09648c05507ee2f1d9647b6c,76041c0c094d0709,EP01_KOZYREV,KZ_MYSTIC_MEASURABLE_NOT_TRAVEL,EP01_ONLY,07_ENGLISH_PRODUCTION/EP01_KOZYREV/04_ASSETS/GENERATED/NATIVE_IMAGEGEN/EXPERIENTIAL_UPGRADE/KZ_MYSTIC_MEASURABLE_NOT_TRAVEL.png,2026-08-27T07:20:27.067370+00:00,Final selected EP01 export; prohibited from reuse in later English episodes.
880ef8a41865c8c32505b2b6747f0718931649a7a1a639a91d18cc264c60b286,8453339c8f8fb31b,EP01_KOZYREV,KZ_CARD_THEORY_INFORMATION_ACTIVE,EP01_ONLY,07_ENGLISH_PRODUCTION/EP01_KOZYREV/04_ASSETS/GENERATED/DETERMINISTIC/KZ_CARD_THEORY_INFORMATION_ACTIVE.png,2026-08-27T07:20:27.067370+00:00,Final selected EP01 export; prohibited from reuse in later English episodes.
c4ce0d56d763173dd9d1382fd01c327a986a3bffe91c1263e6300f0a22b91171,39170f0f0f07170f,EP01_KOZYREV,KZ_OBSERVER_DISTANCE_REFLECTION,EP01_ONLY,07_ENGLISH_PRODUCTION/EP01_KOZYREV/04_ASSETS/GENERATED/NATIVE_IMAGEGEN/CLUSTER_BREAKS/KZ_OBSERVER_DISTANCE_REFLECTION.png,2026-08-27T07:20:27.067370+00:00,Final selected EP01 export; prohibited from reuse in later English episodes.
8fcaafe14b1a11b4e424acb4612270f6e0f9d68bae0884444552d9867728d229,c4d9cd273d3575c8,EP01_KOZYREV,KZ_MYSTIC_EXTRAORDINARY_POSSIBILITY,EP01_ONLY,07_ENGLISH_PRODUCTION/EP01_KOZYREV/04_ASSETS/GENERATED/NATIVE_IMAGEGEN/EXPERIENTIAL_UPGRADE/KZ_MYSTIC_EXTRAORDINARY_POSSIBILITY.png,2026-08-27T07:20:27.067370+00:00,Final selected EP01 export; prohibited from reuse in later English episodes.
3e69d0f7dc3e12cefe8f7116dfcfbc9a319fee1a44548313981b9e859b738b62,8163638303033314,EP01_KOZYREV,KZ_CARD_CLEAN_TEST,EP01_ONLY,07_ENGLISH_PRODUCTION/EP01_KOZYREV/04_ASSETS/GENERATED/DETERMINISTIC/KZ_CARD_CLEAN_TEST.png,2026-08-27T07:20:27.067370+00:00,Final selected EP01 export; prohibited from reuse in later English episodes.
41b2086a26e84df4a2718950908408d96b3ff1816e23dab38cbb7b1fb4b8922f,d1cd8f8d0dc40434,EP01_KOZYREV,KZ_SUBJECTIVE_REPORT_HAND,EP01_ONLY,07_ENGLISH_PRODUCTION/EP01_KOZYREV/04_ASSETS/GENERATED/NATIVE_IMAGEGEN/CLUSTER_BREAKS/KZ_SUBJECTIVE_REPORT_HAND.png,2026-08-27T07:20:27.067370+00:00,Final selected EP01 export; prohibited from reuse in later English episodes.
8a37e4fa17423d4f79dc0c6b4507e913528f5c996eb682e99bf931f9d3fc1e9d,8ecfccc4c8c18181,EP01_KOZYREV,KZ_CLIP_INFORMATION_BEFORE_REVEAL,EP01_ONLY,07_ENGLISH_PRODUCTION/EP01_KOZYREV/04_ASSETS/CLIPS/LOCAL_PROGRESSIVE/KZ_CLIP_INFORMATION_BEFORE_REVEAL.mp4,2026-08-27T07:20:27.067370+00:00,Final selected EP01 export; prohibited from reuse in later English episodes.
b18c4c0a9a64147c30185015b6b37b113cbdecca1ae5b30333fa07d7a3edd2e3,6162055555076365,EP01_KOZYREV,KZ_TARGET_GRID_SEALED,EP01_ONLY,07_ENGLISH_PRODUCTION/EP01_KOZYREV/04_ASSETS/GENERATED/DETERMINISTIC/KZ_TARGET_GRID_SEALED.png,2026-08-27T07:20:27.067370+00:00,Final selected EP01 export; prohibited from reuse in later English episodes.
3b675fafe4dafcd63a819e471a753bac8cba09fcf97f00958d0f307b922852f7,0b3733333333128f,EP01_KOZYREV,KZ_TARGET01_LIGHTHOUSE,EP01_ONLY,07_ENGLISH_PRODUCTION/EP01_KOZYREV/04_ASSETS/GENERATED/NATIVE_IMAGEGEN/KZ_TARGET01_LIGHTHOUSE.png,2026-08-27T07:20:27.067370+00:00,Final selected EP01 export; prohibited from reuse in later English episodes.
ce7def24a818b2d195b741b5eb49688dee258e008b3662d7e8af9c93e8d12001,cb864ccd1b1a9ee5,EP01_KOZYREV,KZ_TARGET02_VIOLIN,EP01_ONLY,07_ENGLISH_PRODUCTION/EP01_KOZYREV/04_ASSETS/GENERATED/NATIVE_IMAGEGEN/KZ_TARGET02_VIOLIN.png,2026-08-27T07:20:27.067370+00:00,Final selected EP01 export; prohibited from reuse in later English episodes.
bc57d93586edf51444a8b95f50add79f70a37005cb3c179baa54aa7db878c05d,e7a7e7656933170f,EP01_KOZYREV,KZ_TARGET03_BURNING_CAR,EP01_ONLY,07_ENGLISH_PRODUCTION/EP01_KOZYREV/04_ASSETS/GENERATED/NATIVE_IMAGEGEN/KZ_TARGET03_BURNING_CAR.png,2026-08-27T07:20:27.067370+00:00,Final selected EP01 export; prohibited from reuse in later English episodes.
79c05832fa162c138bbbf6c551035654b30f06d81eb8c6d33fb7969b1d989a64,b6b01f4f4b0b29c6,EP01_KOZYREV,KZ_TARGET04_WHITE_HORSE,EP01_ONLY,07_ENGLISH_PRODUCTION/EP01_KOZYREV/04_ASSETS/GENERATED/NATIVE_IMAGEGEN/KZ_TARGET04_WHITE_HORSE.png,2026-08-27T07:20:27.067370+00:00,Final selected EP01 export; prohibited from reuse in later English episodes.
23ca0b68b43cb3704cbb02e78f8880b7b860254434df81b223a075652801fee9,65665d7575176b2b,EP01_KOZYREV,KZ_TARGET_GRID_CHOOSE,EP01_ONLY,07_ENGLISH_PRODUCTION/EP01_KOZYREV/04_ASSETS/GENERATED/DETERMINISTIC/KZ_TARGET_GRID_CHOOSE.png,2026-08-27T07:20:27.067370+00:00,Final selected EP01 export; prohibited from reuse in later English episodes.
6c8571d1491e0b86f6a5feb3d4ee79cf79bb59f68f77cf60e7a26dd3a6441584,6161015555014142,EP01_KOZYREV,KZ_TARGET_GRID_HOLD,EP01_ONLY,07_ENGLISH_PRODUCTION/EP01_KOZYREV/04_ASSETS/GENERATED/DETERMINISTIC/KZ_TARGET_GRID_HOLD.png,2026-08-27T07:20:27.067370+00:00,Final selected EP01 export; prohibited from reuse in later English episodes.
3f616e7a23664819c5c067626ee190870859ba8d69e786f7d7c3dc87bb89a179,67679e6d69530d0f,EP01_KOZYREV,KZ_PROTOCOL_RANDOM_SELECTION,EP01_ONLY,07_ENGLISH_PRODUCTION/EP01_KOZYREV/04_ASSETS/GENERATED/DETERMINISTIC/KZ_PROTOCOL_RANDOM_SELECTION.png,2026-08-27T07:20:27.067370+00:00,Final selected EP01 export; prohibited from reuse in later English episodes.
5fbee91501ac339f37b02b9353dc273ed2eadd80e7c1257a593e40374cd23388,4141074d4d0e6325,EP01_KOZYREV,KZ_PROTOCOL_DOUBLE_BLIND,EP01_ONLY,07_ENGLISH_PRODUCTION/EP01_KOZYREV/04_ASSETS/GENERATED/DETERMINISTIC/KZ_PROTOCOL_DOUBLE_BLIND.png,2026-08-27T07:20:27.067370+00:00,Final selected EP01 export; prohibited from reuse in later English episodes.
ea9c10625104de366b7c8f0525ace1a57fdc7784e9e7c0cde2ad61b1a55da9e5,8686868bcb070b2f,EP01_KOZYREV,KZ_EN_REC03_PARTICIPANT_REPORT,EP01_ONLY,07_ENGLISH_PRODUCTION/EP01_KOZYREV/04_ASSETS/GENERATED/NATIVE_IMAGEGEN/KZ_EN_REC03_PARTICIPANT_REPORT.png,2026-08-27T07:20:27.067370+00:00,Final selected EP01 export; prohibited from reuse in later English episodes.
8e5a83d8f57c82d68016598458a688614d7c6184d257c26c71b49b1cd7b68b1c,c3c30e4d4d0b0607,EP01_KOZYREV,KZ_PROTOCOL_JUDGING,EP01_ONLY,07_ENGLISH_PRODUCTION/EP01_KOZYREV/04_ASSETS/GENERATED/DETERMINISTIC/KZ_PROTOCOL_JUDGING.png,2026-08-27T07:20:27.067370+00:00,Final selected EP01 export; prohibited from reuse in later English episodes.
00587e138dac4f3ca40e140fd062b851fe615971e746d28c541b009ae9550e23,43450b47470e3226,EP01_KOZYREV,KZ_REPLICATION_CHAIN_LAB2,EP01_ONLY,07_ENGLISH_PRODUCTION/EP01_KOZYREV/04_ASSETS/GENERATED/DETERMINISTIC/KZ_REPLICATION_CHAIN_LAB2.png,2026-08-27T07:20:27.067370+00:00,Final selected EP01 export; prohibited from reuse in later English episodes.
d842806a593eefffda8b99cf723c9c337fe9daf9ce8ddcb5e9f0da1d7b29a10e,3335333333310606,EP01_KOZYREV,KZ_TARGET_MATCH_LIGHTHOUSE,EP01_ONLY,07_ENGLISH_PRODUCTION/EP01_KOZYREV/04_ASSETS/GENERATED/DETERMINISTIC/KZ_TARGET_MATCH_LIGHTHOUSE.png,2026-08-27T07:20:27.067370+00:00,Final selected EP01 export; prohibited from reuse in later English episodes.
facb6e5db00c37b596405996224d5dddf53fdf44634c4d8ef288a8c43afed7c9,851b5b0313033326,EP01_KOZYREV,KZ_CARD_ONE_MATCH_CHANCE,EP01_ONLY,07_ENGLISH_PRODUCTION/EP01_KOZYREV/04_ASSETS/GENERATED/DETERMINISTIC/KZ_CARD_ONE_MATCH_CHANCE.png,2026-08-27T07:20:27.067370+00:00,Final selected EP01 export; prohibited from reuse in later English episodes.
51dbe581b66b78d1334bdd52a8c3896aa57f703853e26892a0beb7f796cb8524,834c0d836b6b1709,EP01_KOZYREV,KZ_CARD_POSTHOC_INTERPRETATION,EP01_ONLY,07_ENGLISH_PRODUCTION/EP01_KOZYREV/04_ASSETS/GENERATED/DETERMINISTIC/KZ_CARD_POSTHOC_INTERPRETATION.png,2026-08-27T07:20:27.067370+00:00,Final selected EP01 export; prohibited from reuse in later English episodes.
bcdea33e3f221dcd615d3bd439c86d0f118b8ffcb763a4197f21a182d8f949a7,676b8e4d4d2f1e1d,EP01_KOZYREV,KZ_REPLICATION_REPEATED_BLIND,EP01_ONLY,07_ENGLISH_PRODUCTION/EP01_KOZYREV/04_ASSETS/GENERATED/DETERMINISTIC/KZ_REPLICATION_REPEATED_BLIND.png,2026-08-27T07:20:27.067370+00:00,Final selected EP01 export; prohibited from reuse in later English episodes.
367c32c82e7257127dc9cdd00461fd0941710e40915e6642411dee635651543c,9797b3b1b1b1b1b1,EP01_KOZYREV,KZ_MYSTIC_THEORIES_FORCED_APART,EP01_ONLY,07_ENGLISH_PRODUCTION/EP01_KOZYREV/04_ASSETS/GENERATED/NATIVE_IMAGEGEN/EXPERIENTIAL_UPGRADE/KZ_MYSTIC_THEORIES_FORCED_APART.png,2026-08-27T07:20:27.067370+00:00,Final selected EP01 export; prohibited from reuse in later English episodes.
7c285ef6e517236417951a226b1f0616c6fadf92b4c4dcdb88bb7c07d2899a56,07270f1717174f0b,EP01_KOZYREV,KZ_PSYCHOLOGY_ISOLATION_BODY,EP01_ONLY,07_ENGLISH_PRODUCTION/EP01_KOZYREV/04_ASSETS/GENERATED/NATIVE_IMAGEGEN/CLUSTER_BREAKS/KZ_PSYCHOLOGY_ISOLATION_BODY.png,2026-08-27T07:20:27.067370+00:00,Final selected EP01 export; prohibited from reuse in later English episodes.
44b481a47618b2692b14698d8f76dcd51d82626d06c24c82cbc47d8fd7c9d295,4c4d2f594d46069e,EP01_KOZYREV,KZ_PHYSICAL_MEASUREMENT_CLOSEUP,EP01_ONLY,07_ENGLISH_PRODUCTION/EP01_KOZYREV/04_ASSETS/GENERATED/NATIVE_IMAGEGEN/CLUSTER_BREAKS/KZ_PHYSICAL_MEASUREMENT_CLOSEUP.png,2026-08-27T07:20:27.067370+00:00,Final selected EP01 export; prohibited from reuse in later English episodes.
2ae1362ca7e22422680233b850cdcd3050d7aae6fd32fafcd788089385535dd2,cdeccdcde989cf6b,EP01_KOZYREV,KZ_RANDOM_TARGET_SEALED_VAULT,EP01_ONLY,07_ENGLISH_PRODUCTION/EP01_KOZYREV/04_ASSETS/GENERATED/NATIVE_IMAGEGEN/CLUSTER_BREAKS/KZ_RANDOM_TARGET_SEALED_VAULT.png,2026-08-27T07:20:27.067370+00:00,Final selected EP01 export; prohibited from reuse in later English episodes.
f7dcc594dbdcb9d9ca361c7fd00de8d717a67942680b3269b59db547a5e1144f,6092929391090b09,EP01_KOZYREV,KZ_CLIP_MISSING_EXPERIMENT_VOID,EP01_ONLY,07_ENGLISH_PRODUCTION/EP01_KOZYREV/04_ASSETS/CLIPS/LOCAL_PROGRESSIVE/KZ_CLIP_MISSING_EXPERIMENT_VOID.mp4,2026-08-27T07:20:27.067370+00:00,Final selected EP01 export; prohibited from reuse in later English episodes.
55337874cd80dc333843bf61f3129e2f11dca69964cd36115afc0d62e7e2ac1a,7575291934772d65,EP01_KOZYREV,KZ_DOC_016,EP01_ONLY,07_ENGLISH_PRODUCTION/EP01_KOZYREV/04_ASSETS/GENERATED/DOCUMENT_EVIDENCE/KZ_DOC_016.png,2026-08-27T07:20:27.067370+00:00,Final selected EP01 export; prohibited from reuse in later English episodes.
5fa397fec63035bfbd25d43fa7402b003021f3740dba81fd888b7bf38d34ccb5,6045155d59755531,EP01_KOZYREV,KZ_DOC_029,EP01_ONLY,07_ENGLISH_PRODUCTION/EP01_KOZYREV/04_ASSETS/GENERATED/DOCUMENT_EVIDENCE/KZ_DOC_029.png,2026-08-27T07:20:27.067370+00:00,Final selected EP01 export; prohibited from reuse in later English episodes.
3e57395bee4e12ba382f6d811c015f36a4cb885bd9fcdf3765dc3bf10bcb656a,43638c7d75080f07,EP01_KOZYREV,KZ_REPLICATION_CHAIN_MISSING,EP01_ONLY,07_ENGLISH_PRODUCTION/EP01_KOZYREV/04_ASSETS/GENERATED/DETERMINISTIC/KZ_REPLICATION_CHAIN_MISSING.png,2026-08-27T07:20:27.067370+00:00,Final selected EP01 export; prohibited from reuse in later English episodes.
16753ca6229b272be890c2b9a732e9e9c5269a67c6a65f68786618c7a169fa18,93494e9611093e35,EP01_KOZYREV,KZ_CARD_APPARATUS_NOT_EVIDENCE,EP01_ONLY,07_ENGLISH_PRODUCTION/EP01_KOZYREV/04_ASSETS/GENERATED/DETERMINISTIC/KZ_CARD_APPARATUS_NOT_EVIDENCE.png,2026-08-27T07:20:27.067370+00:00,Final selected EP01 export; prohibited from reuse in later English episodes.
74fae680d5162da77cee2b383598aceb7cf37e2134840048c41486a7c3c8b5ac,81195a46030b4645,EP01_KOZYREV,KZ_CARD_INDEPENDENT_RESULT,EP01_ONLY,07_ENGLISH_PRODUCTION/EP01_KOZYREV/04_ASSETS/GENERATED/DETERMINISTIC/KZ_CARD_INDEPENDENT_RESULT.png,2026-08-27T07:20:27.067370+00:00,Final selected EP01 export; prohibited from reuse in later English episodes.
ed5f51905041404ffa812468be19b9b542563f63f2ce5cf19e07370c11bdf1e1,6727474f4f0f4f47,EP01_KOZYREV,KZ_FILM_PATENT_AUTHORITY_LIGHTTABLE,EP01_ONLY,07_ENGLISH_PRODUCTION/EP01_KOZYREV/04_ASSETS/GENERATED/NATIVE_IMAGEGEN/FINAL_DOCUMENT_REPAIR/KZ_FILM_PATENT_AUTHORITY_LIGHTTABLE.png,2026-08-27T07:20:27.067370+00:00,Final selected EP01 export; prohibited from reuse in later English episodes.
f7882bcdd3d1ddfe55d044ac9097685b394af40653a5a2c7165506e54aab54ac,595971494971414f,EP01_KOZYREV,KZ_DOC_030,EP01_ONLY,07_ENGLISH_PRODUCTION/EP01_KOZYREV/04_ASSETS/GENERATED/DOCUMENT_EVIDENCE/KZ_DOC_030.png,2026-08-27T07:20:27.067370+00:00,Final selected EP01 export; prohibited from reuse in later English episodes.
6a39d1b33be90b6c99c9ee04ac1295f4c765409ceb464bb96b08764ee8d62742,47416b6363674743,EP01_KOZYREV,KZ_FIG_PATENT_DRAWING_FIG3,EP01_ONLY,07_ENGLISH_PRODUCTION/EP01_KOZYREV/04_ASSETS/GENERATED/FINAL_DOCUMENT_TIMELINE/KZ_FIG_PATENT_DRAWING_FIG3.png,2026-08-27T07:20:27.067370+00:00,Final selected EP01 export; prohibited from reuse in later English episodes.
06b962d2096fd8f67920fafa8ad53fe9c2463beea87035ccfd69d8715fb138a4,891636898787c345,EP01_KOZYREV,KZ_CARD_LANGUAGE_OF_AUTHORITY,EP01_ONLY,07_ENGLISH_PRODUCTION/EP01_KOZYREV/04_ASSETS/GENERATED/DETERMINISTIC/KZ_CARD_LANGUAGE_OF_AUTHORITY.png,2026-08-27T07:20:27.067370+00:00,Final selected EP01 export; prohibited from reuse in later English episodes.
0f40aa7b607517301620fcc0ff939778d4c18a248e4c14d78fcb09cb24180b08,285a4a4e4f4d0d1f,EP01_KOZYREV,KZ_ONLINE_PATENT_AUTHORITY,EP01_ONLY,07_ENGLISH_PRODUCTION/EP01_KOZYREV/04_ASSETS/GENERATED/NATIVE_IMAGEGEN/CLUSTER_BREAKS/KZ_ONLINE_PATENT_AUTHORITY.png,2026-08-27T07:20:27.067370+00:00,Final selected EP01 export; prohibited from reuse in later English episodes.
085d49bdd725ecf07eec1b22e70eecadc3383f801a1b328d5e02a647030f133d,826a6d854b4bd709,EP01_KOZYREV,KZ_CARD_IT_DOES_NOT,EP01_ONLY,07_ENGLISH_PRODUCTION/EP01_KOZYREV/04_ASSETS/GENERATED/DETERMINISTIC/KZ_CARD_IT_DOES_NOT.png,2026-08-27T07:20:27.067370+00:00,Final selected EP01 export; prohibited from reuse in later English episodes.
e20ace175db1564b206514da93b1db881bb7175f408986ede63d08e1b53b10f9,a1197a6613090703,EP01_KOZYREV,KZ_CLIP_PATENT_VALUE_LIMITS_CONTINUOUS,EP01_ONLY,07_ENGLISH_PRODUCTION/EP01_KOZYREV/04_ASSETS/CLIPS/LOCAL_PROGRESSIVE/KZ_CLIP_PATENT_VALUE_LIMITS_CONTINUOUS.mp4,2026-08-27T07:20:27.067370+00:00,Final selected EP01 export; prohibited from reuse in later English episodes.
ecf8198f889c40ad580cd892465c8d1bb50f4a89a850254ded11de0912ea4487,6145555d55556b72,EP01_KOZYREV,KZ_DOC_031,EP01_ONLY,07_ENGLISH_PRODUCTION/EP01_KOZYREV/04_ASSETS/GENERATED/DOCUMENT_EVIDENCE/KZ_DOC_031.png,2026-08-27T07:20:27.067370+00:00,Final selected EP01 export; prohibited from reuse in later English episodes.
dbb0b6084fcaca2a28556837b1fd43f258962dd9875758d5c6418a9bd5ca372f,cdcbe1c1a122c3c3,EP01_KOZYREV,KZ_EN_HERO02,EP01_ONLY,07_ENGLISH_PRODUCTION/EP01_KOZYREV/04_ASSETS/GENERATED/NANO_BANANA_PRO/KZ_EN_HERO02.png,2026-08-27T07:20:27.067370+00:00,Final selected EP01 export; prohibited from reuse in later English episodes.
47f76ce0a55f6e325f5aec0e15bdf930d6f538b9a2756a9d98ae227a1b2e624f,8b8c8f8f0f07353d,EP01_KOZYREV,KZ_CLIP_PATENT_FEATURES_RECAP,EP01_ONLY,07_ENGLISH_PRODUCTION/EP01_KOZYREV/04_ASSETS/CLIPS/LOCAL_PROGRESSIVE/KZ_CLIP_PATENT_FEATURES_RECAP.mp4,2026-08-27T07:20:27.067370+00:00,Final selected EP01 export; prohibited from reuse in later English episodes.
9047f8838703e45b41ab2165363465fb77a981026f79d3ef54336a4154c9a5ab,5757171717373707,EP01_KOZYREV,KZ_EN_REC05_SCREWS_MACRO,EP01_ONLY,07_ENGLISH_PRODUCTION/EP01_KOZYREV/04_ASSETS/GENERATED/NATIVE_IMAGEGEN/KZ_EN_REC05_SCREWS_MACRO.png,2026-08-27T07:20:27.067370+00:00,Final selected EP01 export; prohibited from reuse in later English episodes.
48597c544d2e2d6f8097f9aca0665e1981d3a6ce6c46eb260b8d3b2fed6102cd,9cdc4c8e6b6b6963,EP01_KOZYREV,KZ_EN_REC18_EMPTY_CHAMBER_A,EP01_ONLY,07_ENGLISH_PRODUCTION/EP01_KOZYREV/04_ASSETS/GENERATED/NATIVE_IMAGEGEN/KZ_EN_REC18_EMPTY_CHAMBER_A.png,2026-08-27T07:20:27.067370+00:00,Final selected EP01 export; prohibited from reuse in later English episodes.
52e4adf4aec7c77d5d4d0e0dc3455badc5880c512d66e2fbd546988a50dcf626,07272757d5717131,EP01_KOZYREV,KZ_MYSTIC_CLAIMS_TRIAD,EP01_ONLY,07_ENGLISH_PRODUCTION/EP01_KOZYREV/04_ASSETS/GENERATED/NATIVE_IMAGEGEN/FINAL_DOCUMENT_REPAIR/KZ_MYSTIC_CLAIMS_TRIAD.png,2026-08-27T07:20:27.067370+00:00,Final selected EP01 export; prohibited from reuse in later English episodes.
a4e749c6e56275bfa876e11875a1d9e832924bb7a4d2ee6e5fb36b1f45b5002b,16d7d61776f656da,EP01_KOZYREV,KZ_MYSTIC_INTENSE_EXPERIENCE_HISTORY,EP01_ONLY,07_ENGLISH_PRODUCTION/EP01_KOZYREV/04_ASSETS/GENERATED/NATIVE_IMAGEGEN/FINAL_DOCUMENT_REPAIR/KZ_MYSTIC_INTENSE_EXPERIENCE_HISTORY.png,2026-08-27T07:20:27.067370+00:00,Final selected EP01 export; prohibited from reuse in later English episodes.
c48e615219c93dc11f65719fbddc625fe13c263ac2626b290933b49cca0d3f5e,cdedcd4d6d6dedcd,EP01_KOZYREV,KZ_HISTORY_KOZYREV_NOT_CHAMBER_BUILDER,EP01_ONLY,07_ENGLISH_PRODUCTION/EP01_KOZYREV/04_ASSETS/GENERATED/DETERMINISTIC/KZ_HISTORY_KOZYREV_NOT_CHAMBER_BUILDER.png,2026-08-27T07:20:27.067370+00:00,Final selected EP01 export; prohibited from reuse in later English episodes.
207be057a6456f003d87f687e60d94f39d3a4967c8683013b749f6f311f2dcad,e856920787074d71,EP01_KOZYREV,KZ_EN_REC18_EMPTY_CHAMBER_B,EP01_ONLY,07_ENGLISH_PRODUCTION/EP01_KOZYREV/04_ASSETS/GENERATED/NATIVE_IMAGEGEN/KZ_EN_REC18_EMPTY_CHAMBER_B.png,2026-08-27T07:20:27.067370+00:00,Final selected EP01 export; prohibited from reuse in later English episodes.
26a9e0177daa479801d034377e50d74c44f68a8f04c95c23cc9796cb9db7881a,969696969694a6a6,EP01_KOZYREV,KZ_MYSTIC_DECISIVE_INFORMATION_QUESTION,EP01_ONLY,07_ENGLISH_PRODUCTION/EP01_KOZYREV/04_ASSETS/GENERATED/NATIVE_IMAGEGEN/EXPERIENTIAL_UPGRADE/KZ_MYSTIC_DECISIVE_INFORMATION_QUESTION.png,2026-08-27T07:20:27.067370+00:00,Final selected EP01 export; prohibited from reuse in later English episodes.
f156fe19a4c0a1786e9561752cb81b2319dfbf7cedf940ee28a04d219721b2c3,43430f4d690b464a,EP01_KOZYREV,KZ_PROTOCOL_CLEAN_TEST,EP01_ONLY,07_ENGLISH_PRODUCTION/EP01_KOZYREV/04_ASSETS/GENERATED/DETERMINISTIC/KZ_PROTOCOL_CLEAN_TEST.png,2026-08-27T07:20:27.067370+00:00,Final selected EP01 export; prohibited from reuse in later English episodes.
58168fa3849c0103e9c65098926ef206f9a4d66f251c46f4973af97143fd84fd,6979191909194643,EP01_KOZYREV,KZ_MYSTIC_RESULT_STILL_MISSING,EP01_ONLY,07_ENGLISH_PRODUCTION/EP01_KOZYREV/04_ASSETS/GENERATED/NATIVE_IMAGEGEN/EXPERIENTIAL_UPGRADE/KZ_MYSTIC_RESULT_STILL_MISSING.png,2026-08-27T07:20:27.067370+00:00,Final selected EP01 export; prohibited from reuse in later English episodes.
a67a29d73f5e19c0f2698c895538ac162373ed7fe9ef3ed7786eb5cfbbda7c50,3333b33333372727,EP01_KOZYREV,KZ_CLIP_EMPTY_SPIRAL_PAYOFF,EP01_ONLY,07_ENGLISH_PRODUCTION/EP01_KOZYREV/04_ASSETS/CLIPS/CONFORMED_25FPS/KZ_CLIP_EMPTY_SPIRAL_PAYOFF.mp4,2026-08-27T07:20:27.067370+00:00,Final selected EP01 export; prohibited from reuse in later English episodes.
7c82ba7ac5e50b29ac85ce9665970d5cb6d13ca7099c899fefc757902464f0cf,1123232f95352361,EP01_KOZYREV,KZ_MAP_NOVOSIBIRSK_TO_FORT_MEADE,EP01_ONLY,07_ENGLISH_PRODUCTION/EP01_KOZYREV/04_ASSETS/GENERATED/DETERMINISTIC/KZ_MAP_NOVOSIBIRSK_TO_FORT_MEADE.png,2026-08-27T07:20:27.067370+00:00,Final selected EP01 export; prohibited from reuse in later English episodes.
fcb3a123f91380576acf36a22d6b6d12a4b4ee92b20fb201c4fe37ecdd9ee094,31230b2795352161,EP01_KOZYREV,KZ_MAP_FORT_MEADE_ZOOM,EP01_ONLY,07_ENGLISH_PRODUCTION/EP01_KOZYREV/04_ASSETS/GENERATED/DETERMINISTIC/KZ_MAP_FORT_MEADE_ZOOM.png,2026-08-27T07:20:27.067370+00:00,Final selected EP01 export; prohibited from reuse in later English episodes.
56e8534d7bd92dd84818b1e0b3726ec56c7aa058d16999ad41fa89576cbe43b9,98597c3c3e49644e,EP01_KOZYREV,KZ_CLIP_THREE_OBSERVERS_TRANSITION,EP01_ONLY,07_ENGLISH_PRODUCTION/EP01_KOZYREV/04_ASSETS/CLIPS/LOCAL_PROGRESSIVE/KZ_CLIP_THREE_OBSERVERS_TRANSITION.mp4,2026-08-27T07:20:27.067370+00:00,Final selected EP01 export; prohibited from reuse in later English episodes.
