cue_id,scene,scene_title,est_start,est_end,voice_anchor_start,voice_anchor_end,voice_excerpt,visual_type,visual_concept,reference_assets,generation_id,edit_hold_rule,highlight_rule,sync_rule
EP04_V2_C001,S1,Der verbotene Vortrag,0.0,8.0,Oktober 1932. Zuerich.,"einen Vortrag, den er","Oktober 1932. Zuerich. C. G. Jung steht vor einem Kreis von Zuhoerern und beginnt einen Vortrag, den er",AI_RECON,"1930s Zurich lecture hall, Jung standing before audience, dramatic lighting, forbidden atmosphere, tense documentary mood",,IMG01,5-8s primary hold; gentle push or parallax allowed. No slideshow freeze.,No evidentiary label. Generated material must be marked as reconstruction/illustration where required.,Map HTML-unescaped voice anchors to final narrator word timestamps. Cue starts on first anchor word and ends on last anchor word.
EP04_V2_C002,S1,Der verbotene Vortrag,8.0,16.0,eigentlich nicht halten durfte. Das Thema:,"die aus einer voellig anderen","eigentlich nicht halten durfte. Das Thema: Kundalini-Yoga. Die Chakren. Ein System, das aus einer voellig anderen",AI_RECON,"1930s Zurich lecture hall, Jung standing before audience, dramatic lighting, forbidden atmosphere, tense documentary mood",,IMG02,5-8s primary hold; gentle push or parallax allowed. No slideshow freeze.,No evidentiary label. Generated material must be marked as reconstruction/illustration where required.,Map HTML-unescaped voice anchors to final narrator word timestamps. Cue starts on first anchor word and ends on last anchor word.
EP04_V2_C003,S1,Der verbotene Vortrag,16.0,24.0,geistigen Welt stammt. Die Esoterik-Szene,"als mystische Energiezentren, die","geistigen Welt stammt. Die Esoterik-Szene ist empört. Die Wissenschaft auch. Denn Jung macht etwas Unerwartetes. Er behandelt die Chakren nicht als mystische Energiezentren, die",AI_RECON,"1930s Zurich lecture hall, Jung standing before audience, dramatic lighting, forbidden atmosphere, tense documentary mood",,IMG03,5-8s primary hold; gentle push or parallax allowed. No slideshow freeze.,No evidentiary label. Generated material must be marked as reconstruction/illustration where required.,Map HTML-unescaped voice anchors to final narrator word timestamps. Cue starts on first anchor word and ends on last anchor word.
EP04_V2_C004,S1,Der verbotene Vortrag,24.0,32.0,irgendwo im Koerper nachgewiesen werden,"eine Karte dafuer, wie sich","irgendwo im Koerper nachgewiesen werden muessten. Er liest sie als Psychologie. Als eine Karte dafuer, wie sich",AI_RECON,"1930s Zurich lecture hall, Jung standing before audience, dramatic lighting, forbidden atmosphere, tense documentary mood",,IMG04,5-8s primary hold; gentle push or parallax allowed. No slideshow freeze.,No evidentiary label. Generated material must be marked as reconstruction/illustration where required.,Map HTML-unescaped voice anchors to final narrator word timestamps. Cue starts on first anchor word and ends on last anchor word.
EP04_V2_C005,S1,Der verbotene Vortrag,32.0,40.0,menschliches Bewusstsein veraendern kann. Das,"die bis heute unbequem ist: Kann","menschliches Bewusstsein veraendern kann. Das klingt harmlos. Ist es nicht. Denn damit stellt Jung eine Frage, die bis heute unbequem ist: Kann",AI_RECON,"1930s Zurich lecture hall, Jung standing before audience, dramatic lighting, forbidden atmosphere, tense documentary mood",,IMG05,5-8s primary hold; gentle push or parallax allowed. No slideshow freeze.,No evidentiary label. Generated material must be marked as reconstruction/illustration where required.,Map HTML-unescaped voice anchors to final narrator word timestamps. Cue starts on first anchor word and ends on last anchor word.
EP04_V2_C006,S1,Der verbotene Vortrag,40.0,47.9,ein altes Symbolsystem besser beschreiben,"als die moderne Psychologie?","ein altes Symbolsystem besser beschreiben, was in uns vorgeht, als die moderne Psychologie?",AI_RECON,"1930s Zurich lecture hall, Jung standing before audience, dramatic lighting, forbidden atmosphere, tense documentary mood",,IMG06,5-8s primary hold; gentle push or parallax allowed. No slideshow freeze.,No evidentiary label. Generated material must be marked as reconstruction/illustration where required.,Map HTML-unescaped voice anchors to final narrator word timestamps. Cue starts on first anchor word and ends on last anchor word.
EP04_V2_C007,S2,Die gestohlene Karte,47.9,55.9,Jung erfand diese Karte nicht. Er,"Anfang Oktober 1932 hatte","Jung erfand diese Karte nicht. Er entlehnte sie. Anfang Oktober 1932 hatte",ORIGINAL_ASSET,Use original asset B_HAUER_1935 with slow crop/zoom. Do not imply the image depicts an event it does not depict.,B_HAUER_1935,,"Hold 5-8s; if the same asset continues, change crop or highlighted region at the next cue.",Highlight only labels or features already present; never add invented quotation text.,Map HTML-unescaped voice anchors to final narrator word timestamps. Cue starts on first anchor word and ends on last anchor word.
EP04_V2_C008,S2,Die gestohlene Karte,55.9,63.9,der Indologe Jakob Wilhelm Hauer,"Jungs eigene Seminarsitzungen. Eine","der Indologe Jakob Wilhelm Hauer in Zuerich ueber tantrischen Yoga gesprochen. Kurz darauf folgten Jungs eigene Seminarsitzungen. Eine",AI_RECON,"historical cross-cultural scholarship, old books, tantric lotus diagrams, Zurich seminar notes, archival documentary composition, accurate period objects",,IMG07,5-8s primary hold; gentle push or parallax allowed. No slideshow freeze.,No evidentiary label. Generated material must be marked as reconstruction/illustration where required.,Map HTML-unescaped voice anchors to final narrator word timestamps. Cue starts on first anchor word and ends on last anchor word.
EP04_V2_C009,S2,Die gestohlene Karte,63.9,71.9,wichtige westliche Textgrundlage war Sir,"Woodroffes Werk The Serpent Power.","wichtige westliche Textgrundlage war Sir John Woodroffes Werk The Serpent Power.",ORIGINAL_ASSET,Use original asset B_CHAKRA_WELLCOME with slow crop/zoom. Do not imply the image depicts an event it does not depict.,B_CHAKRA_WELLCOME,,"Hold 5-8s; if the same asset continues, change crop or highlighted region at the next cue.",Highlight only labels or features already present; never add invented quotation text.,Map HTML-unescaped voice anchors to final narrator word timestamps. Cue starts on first anchor word and ends on last anchor word.
EP04_V2_C010,S2,Die gestohlene Karte,71.9,79.9,Woodroffe hatte unter dem Namen,"tantrische Texte uebersetzt und","Woodroffe hatte unter dem Namen Arthur Avalon tantrische Texte uebersetzt und",AI_RECON,"historical cross-cultural scholarship, old books, tantric lotus diagrams, Zurich seminar notes, archival documentary composition, accurate period objects",,IMG08,5-8s primary hold; gentle push or parallax allowed. No slideshow freeze.,No evidentiary label. Generated material must be marked as reconstruction/illustration where required.,Map HTML-unescaped voice anchors to final narrator word timestamps. Cue starts on first anchor word and ends on last anchor word.
EP04_V2_C011,S2,Die gestohlene Karte,79.9,87.9,kommentiert. Und hier beginnt das Problem.,"eine Auswahl. Eine Interpretation.","kommentiert. Und hier beginnt das Problem. Denn was Woodroffe nach Europa brachte, war nicht die ganze Geschichte. Es war eine Auswahl. Eine Interpretation.",AI_RECON,"historical cross-cultural scholarship, old books, tantric lotus diagrams, Zurich seminar notes, archival documentary composition, accurate period objects",,IMG09,5-8s primary hold; gentle push or parallax allowed. No slideshow freeze.,No evidentiary label. Generated material must be marked as reconstruction/illustration where required.,Map HTML-unescaped voice anchors to final narrator word timestamps. Cue starts on first anchor word and ends on last anchor word.
EP04_V2_C012,S2,Die gestohlene Karte,87.9,95.9,"Die verschiedenen indischen Traditionen","unterschiedliche Anzahlen, Namen","Die verschiedenen indischen Traditionen kennen unterschiedliche Anzahlen, Namen",ORIGINAL_ASSET,Use original asset B_AJNA_1918 with slow crop/zoom. Do not imply the image depicts an event it does not depict.,B_AJNA_1918,,"Hold 5-8s; if the same asset continues, change crop or highlighted region at the next cue.",Highlight only labels or features already present; never add invented quotation text.,Map HTML-unescaped voice anchors to final narrator word timestamps. Cue starts on first anchor word and ends on last anchor word.
EP04_V2_C013,S2,Die gestohlene Karte,95.9,103.9,"und Deutungen der Chakren. Das System,","den tausendblaettrigen Lotus Sahasrara.","und Deutungen der Chakren. Das System, mit dem Jung arbeitete, beschreibt eine aufsteigende Folge von Zentren und den tausendblaettrigen Lotus Sahasrara.",AI_RECON,"historical cross-cultural scholarship, old books, tantric lotus diagrams, Zurich seminar notes, archival documentary composition, accurate period objects",,IMG10,5-8s primary hold; gentle push or parallax allowed. No slideshow freeze.,No evidentiary label. Generated material must be marked as reconstruction/illustration where required.,Map HTML-unescaped voice anchors to final narrator word timestamps. Cue starts on first anchor word and ends on last anchor word.
EP04_V2_C014,S2,Die gestohlene Karte,103.9,111.9,"Aber es gibt nicht den einen,","Jung arbeitete mit einer Karte,","Aber es gibt nicht den einen, zeitlosen Chakra-Plan. Jung arbeitete mit einer Karte, die schon vor ihm gezeichnet worden war.",AI_RECON,"historical cross-cultural scholarship, old books, tantric lotus diagrams, Zurich seminar notes, archival documentary composition, accurate period objects",,IMG11,5-8s primary hold; gentle push or parallax allowed. No slideshow freeze.,No evidentiary label. Generated material must be marked as reconstruction/illustration where required.,Map HTML-unescaped voice anchors to final narrator word timestamps. Cue starts on first anchor word and ends on last anchor word.
EP04_V2_C015,S2,Die gestohlene Karte,111.9,118.3,"Von jemandem, der sie fuer","vereinfacht hatte.","Von jemandem, der sie fuer ein westliches Publikum vereinfacht hatte.",AI_RECON,"historical cross-cultural scholarship, old books, tantric lotus diagrams, Zurich seminar notes, archival documentary composition, accurate period objects",,IMG12,5-8s primary hold; gentle push or parallax allowed. No slideshow freeze.,No evidentiary label. Generated material must be marked as reconstruction/illustration where required.,Map HTML-unescaped voice anchors to final narrator word timestamps. Cue starts on first anchor word and ends on last anchor word.
EP04_V2_C016,S3,Die unteren Stockwerke,118.3,126.3,"Jungs Ausgangspunkt war Muladhara, das","unserer bewussten, irdischen und persoenlichen","Jungs Ausgangspunkt war Muladhara, das Wurzelzentrum. In seinem Seminar deutete er es als Bild unserer bewussten, irdischen und persoenlichen",VECTOR_DIAGRAM,"clean symbolic vertical map of psychological modes from earth to water to fire, human silhouette, editorial diagram, not medical anatomy",,IMG13,5-8s primary hold; gentle push or parallax allowed. No slideshow freeze.,No evidentiary label. Generated material must be marked as reconstruction/illustration where required.,Map HTML-unescaped voice anchors to final narrator word timestamps. Cue starts on first anchor word and ends on last anchor word.
EP04_V2_C017,S3,Die unteren Stockwerke,126.3,134.3,"Existenz. Erde, Gewicht, Verwurzelung, das","der Zustand, in dem Alltag,","Existenz. Erde, Gewicht, Verwurzelung, das Leben im Konkreten. Nicht niedrig im moralischen Sinn. Sondern der Zustand, in dem Alltag,",ORIGINAL_ASSET,Use original asset B_CHAKRA_WELLCOME with slow crop/zoom. Do not imply the image depicts an event it does not depict.,B_CHAKRA_WELLCOME,,"Hold 5-8s; if the same asset continues, change crop or highlighted region at the next cue.",Highlight only labels or features already present; never add invented quotation text.,Map HTML-unescaped voice anchors to final narrator word timestamps. Cue starts on first anchor word and ends on last anchor word.
EP04_V2_C018,S3,Die unteren Stockwerke,134.3,142.3,"Koerper, Besitz, Rolle und unmittelbare","das mit Wasser verbunden ist.","Koerper, Besitz, Rolle und unmittelbare Realitaet den Horizont bilden. Dann kommt Svadhisthana, das mit Wasser verbunden ist.",AI_RECON,"clean symbolic vertical map of psychological modes from earth to water to fire, human silhouette, editorial diagram, not medical anatomy",,IMG14,5-8s primary hold; gentle push or parallax allowed. No slideshow freeze.,No evidentiary label. Generated material must be marked as reconstruction/illustration where required.,Map HTML-unescaped voice anchors to final narrator word timestamps. Cue starts on first anchor word and ends on last anchor word.
EP04_V2_C019,S3,Die unteren Stockwerke,142.3,150.3,"In Jungs Lesart beginnt hier","nicht mehr so sauber kontrollieren laesst.","In Jungs Lesart beginnt hier die Begegnung mit einem Bereich, der sich nicht mehr so sauber kontrollieren laesst.",ORIGINAL_ASSET,Use original asset B_CHAKRA_WELLCOME with slow crop/zoom. Do not imply the image depicts an event it does not depict.,B_CHAKRA_WELLCOME,,"Hold 5-8s; if the same asset continues, change crop or highlighted region at the next cue.",Highlight only labels or features already present; never add invented quotation text.,Map HTML-unescaped voice anchors to final narrator word timestamps. Cue starts on first anchor word and ends on last anchor word.
EP04_V2_C020,S3,Die unteren Stockwerke,150.3,158.3,"Wasser wird zur passenden Metapher","nicht mehr auf festem Boden.","Wasser wird zur passenden Metapher fuer das Unbewusste: Man kann hineinsteigen, aber man steht nicht mehr auf festem Boden.",AI_RECON,"clean symbolic vertical map of psychological modes from earth to water to fire, human silhouette, editorial diagram, not medical anatomy",,IMG15,5-8s primary hold; gentle push or parallax allowed. No slideshow freeze.,No evidentiary label. Generated material must be marked as reconstruction/illustration where required.,Map HTML-unescaped voice anchors to final narrator word timestamps. Cue starts on first anchor word and ends on last anchor word.
EP04_V2_C021,S3,Die unteren Stockwerke,158.3,166.3,"Danach Manipura, das Feuerzentrum. Jung","Hitze, in der wir nicht","Danach Manipura, das Feuerzentrum. Jung verbindet es mit Leidenschaft, Affekt, Begehren und jener inneren Hitze, in der wir nicht",ORIGINAL_ASSET,Use original asset B_CHAKRA_WELLCOME with slow crop/zoom. Do not imply the image depicts an event it does not depict.,B_CHAKRA_WELLCOME,,"Hold 5-8s; if the same asset continues, change crop or highlighted region at the next cue.",Highlight only labels or features already present; never add invented quotation text.,Map HTML-unescaped voice anchors to final narrator word timestamps. Cue starts on first anchor word and ends on last anchor word.
EP04_V2_C022,S3,Die unteren Stockwerke,166.3,174.3,"nur etwas fuehlen, sondern vom","Ein Konflikt beginnt vielleicht mit","nur etwas fuehlen, sondern vom Gefuehl ergriffen werden. Man kann das sehr alltaeglich lesen. Ein Konflikt beginnt vielleicht mit",AI_RECON,"clean symbolic vertical map of psychological modes from earth to water to fire, human silhouette, editorial diagram, not medical anatomy",,IMG16,5-8s primary hold; gentle push or parallax allowed. No slideshow freeze.,No evidentiary label. Generated material must be marked as reconstruction/illustration where required.,Map HTML-unescaped voice anchors to final narrator word timestamps. Cue starts on first anchor word and ends on last anchor word.
EP04_V2_C023,S3,Die unteren Stockwerke,174.3,182.3,"einer sachlichen Bedrohung: Arbeitsplatz, Geld,","nicht mehr um die Sache.","einer sachlichen Bedrohung: Arbeitsplatz, Geld, Status. Wenige Sekunden spaeter geht es laengst nicht mehr um die Sache.",ORIGINAL_ASSET,Use original asset B_CHAKRA_WELLCOME with slow crop/zoom. Do not imply the image depicts an event it does not depict.,B_CHAKRA_WELLCOME,,"Hold 5-8s; if the same asset continues, change crop or highlighted region at the next cue.",Highlight only labels or features already present; never add invented quotation text.,Map HTML-unescaped voice anchors to final narrator word timestamps. Cue starts on first anchor word and ends on last anchor word.
EP04_V2_C024,S3,Die unteren Stockwerke,182.3,190.3,"Der Koerper ist angespannt, die","mischen sich hinein. Die Karte","Der Koerper ist angespannt, die Stimme wird lauter, alte Kraenkungen mischen sich hinein. Die Karte",AI_RECON,"clean symbolic vertical map of psychological modes from earth to water to fire, human silhouette, editorial diagram, not medical anatomy",,IMG17,5-8s primary hold; gentle push or parallax allowed. No slideshow freeze.,No evidentiary label. Generated material must be marked as reconstruction/illustration where required.,Map HTML-unescaped voice anchors to final narrator word timestamps. Cue starts on first anchor word and ends on last anchor word.
EP04_V2_C025,S3,Die unteren Stockwerke,190.3,197.1,"beschreibt dann keinen magischen Energiefluss.","einen Wechsel des psychischen Modus.","beschreibt dann keinen magischen Energiefluss. Sie beschreibt einen Wechsel des psychischen Modus.",ORIGINAL_ASSET,Use original asset B_CHAKRA_WELLCOME with slow crop/zoom. Do not imply the image depicts an event it does not depict.,B_CHAKRA_WELLCOME,,"Hold 5-8s; if the same asset continues, change crop or highlighted region at the next cue.",Highlight only labels or features already present; never add invented quotation text.,Map HTML-unescaped voice anchors to final narrator word timestamps. Cue starts on first anchor word and ends on last anchor word.
EP04_V2_C026,S4,Der Moment in dem alles still wird,197.1,205.1,"Fuer Jung liegt der entscheidende","In den unteren Stufen ist","Fuer Jung liegt der entscheidende Sprung zwischen Manipura und Anahata, dem Herz- oder Luftzentrum. In den unteren Stufen ist",ORIGINAL_ASSET,Use original asset B_CHAKRA_WELLCOME with slow crop/zoom. Do not imply the image depicts an event it does not depict.,B_CHAKRA_WELLCOME,,"Hold 5-8s; if the same asset continues, change crop or highlighted region at the next cue.",Highlight only labels or features already present; never add invented quotation text.,Map HTML-unescaped voice anchors to final narrator word timestamps. Cue starts on first anchor word and ends on last anchor word.
EP04_V2_C027,S4,Der Moment in dem alles still wird,205.1,213.1,"der Mensch stark mit seinem","bin verletzt. Ich muss gewinnen.","der Mensch stark mit seinem Erleben identifiziert. Ich bin wuetend. Ich bin verletzt. Ich muss gewinnen.",AI_RECON,"psychological transition from emotional fire to observing awareness, heart and air as metaphors, elegant conceptual documentary illustration",,IMG18,5-8s primary hold; gentle push or parallax allowed. No slideshow freeze.,No evidentiary label. Generated material must be marked as reconstruction/illustration where required.,Map HTML-unescaped voice anchors to final narrator word timestamps. Cue starts on first anchor word and ends on last anchor word.
EP04_V2_C028,S4,Der Moment in dem alles still wird,213.1,221.1,"In Anahata erscheint etwas Neues:","ohne mit ihm vollstaendig zusammenzufallen.","In Anahata erscheint etwas Neues: die Moeglichkeit, das eigene Erleben zu beobachten, ohne mit ihm vollstaendig zusammenzufallen.",ORIGINAL_ASSET,Use original asset B_CHAKRA_WELLCOME with slow crop/zoom. Do not imply the image depicts an event it does not depict.,B_CHAKRA_WELLCOME,,"Hold 5-8s; if the same asset continues, change crop or highlighted region at the next cue.",Highlight only labels or features already present; never add invented quotation text.,Map HTML-unescaped voice anchors to final narrator word timestamps. Cue starts on first anchor word and ends on last anchor word.
EP04_V2_C029,S4,Der Moment in dem alles still wird,221.1,229.1,"Das klingt unspektakulaer, ist psychologisch","der Handlung entsteht ein Abstand.","Das klingt unspektakulaer, ist psychologisch aber enorm. Zwischen dem Impuls und der Handlung entsteht ein Abstand.",AI_RECON,"psychological transition from emotional fire to observing awareness, heart and air as metaphors, elegant conceptual documentary illustration",,IMG19,5-8s primary hold; gentle push or parallax allowed. No slideshow freeze.,No evidentiary label. Generated material must be marked as reconstruction/illustration where required.,Map HTML-unescaped voice anchors to final narrator word timestamps. Cue starts on first anchor word and ends on last anchor word.
EP04_V2_C030,S4,Der Moment in dem alles still wird,229.1,237.1,"Du bemerkst: Da ist Wut.","allein die Formulierung veraendert etwas.","Du bemerkst: Da ist Wut. Da ist Angst. Da ist Eifersucht. Und allein die Formulierung veraendert etwas.",ORIGINAL_ASSET,Use original asset B_CHAKRA_WELLCOME with slow crop/zoom. Do not imply the image depicts an event it does not depict.,B_CHAKRA_WELLCOME,,"Hold 5-8s; if the same asset continues, change crop or highlighted region at the next cue.",Highlight only labels or features already present; never add invented quotation text.,Map HTML-unescaped voice anchors to final narrator word timestamps. Cue starts on first anchor word and ends on last anchor word.
EP04_V2_C031,S4,Der Moment in dem alles still wird,237.1,245.1,"Aus Ich bin diese Emotion","einen Aufstieg von Feuer zu","Aus Ich bin diese Emotion wird Ich habe diese Emotion. Jungs Symbolsprache macht daraus einen Aufstieg von Feuer zu",AI_RECON,"psychological transition from emotional fire to observing awareness, heart and air as metaphors, elegant conceptual documentary illustration",,IMG20,5-8s primary hold; gentle push or parallax allowed. No slideshow freeze.,No evidentiary label. Generated material must be marked as reconstruction/illustration where required.,Map HTML-unescaped voice anchors to final narrator word timestamps. Cue starts on first anchor word and ends on last anchor word.
EP04_V2_C032,S4,Der Moment in dem alles still wird,245.1,253.1,"Luft - vom Brennen zum","die den Affekt sehen kann.","Luft - vom Brennen zum Atmen, vom unmittelbaren Affekt zu einer Position, die den Affekt sehen kann.",ORIGINAL_ASSET,Use original asset B_CHAKRA_WELLCOME with slow crop/zoom. Do not imply the image depicts an event it does not depict.,B_CHAKRA_WELLCOME,,"Hold 5-8s; if the same asset continues, change crop or highlighted region at the next cue.",Highlight only labels or features already present; never add invented quotation text.,Map HTML-unescaped voice anchors to final narrator word timestamps. Cue starts on first anchor word and ends on last anchor word.
EP04_V2_C033,S4,Der Moment in dem alles still wird,253.1,261.1,"Genau hier wird die alte","beweisen muss, dass im Brustkorb","Genau hier wird die alte Karte fuer einen modernen Zuschauer interessant. Nicht weil man beweisen muss, dass im Brustkorb",AI_RECON,"psychological transition from emotional fire to observing awareness, heart and air as metaphors, elegant conceptual documentary illustration",,IMG21,5-8s primary hold; gentle push or parallax allowed. No slideshow freeze.,No evidentiary label. Generated material must be marked as reconstruction/illustration where required.,Map HTML-unescaped voice anchors to final narrator word timestamps. Cue starts on first anchor word and ends on last anchor word.
EP04_V2_C034,S4,Der Moment in dem alles still wird,261.1,269.1,"ein unsichtbares Rad rotiert. Sondern","darauf beruhen, zwischen einem inneren","ein unsichtbares Rad rotiert. Sondern weil viele psychologische Verfahren ebenfalls darauf beruhen, zwischen einem inneren",ORIGINAL_ASSET,Use original asset B_CHAKRA_WELLCOME with slow crop/zoom. Do not imply the image depicts an event it does not depict.,B_CHAKRA_WELLCOME,,"Hold 5-8s; if the same asset continues, change crop or highlighted region at the next cue.",Highlight only labels or features already present; never add invented quotation text.,Map HTML-unescaped voice anchors to final narrator word timestamps. Cue starts on first anchor word and ends on last anchor word.
EP04_V2_C035,S4,Der Moment in dem alles still wird,269.1,274.1,"Zustand und dem beobachtenden Bewusstsein","dem beobachtenden Bewusstsein zu unterscheiden.","Zustand und dem beobachtenden Bewusstsein zu unterscheiden.",AI_RECON,"psychological transition from emotional fire to observing awareness, heart and air as metaphors, elegant conceptual documentary illustration",,IMG22,5-8s primary hold; gentle push or parallax allowed. No slideshow freeze.,No evidentiary label. Generated material must be marked as reconstruction/illustration where required.,Map HTML-unescaped voice anchors to final narrator word timestamps. Cue starts on first anchor word and ends on last anchor word.
EP04_V2_C036,S5,Die Reise nach oben,274.1,282.1,"Oberhalb von Anahata wird Jungs","in der psychische Tatsachen nicht","Oberhalb von Anahata wird Jungs Deutung immer abstrakter. Vishuddha verbindet er mit einer Sphaere, in der psychische Tatsachen nicht",AI_RECON,"increasing abstraction of psyche, geometric symbols, clean diagrammatic space, contemplative and intellectually serious",,IMG23,5-8s primary hold; gentle push or parallax allowed. No slideshow freeze.,No evidentiary label. Generated material must be marked as reconstruction/illustration where required.,Map HTML-unescaped voice anchors to final narrator word timestamps. Cue starts on first anchor word and ends on last anchor word.
EP04_V2_C037,S5,Die Reise nach oben,282.1,290.1,"mehr automatisch als direkte Folgen","Was hat der andere mit","mehr automatisch als direkte Folgen aeusserer Ereignisse verstanden werden. Die Frage verschiebt sich von Was hat der andere mit",ORIGINAL_ASSET,Use original asset B_AJNA_1918 with slow crop/zoom. Do not imply the image depicts an event it does not depict.,B_AJNA_1918,,"Hold 5-8s; if the same asset continues, change crop or highlighted region at the next cue.",Highlight only labels or features already present; never add invented quotation text.,Map HTML-unescaped voice anchors to final narrator word timestamps. Cue starts on first anchor word and ends on last anchor word.
EP04_V2_C038,S5,Die Reise nach oben,290.1,298.1,"mir gemacht zu Was geschieht","ist keine Entschuldigung fuer reales","mir gemacht zu Was geschieht in mir, wenn ich auf den anderen reagiere? Das ist keine Entschuldigung fuer reales",AI_RECON,"increasing abstraction of psyche, geometric symbols, clean diagrammatic space, contemplative and intellectually serious",,IMG24,5-8s primary hold; gentle push or parallax allowed. No slideshow freeze.,No evidentiary label. Generated material must be marked as reconstruction/illustration where required.,Map HTML-unescaped voice anchors to final narrator word timestamps. Cue starts on first anchor word and ends on last anchor word.
EP04_V2_C039,S5,Die Reise nach oben,298.1,306.1,"Unrecht. Es ist eine Verschiebung","In Jungs Darstellung wird die","Unrecht. Es ist eine Verschiebung des psychologischen Blickwinkels. Ajna treibt diese Bewegung noch weiter. In Jungs Darstellung wird die",ORIGINAL_ASSET,Use original asset B_AJNA_1918 with slow crop/zoom. Do not imply the image depicts an event it does not depict.,B_AJNA_1918,,"Hold 5-8s; if the same asset continues, change crop or highlighted region at the next cue.",Highlight only labels or features already present; never add invented quotation text.,Map HTML-unescaped voice anchors to final narrator word timestamps. Cue starts on first anchor word and ends on last anchor word.
EP04_V2_C040,S5,Die Reise nach oben,306.1,314.1,"Psyche hier nicht mehr nur","sich zunehmend als Teil eines","Psyche hier nicht mehr nur als etwas erlebt, das wir besitzen. Der Mensch erlebt sich zunehmend als Teil eines",AI_RECON,"increasing abstraction of psyche, geometric symbols, clean diagrammatic space, contemplative and intellectually serious",,IMG25,5-8s primary hold; gentle push or parallax allowed. No slideshow freeze.,No evidentiary label. Generated material must be marked as reconstruction/illustration where required.,Map HTML-unescaped voice anchors to final narrator word timestamps. Cue starts on first anchor word and ends on last anchor word.
EP04_V2_C041,S5,Die Reise nach oben,314.1,322.1,"groesseren psychischen Zusammenhangs. Genau an","und fuer viele Leser spekulativ.","groesseren psychischen Zusammenhangs. Genau an dieser Stelle wird die Sprache schwer, religioes und fuer viele Leser spekulativ.",ORIGINAL_ASSET,Use original asset B_AJNA_1918 with slow crop/zoom. Do not imply the image depicts an event it does not depict.,B_AJNA_1918,,"Hold 5-8s; if the same asset continues, change crop or highlighted region at the next cue.",Highlight only labels or features already present; never add invented quotation text.,Map HTML-unescaped voice anchors to final narrator word timestamps. Cue starts on first anchor word and ends on last anchor word.
EP04_V2_C042,S5,Die Reise nach oben,322.1,330.1,"Und Sahasrara behandelte Jung letztlich","Das ist wichtig, weil Jung","Und Sahasrara behandelte Jung letztlich als etwas, das sich einer normalen psychologischen Beschreibung entzieht. Das ist wichtig, weil Jung",AI_RECON,"increasing abstraction of psyche, geometric symbols, clean diagrammatic space, contemplative and intellectually serious",,IMG26,5-8s primary hold; gentle push or parallax allowed. No slideshow freeze.,No evidentiary label. Generated material must be marked as reconstruction/illustration where required.,Map HTML-unescaped voice anchors to final narrator word timestamps. Cue starts on first anchor word and ends on last anchor word.
EP04_V2_C043,S5,Die Reise nach oben,330.1,338.1,"selbst an der Grenze seiner","kein Messgeraet fuer Ajna. Er","selbst an der Grenze seiner Karte angekommen ist. Er hatte kein Messgeraet fuer Ajna. Er",ORIGINAL_ASSET,Use original asset B_AJNA_1918 with slow crop/zoom. Do not imply the image depicts an event it does not depict.,B_AJNA_1918,,"Hold 5-8s; if the same asset continues, change crop or highlighted region at the next cue.",Highlight only labels or features already present; never add invented quotation text.,Map HTML-unescaped voice anchors to final narrator word timestamps. Cue starts on first anchor word and ends on last anchor word.
EP04_V2_C044,S5,Die Reise nach oben,338.1,343.1,"hatte keinen biologischen Nachweis fuer","mit Bildern und psychischer Bedeutung.","hatte keinen biologischen Nachweis fuer Sahasrara. Er arbeitete mit Bildern und psychischer Bedeutung.",AI_RECON,"increasing abstraction of psyche, geometric symbols, clean diagrammatic space, contemplative and intellectually serious",,IMG27,5-8s primary hold; gentle push or parallax allowed. No slideshow freeze.,No evidentiary label. Generated material must be marked as reconstruction/illustration where required.,Map HTML-unescaped voice anchors to final narrator word timestamps. Cue starts on first anchor word and ends on last anchor word.
EP04_V2_C045,S6,Der Selbsttest,343.1,351.1,"Man kann Jungs Karte deshalb","Situation, die dich stark trifft.","Man kann Jungs Karte deshalb benutzen, ohne sie fuer Anatomie zu halten. Nimm eine Situation, die dich stark trifft.",AI_RECON,"modern everyday self-observation scene, adult in conflict pausing before reaction, non-therapeutic educational illustration",,IMG28,5-8s primary hold; gentle push or parallax allowed. No slideshow freeze.,No evidentiary label. Generated material must be marked as reconstruction/illustration where required.,Map HTML-unescaped voice anchors to final narrator word timestamps. Cue starts on first anchor word and ends on last anchor word.
EP04_V2_C046,S6,Der Selbsttest,351.1,359.1,"Die erste Frage lautet: Was","Status? Dann: Welche Emotion uebernimmt?","Die erste Frage lautet: Was ist konkret bedroht? Sicherheit, Geld, Zugehoerigkeit, Status? Dann: Welche Emotion uebernimmt?",AI_RECON,"modern everyday self-observation scene, adult in conflict pausing before reaction, non-therapeutic educational illustration",,IMG29,5-8s primary hold; gentle push or parallax allowed. No slideshow freeze.,No evidentiary label. Generated material must be marked as reconstruction/illustration where required.,Map HTML-unescaped voice anchors to final narrator word timestamps. Cue starts on first anchor word and ends on last anchor word.
EP04_V2_C047,S6,Der Selbsttest,359.1,367.1,"Angst, Wut, Begehren, Scham? Dann","beobachten, ohne ihn sofort auszuagieren?","Angst, Wut, Begehren, Scham? Dann die schwierigere Frage: Kannst du den Zustand beobachten, ohne ihn sofort auszuagieren?",AI_RECON,"modern everyday self-observation scene, adult in conflict pausing before reaction, non-therapeutic educational illustration",,IMG30,5-8s primary hold; gentle push or parallax allowed. No slideshow freeze.,No evidentiary label. Generated material must be marked as reconstruction/illustration where required.,Map HTML-unescaped voice anchors to final narrator word timestamps. Cue starts on first anchor word and ends on last anchor word.
EP04_V2_C048,S6,Der Selbsttest,367.1,375.1,"Und schliesslich: Welche Bedeutung gibst","Das ist kein Chakra-Test und","Und schliesslich: Welche Bedeutung gibst du dem Ganzen, wenn der unmittelbare Affekt abgeklungen ist? Das ist kein Chakra-Test und",AI_RECON,"modern everyday self-observation scene, adult in conflict pausing before reaction, non-therapeutic educational illustration",,IMG31,5-8s primary hold; gentle push or parallax allowed. No slideshow freeze.,No evidentiary label. Generated material must be marked as reconstruction/illustration where required.,Map HTML-unescaped voice anchors to final narrator word timestamps. Cue starts on first anchor word and ends on last anchor word.
EP04_V2_C049,S6,Der Selbsttest,375.1,383.1,"keine Diagnose. Es ist eine","Markierungen fuer verschiedene Arten, Erfahrung","keine Diagnose. Es ist eine Uebersetzung von Jungs Uebersetzung. Die alten Symbole werden zu Markierungen fuer verschiedene Arten, Erfahrung",AI_RECON,"modern everyday self-observation scene, adult in conflict pausing before reaction, non-therapeutic educational illustration",,IMG32,5-8s primary hold; gentle push or parallax allowed. No slideshow freeze.,No evidentiary label. Generated material must be marked as reconstruction/illustration where required.,Map HTML-unescaped voice anchors to final narrator word timestamps. Cue starts on first anchor word and ends on last anchor word.
EP04_V2_C050,S6,Der Selbsttest,383.1,391.1,"zu organisieren. Der Nutzen liegt","von hoeheren Zentren spricht und","zu organisieren. Der Nutzen liegt nicht darin, sich moeglichst weit oben einzuordnen. Wer staendig von hoeheren Zentren spricht und",AI_RECON,"modern everyday self-observation scene, adult in conflict pausing before reaction, non-therapeutic educational illustration",,IMG33,5-8s primary hold; gentle push or parallax allowed. No slideshow freeze.,No evidentiary label. Generated material must be marked as reconstruction/illustration where required.,Map HTML-unescaped voice anchors to final narrator word timestamps. Cue starts on first anchor word and ends on last anchor word.
EP04_V2_C051,S6,Der Selbsttest,391.1,399.1,"seine Miete nicht bezahlt, hat","nicht. Der Koerper verschwindet nicht.","seine Miete nicht bezahlt, hat die Karte vermutlich missverstanden. Muladhara verschwindet nicht. Der Koerper verschwindet nicht.",AI_RECON,"modern everyday self-observation scene, adult in conflict pausing before reaction, non-therapeutic educational illustration",,IMG34,5-8s primary hold; gentle push or parallax allowed. No slideshow freeze.,No evidentiary label. Generated material must be marked as reconstruction/illustration where required.,Map HTML-unescaped voice anchors to final narrator word timestamps. Cue starts on first anchor word and ends on last anchor word.
EP04_V2_C052,S6,Der Selbsttest,399.1,405.0,"Die unteren Ebenen werden nicht","weil abstraktere Perspektiven moeglich werden.","Die unteren Ebenen werden nicht wertlos, nur weil abstraktere Perspektiven moeglich werden.",VECTOR_DIAGRAM,"modern everyday self-observation scene, adult in conflict pausing before reaction, non-therapeutic educational illustration",,IMG35,5-8s primary hold; gentle push or parallax allowed. No slideshow freeze.,No evidentiary label. Generated material must be marked as reconstruction/illustration where required.,Map HTML-unescaped voice anchors to final narrator word timestamps. Cue starts on first anchor word and ends on last anchor word.
EP04_V2_C053,S7,Der Streit,405.0,413.0,"Und hier beginnt nicht der","sondern der eigentliche Konflikt. Denn","Und hier beginnt nicht der langweilige Gegenbefund, sondern der eigentliche Konflikt. Denn",AI_RECON,"intellectual conflict between Western psychology and Eastern tradition, two opposing forces, dramatic tension, documentary illustration",,IMG36,5-8s primary hold; gentle push or parallax allowed. No slideshow freeze.,No evidentiary label. Generated material must be marked as reconstruction/illustration where required.,Map HTML-unescaped voice anchors to final narrator word timestamps. Cue starts on first anchor word and ends on last anchor word.
EP04_V2_C054,S7,Der Streit,413.0,421.0,"Jungs Interpretation wurde nicht von allen","Die indische Tradition hatte ihre","Jungs Interpretation wurde nicht von allen begruesst. Die indische Tradition hatte ihre",AI_RECON,"intellectual conflict between Western psychology and Eastern tradition, two opposing forces, dramatic tension, documentary illustration",,IMG37,5-8s primary hold; gentle push or parallax allowed. No slideshow freeze.,No evidentiary label. Generated material must be marked as reconstruction/illustration where required.,Map HTML-unescaped voice anchors to final narrator word timestamps. Cue starts on first anchor word and ends on last anchor word.
EP04_V2_C055,S7,Der Streit,421.0,429.0,"eigenen Lesarten. Ihre eigenen Praktiken.","ueber Jahrhunderte weitergegeben hatten.","eigenen Lesarten. Ihre eigenen Praktiken. Ihre eigenen Meister, die diese Systeme ueber Jahrhunderte weitergegeben hatten.",AI_RECON,"intellectual conflict between Western psychology and Eastern tradition, two opposing forces, dramatic tension, documentary illustration",,IMG38,5-8s primary hold; gentle push or parallax allowed. No slideshow freeze.,No evidentiary label. Generated material must be marked as reconstruction/illustration where required.,Map HTML-unescaped voice anchors to final narrator word timestamps. Cue starts on first anchor word and ends on last anchor word.
EP04_V2_C056,S7,Der Streit,429.0,437.0,"Und diese Meister sahen nicht gerne","als bloße Psychologie deutete.","Und diese Meister sahen nicht gerne, wie ein westlicher Psychiater ihre heiligen Symbole als bloße Psychologie deutete.",AI_RECON,"intellectual conflict between Western psychology and Eastern tradition, two opposing forces, dramatic tension, documentary illustration",,IMG39,5-8s primary hold; gentle push or parallax allowed. No slideshow freeze.,No evidentiary label. Generated material must be marked as reconstruction/illustration where required.,Map HTML-unescaped voice anchors to final narrator word timestamps. Cue starts on first anchor word and ends on last anchor word.
EP04_V2_C057,S7,Der Streit,437.0,445.0,"Der Vorwurf war klar: Jung hatte","ohne das Gelaende zu betreten.","Der Vorwurf war klar: Jung hatte die Karte gelesen, ohne das Gelaende zu betreten.",AI_RECON,"intellectual conflict between Western psychology and Eastern tradition, two opposing forces, dramatic tension, documentary illustration",,IMG40,5-8s primary hold; gentle push or parallax allowed. No slideshow freeze.,No evidentiary label. Generated material must be marked as reconstruction/illustration where required.,Map HTML-unescaped voice anchors to final narrator word timestamps. Cue starts on first anchor word and ends on last anchor word.
EP04_V2_C058,S7,Der Streit,445.0,453.0,"Er hatte die Symbole analysiert","die dahinter steht. Er hatte","Er hatte die Symbole analysiert, ohne die Erfahrung gemacht zu haben, die dahinter steht. Er hatte",AI_RECON,"intellectual conflict between Western psychology and Eastern tradition, two opposing forces, dramatic tension, documentary illustration",,IMG41,5-8s primary hold; gentle push or parallax allowed. No slideshow freeze.,No evidentiary label. Generated material must be marked as reconstruction/illustration where required.,Map HTML-unescaped voice anchors to final narrator word timestamps. Cue starts on first anchor word and ends on last anchor word.
EP04_V2_C059,S7,Der Streit,453.0,461.0,"die Sprache uebersetzt, ohne den","Und vielleicht hatten sie recht.","die Sprache uebersetzt, ohne den Akzent zu kennen. Und vielleicht hatten sie recht.",AI_RECON,"intellectual conflict between Western psychology and Eastern tradition, two opposing forces, dramatic tension, documentary illustration",,IMG42,5-8s primary hold; gentle push or parallax allowed. No slideshow freeze.,No evidentiary label. Generated material must be marked as reconstruction/illustration where required.,Map HTML-unescaped voice anchors to final narrator word timestamps. Cue starts on first anchor word and ends on last anchor word.
EP04_V2_C060,S7,Der Streit,461.0,469.0,"Denn Jung selbst gab zu, dass","die hoechsten Zentren nicht aus","Denn Jung selbst gab zu, dass er die hoechsten Zentren nicht aus",AI_RECON,"intellectual conflict between Western psychology and Eastern tradition, two opposing forces, dramatic tension, documentary illustration",,IMG43,5-8s primary hold; gentle push or parallax allowed. No slideshow freeze.,No evidentiary label. Generated material must be marked as reconstruction/illustration where required.,Map HTML-unescaped voice anchors to final narrator word timestamps. Cue starts on first anchor word and ends on last anchor word.
EP04_V2_C061,S7,Der Streit,469.0,477.0,"eigener Erfahrung kannte. Er arbeitete","was seine Patienten ihm berichteten.","eigener Erfahrung kannte. Er arbeitete mit dem, was er in Buechern fand. Mit dem, was seine Patienten ihm berichteten.",AI_RECON,"intellectual conflict between Western psychology and Eastern tradition, two opposing forces, dramatic tension, documentary illustration",,IMG44,5-8s primary hold; gentle push or parallax allowed. No slideshow freeze.,No evidentiary label. Generated material must be marked as reconstruction/illustration where required.,Map HTML-unescaped voice anchors to final narrator word timestamps. Cue starts on first anchor word and ends on last anchor word.
EP04_V2_C062,S7,Der Streit,477.0,483.0,"Mit dem, was er in den","ueber diese Dinge sprach.","Mit dem, was er in den Gesichtern der Zuhoerer sah, als er ueber diese Dinge sprach.",AI_RECON,"intellectual conflict between Western psychology and Eastern tradition, two opposing forces, dramatic tension, documentary illustration",,IMG45,5-8s primary hold; gentle push or parallax allowed. No slideshow freeze.,No evidentiary label. Generated material must be marked as reconstruction/illustration where required.,Map HTML-unescaped voice anchors to final narrator word timestamps. Cue starts on first anchor word and ends on last anchor word.
EP04_V2_C063,S8,Was die Karte nicht beweist,483.0,491.0,"Warum funktioniert dann eine","als Beschreibung innerer Zustaende","Warum funktioniert dann eine jahrhundertealte Symbolsprache fuer manche Menschen so gut als Beschreibung innerer Zustaende",AI_RECON,"detective-style comparison between symbolic usefulness and empirical evidence, split visual of map versus measurement, no mockery",,IMG46,5-8s primary hold; gentle push or parallax allowed. No slideshow freeze.,No evidentiary label. Generated material must be marked as reconstruction/illustration where required.,Map HTML-unescaped voice anchors to final narrator word timestamps. Cue starts on first anchor word and ends on last anchor word.
EP04_V2_C064,S8,Was die Karte nicht beweist,491.0,499.0,"obwohl ihre metaphysischen Annahmen","Eine Antwort ist schlicht: Menschen","obwohl ihre metaphysischen Annahmen wissenschaftlich nicht bestaetigt sind? Eine Antwort ist schlicht: Menschen",AI_RECON,"detective-style comparison between symbolic usefulness and empirical evidence, split visual of map versus measurement, no mockery",,IMG47,5-8s primary hold; gentle push or parallax allowed. No slideshow freeze.,No evidentiary label. Generated material must be marked as reconstruction/illustration where required.,Map HTML-unescaped voice anchors to final narrator word timestamps. Cue starts on first anchor word and ends on last anchor word.
EP04_V2_C065,S8,Was die Karte nicht beweist,499.0,507.0,"sind hervorragend darin, Erfahrungen in","dass gute Symbole viele moegliche","sind hervorragend darin, Erfahrungen in Bilder, Raeume und Hierarchien zu uebersetzen. Eine andere ist, dass gute Symbole viele moegliche",AI_RECON,"detective-style comparison between symbolic usefulness and empirical evidence, split visual of map versus measurement, no mockery",,IMG48,5-8s primary hold; gentle push or parallax allowed. No slideshow freeze.,No evidentiary label. Generated material must be marked as reconstruction/illustration where required.,Map HTML-unescaped voice anchors to final narrator word timestamps. Cue starts on first anchor word and ends on last anchor word.
EP04_V2_C066,S8,Was die Karte nicht beweist,507.0,515.0,"Erfahrungen aufnehmen koennen, gerade weil","psychologischer Brauchbarkeit biologische Tatsachen abzuleiten.","Erfahrungen aufnehmen koennen, gerade weil sie nicht praezise Messmodelle sind. Der Fehler waere, aus psychologischer Brauchbarkeit biologische Tatsachen abzuleiten.",AI_RECON,"detective-style comparison between symbolic usefulness and empirical evidence, split visual of map versus measurement, no mockery",,IMG49,5-8s primary hold; gentle push or parallax allowed. No slideshow freeze.,No evidentiary label. Generated material must be marked as reconstruction/illustration where required.,Map HTML-unescaped voice anchors to final narrator word timestamps. Cue starts on first anchor word and ends on last anchor word.
EP04_V2_C067,S8,Was die Karte nicht beweist,515.0,523.0,"Dass die Metapher Feuer zu","jemand beim Meditieren Druck oder","Dass die Metapher Feuer zu Wut passt, beweist kein messbares Feuerzentrum im Bauch. Dass jemand beim Meditieren Druck oder",AI_RECON,"detective-style comparison between symbolic usefulness and empirical evidence, split visual of map versus measurement, no mockery",,IMG50,5-8s primary hold; gentle push or parallax allowed. No slideshow freeze.,No evidentiary label. Generated material must be marked as reconstruction/illustration where required.,Map HTML-unescaped voice anchors to final narrator word timestamps. Cue starts on first anchor word and ends on last anchor word.
EP04_V2_C068,S8,Was die Karte nicht beweist,523.0,531.0,"Waerme im Koerper erlebt, beweist","billig, die ganze Geschichte als","Waerme im Koerper erlebt, beweist nicht automatisch eine universelle Energiebahn. Gleichzeitig waere es ebenso billig, die ganze Geschichte als",AI_RECON,"detective-style comparison between symbolic usefulness and empirical evidence, split visual of map versus measurement, no mockery",,IMG51,5-8s primary hold; gentle push or parallax allowed. No slideshow freeze.,No evidentiary label. Generated material must be marked as reconstruction/illustration where required.,Map HTML-unescaped voice anchors to final narrator word timestamps. Cue starts on first anchor word and ends on last anchor word.
EP04_V2_C069,S8,Was die Karte nicht beweist,531.0,539.0,"blossen Aberglauben wegzuwischen. Jung interessierte","ueber Jahrhunderte Erfahrungen geordnet hatten,","blossen Aberglauben wegzuwischen. Jung interessierte sich gerade fuer Systeme, die ueber Jahrhunderte Erfahrungen geordnet hatten,",AI_RECON,"detective-style comparison between symbolic usefulness and empirical evidence, split visual of map versus measurement, no mockery",,IMG52,5-8s primary hold; gentle push or parallax allowed. No slideshow freeze.,No evidentiary label. Generated material must be marked as reconstruction/illustration where required.,Map HTML-unescaped voice anchors to final narrator word timestamps. Cue starts on first anchor word and ends on last anchor word.
EP04_V2_C070,S8,Was die Karte nicht beweist,539.0,544.0,"fuer die die damalige westliche","Psychologie kaum eine Sprache besass.","fuer die die damalige westliche Psychologie kaum eine Sprache besass.",AI_RECON,"detective-style comparison between symbolic usefulness and empirical evidence, split visual of map versus measurement, no mockery",,IMG53,5-8s primary hold; gentle push or parallax allowed. No slideshow freeze.,No evidentiary label. Generated material must be marked as reconstruction/illustration where required.,Map HTML-unescaped voice anchors to final narrator word timestamps. Cue starts on first anchor word and ends on last anchor word.
EP04_V2_C071,S9,Der offene Rest,544.0,552.0,"Am Ende bleibt also etwas","Chakren wahr oder falsch sind.","Am Ende bleibt also etwas viel Interessanteres als die Frage, ob Chakren wahr oder falsch sind.",VECTOR_DIAGRAM,"final metaphor of a map over an inner landscape, quiet unresolved documentary image, refined editorial composition",,IMG54,5-8s primary hold; gentle push or parallax allowed. No slideshow freeze.,No evidentiary label. Generated material must be marked as reconstruction/illustration where required.,Map HTML-unescaped voice anchors to final narrator word timestamps. Cue starts on first anchor word and ends on last anchor word.
EP04_V2_C072,S9,Der offene Rest,552.0,560.0,"Jung nahm ein esoterisches Modell","Physik, sondern als Psychologie lesen?","Jung nahm ein esoterisches Modell und fragte: Was passiert, wenn wir es nicht als Physik, sondern als Psychologie lesen?",AI_RECON,"final metaphor of a map over an inner landscape, quiet unresolved documentary image, refined editorial composition",,IMG55,5-8s primary hold; gentle push or parallax allowed. No slideshow freeze.,No evidentiary label. Generated material must be marked as reconstruction/illustration where required.,Map HTML-unescaped voice anchors to final narrator word timestamps. Cue starts on first anchor word and ends on last anchor word.
EP04_V2_C073,S9,Der offene Rest,560.0,568.0,"Daraus entstand keine neue Anatomie.","Identifikation ueber Affekt und Beobachtung","Daraus entstand keine neue Anatomie. Es entstand eine Landkarte fuer Uebergaenge - von fester Identifikation ueber Affekt und Beobachtung",AI_RECON,"final metaphor of a map over an inner landscape, quiet unresolved documentary image, refined editorial composition",,IMG56,5-8s primary hold; gentle push or parallax allowed. No slideshow freeze.,No evidentiary label. Generated material must be marked as reconstruction/illustration where required.,Map HTML-unescaped voice anchors to final narrator word timestamps. Cue starts on first anchor word and ends on last anchor word.
EP04_V2_C074,S9,Der offene Rest,568.0,576.0,"bis zu immer abstrakteren Vorstellungen","warum solche Karten nicht verschwinden.","bis zu immer abstrakteren Vorstellungen vom Selbst. Vielleicht ist das der Grund, warum solche Karten nicht verschwinden.",AI_RECON,"final metaphor of a map over an inner landscape, quiet unresolved documentary image, refined editorial composition",,IMG57,5-8s primary hold; gentle push or parallax allowed. No slideshow freeze.,No evidentiary label. Generated material must be marked as reconstruction/illustration where required.,Map HTML-unescaped voice anchors to final narrator word timestamps. Cue starts on first anchor word and ends on last anchor word.
EP04_V2_C075,S9,Der offene Rest,576.0,584.0,"Sie liefern nicht nur Erklaerungen.","Gefuehl einen Ort auf einer","Sie liefern nicht nur Erklaerungen. Sie geben inneren Veraenderungen einen Ort. Und sobald ein Gefuehl einen Ort auf einer",AI_RECON,"final metaphor of a map over an inner landscape, quiet unresolved documentary image, refined editorial composition",,IMG58,5-8s primary hold; gentle push or parallax allowed. No slideshow freeze.,No evidentiary label. Generated material must be marked as reconstruction/illustration where required.,Map HTML-unescaped voice anchors to final narrator word timestamps. Cue starts on first anchor word and ends on last anchor word.
EP04_V2_C076,S9,Der offene Rest,584.0,592.0,"Karte bekommt, kann man sich","ist nicht das Gelaende. Aber","Karte bekommt, kann man sich zu ihm verhalten. Die Karte ist nicht das Gelaende. Aber",AI_RECON,"final metaphor of a map over an inner landscape, quiet unresolved documentary image, refined editorial composition",,IMG59,5-8s primary hold; gentle push or parallax allowed. No slideshow freeze.,No evidentiary label. Generated material must be marked as reconstruction/illustration where required.,Map HTML-unescaped voice anchors to final narrator word timestamps. Cue starts on first anchor word and ends on last anchor word.
EP04_V2_C077,S9,Der offene Rest,592.0,598.0,"manchmal bemerkt man erst durch","dass man sich ueberhaupt bewegt.","manchmal bemerkt man erst durch eine Karte, dass man sich ueberhaupt bewegt.",AI_RECON,"final metaphor of a map over an inner landscape, quiet unresolved documentary image, refined editorial composition",,IMG60,5-8s primary hold; gentle push or parallax allowed. No slideshow freeze.,No evidentiary label. Generated material must be marked as reconstruction/illustration where required.,Map HTML-unescaped voice anchors to final narrator word timestamps. Cue starts on first anchor word and ends on last anchor word.
