event,record_in_seconds,record_out_seconds,duration_seconds,record_in_frame,record_out_frame,visual_state_id,primary_asset_id,semantic_mode,internal_mode,motion_class,selected_file_path,first_cue,last_cue,viewer_function,long_hold_reason
KZ-EDL-001,0.000,2.800,2.800,0,70,KZ_CLIP_ROTATION_HOOK,KZ_CLIP_ROTATION_HOOK,PHYSICAL_CHAMBER,RECONSTRUCTION,PROGRESSIVE_MOTION,04_ASSETS/CLIPS/CONFORMED_25FPS/KZ_CLIP_ROTATION_HOOK.mp4,KZ-CUE-001,KZ-CUE-001,Open on the physical rotation question; 2.02-second concrete motion beat,
KZ-EDL-002,2.800,9.200,6.400,70,230,KZ_DATA_PATENT_FILING_ANCHOR,KZ_SEQ_PATENT_HOOK,CONTEMPORARY_CONTEXT,DATA_SOURCE_ANCHOR,STATIC_OR_NEAR_STATIC,04_ASSETS/GENERATED/FINAL_DOCUMENT_TIMELINE/KZ_DATA_PATENT_FILING_ANCHOR.png,KZ-CUE-002,KZ-CUE-002,Verified 1996 filing anchor before the legend expands,
KZ-EDL-003,9.200,15.640,6.440,230,391,KZ_DOC_002,KZ_SEQ_PATENT_HOOK,DOCUMENT_EVIDENCE,ORIGINAL_DOCUMENT,STATIC_OR_NEAR_STATIC,04_ASSETS/GENERATED/DOCUMENT_EVIDENCE/KZ_DOC_002.png,KZ-CUE-003,KZ-CUE-003,Reveal the clinical title as an exact document crop,
KZ-EDL-004,15.640,20.880,5.240,391,522,KZ_CARD_MEDICAL_TO_TIME_MACHINE,KZ_SEQ_PATENT_HOOK,EXPLANATORY_GRAPHIC,EXPLANATORY_MODEL,STATIC_OR_NEAR_STATIC,04_ASSETS/GENERATED/DETERMINISTIC/KZ_CARD_MEDICAL_TO_TIME_MACHINE.png,KZ-CUE-004,KZ-CUE-004,Make the medical-device versus time-machine escalation legible,
KZ-EDL-005,20.880,23.880,3.000,522,597,KZ_SRC_KOZYREV_PORTRAIT_1983,KZ_SEQ_1983_1996_CONTRADICTION,PERSON_HISTORY,ARCHIVE,STATIC_OR_NEAR_STATIC,04_ASSETS/GENERATED/DETERMINISTIC/KZ_SRC_KOZYREV_PORTRAIT_1983.png,KZ-CUE-005,KZ-CUE-005,Show Kozyrev at the death-date biography beat,
KZ-EDL-006,23.880,29.720,5.840,597,743,KZ_SRC_INVENTOR_PAIR_1996,KZ_SEQ_1983_1996_CONTRADICTION,PERSON_HISTORY,ARCHIVE,STATIC_OR_NEAR_STATIC,04_ASSETS/GENERATED/DETERMINISTIC/KZ_SRC_INVENTOR_PAIR_1996.png,KZ-CUE-006,KZ-CUE-006,Show Kaznacheev and Trofimov when the later filing is named,
KZ-EDL-007,29.720,35.720,6.000,743,893,KZ_CARD_1983_1996_CONTRADICTION,KZ_SEQ_1983_1996_CONTRADICTION,EXPLANATORY_GRAPHIC,EXPLANATORY_MODEL,STATIC_OR_NEAR_STATIC,04_ASSETS/GENERATED/DETERMINISTIC/KZ_CARD_1983_1996_CONTRADICTION.png,KZ-CUE-007,KZ-CUE-008,Resolve the thirteen-year contradiction without implying Kozyrev built the device,
KZ-EDL-008,35.720,37.760,2.040,893,944,KZ_EN_HERO01,KZ_EN_HERO01,PHYSICAL_CHAMBER,RECONSTRUCTION,STATIC_OR_NEAR_STATIC,04_ASSETS/GENERATED/NANO_BANANA_PRO/KZ_EN_HERO01.png,KZ-CUE-009,KZ-CUE-009,Return once to the accepted chamber geometry for the second contradiction,
KZ-EDL-009,37.760,39.640,1.880,944,991,KZ_FIG_PATENT_CYLINDER,KZ_SEQ_PATENT_CONFIGURATIONS,DOCUMENT_EVIDENCE,ORIGINAL_TECHNICAL_FIGURE,STATIC_OR_NEAR_STATIC,04_ASSETS/GENERATED/FINAL_DOCUMENT_TIMELINE/KZ_FIG_PATENT_CYLINDER.png,KZ-CUE-010,KZ-CUE-010,Match the cylinder configuration claim to the patent figure,
KZ-EDL-010,39.640,41.120,1.480,991,1028,KZ_MODEL_CLOCKWISE_SPIRAL,KZ_SEQ_PATENT_CONFIGURATIONS,EXPLANATORY_GRAPHIC,EXPLANATORY_MODEL,STATIC_OR_NEAR_STATIC,04_ASSETS/GENERATED/FINAL_DOCUMENT_TIMELINE/KZ_MODEL_CLOCKWISE_SPIRAL.png,KZ-CUE-011,KZ-CUE-011,Match clockwise spiral wording to the patent geometry,
KZ-EDL-011,41.120,43.200,2.080,1028,1080,KZ_MODEL_PATENT_FIG3_CCW,KZ_SEQ_PATENT_CONFIGURATIONS,EXPLANATORY_GRAPHIC,EXPLANATORY_MODEL,STATIC_OR_NEAR_STATIC,04_ASSETS/GENERATED/DETERMINISTIC/KZ_MODEL_PATENT_FIG3_CCW.png,KZ-CUE-012,KZ-CUE-012,Mirror the verified geometry as an explicitly explanatory counterclockwise state,
KZ-EDL-012,43.200,47.080,3.880,1080,1177,KZ_FIG_PATENT_MOTORIZED_PLATFORM,KZ_SEQ_PATENT_CONFIGURATIONS,DOCUMENT_EVIDENCE,ORIGINAL_TECHNICAL_FIGURE,STATIC_OR_NEAR_STATIC,04_ASSETS/GENERATED/FINAL_DOCUMENT_TIMELINE/KZ_FIG_PATENT_MOTORIZED_PLATFORM.png,KZ-CUE-013,KZ-CUE-013,Show the motorized patent configuration at the rotation claim,
KZ-EDL-013,47.080,48.840,1.760,1177,1221,KZ_EN_REC01_ENTERING,KZ_EN_REC01_ENTERING,PHYSICAL_CHAMBER,RECONSTRUCTION,STATIC_OR_NEAR_STATIC,04_ASSETS/GENERATED/NANO_BANANA_PRO/KZ_EN_REC01_ENTERING.png,KZ-CUE-014,KZ-CUE-014,"Human scale and entry, with no meditation or effect claim",
KZ-EDL-014,48.840,55.680,6.840,1221,1392,KZ_FILM_LUNAR_STORM_SESSION,KZ_SRC_PATENT_LUNAR_GEOMAGNETIC,SUBJECTIVE_MYSTICAL,CLAIM_VISUALIZATION,STATIC_OR_NEAR_STATIC,04_ASSETS/GENERATED/NATIVE_IMAGEGEN/FINAL_DOCUMENT_REPAIR/KZ_FILM_LUNAR_STORM_SESSION.png,KZ-CUE-015,KZ-CUE-015,Attribute moon and storm conditions to the patent text,
KZ-EDL-015,55.680,58.120,2.440,1392,1453,KZ_CARD_THREE_THEORIES_OPEN,KZ_SEQ_THREE_THEORIES_INTRO,EXPLANATORY_GRAPHIC,EXPLANATORY_MODEL,STATIC_OR_NEAR_STATIC,04_ASSETS/GENERATED/DETERMINISTIC/KZ_CARD_THREE_THEORIES_OPEN.png,KZ-CUE-016,KZ-CUE-016,Open the three-way interpretive fork,
KZ-EDL-016,58.120,60.440,2.320,1453,1511,KZ_MYSTIC_THEORY_ISOLATION,KZ_SEQ_THREE_THEORIES_INTRO,SUBJECTIVE_MYSTICAL,INNER_HYPOTHESIS,STATIC_OR_NEAR_STATIC,04_ASSETS/GENERATED/NATIVE_IMAGEGEN/EXPERIENTIAL_UPGRADE/KZ_MYSTIC_THEORY_ISOLATION.png,KZ-CUE-017,KZ-CUE-017,First competing explanation: isolation,
KZ-EDL-017,60.440,62.680,2.240,1511,1567,KZ_PHYSICAL_THEORY_BODY_BOUNDARY,KZ_SEQ_THREE_THEORIES_INTRO,PHYSICAL_CHAMBER,RECONSTRUCTION,STATIC_OR_NEAR_STATIC,04_ASSETS/GENERATED/NATIVE_IMAGEGEN/EXPERIENTIAL_UPGRADE/KZ_PHYSICAL_THEORY_BODY_BOUNDARY.png,KZ-CUE-018,KZ-CUE-018,Second competing explanation: ordinary physical change,
KZ-EDL-018,62.680,65.520,2.840,1567,1638,KZ_MYSTIC_THEORY_INFORMATION_REFLECTION,KZ_SEQ_THREE_THEORIES_INTRO,SUBJECTIVE_MYSTICAL,INNER_HYPOTHESIS,STATIC_OR_NEAR_STATIC,04_ASSETS/GENERATED/NATIVE_IMAGEGEN/EXPERIENTIAL_UPGRADE/KZ_MYSTIC_THEORY_INFORMATION_REFLECTION.png,KZ-CUE-019,KZ-CUE-019,Third competing explanation: information access,
KZ-EDL-019,65.520,70.360,4.840,1638,1759,KZ_HISTORY_PULKOVO_OBSERVATORY,KZ_SEQ_KOZYREV_BIO_IDEA,PERSON_HISTORY,ARCHIVE,STATIC_OR_NEAR_STATIC,04_ASSETS/GENERATED/DETERMINISTIC/KZ_HISTORY_PULKOVO_OBSERVATORY.png,KZ-CUE-020,KZ-CUE-020,Use a genuinely different authenticated Kozyrev image from the earlier death-date block,
KZ-EDL-020,70.360,75.680,5.320,1759,1892,KZ_HISTORY_PULKOVO_REFRACTOR,KZ_SEQ_KOZYREV_BIO_IDEA,PERSON_HISTORY,ARCHIVE,STATIC_OR_NEAR_STATIC,04_ASSETS/GENERATED/DETERMINISTIC/KZ_HISTORY_PULKOVO_REFRACTOR.png,KZ-CUE-021,KZ-CUE-021,Move from the second portrait to a different authenticated astronomy context; no long portrait hold,
KZ-EDL-021,75.680,77.920,2.240,1892,1948,KZ_MYSTIC_TIME_ACTIVE_AFTERIMAGE,KZ_SEQ_KOZYREV_BIO_IDEA,SUBJECTIVE_MYSTICAL,INNER_HYPOTHESIS,STATIC_OR_NEAR_STATIC,04_ASSETS/GENERATED/NATIVE_IMAGEGEN/EXPERIENTIAL_UPGRADE/KZ_MYSTIC_TIME_ACTIVE_AFTERIMAGE.png,KZ-CUE-022,KZ-CUE-022,Shift from person to the specific speculative idea,
KZ-EDL-022,77.920,89.400,11.480,1948,2235,KZ_CLIP_INTERNAL_TIME_CONTINUOUS,KZ_INNER01_INTERNAL_TIME,SUBJECTIVE_MYSTICAL,INNER_HYPOTHESIS,PROGRESSIVE_MOTION,04_ASSETS/CLIPS/CONFORMED_25FPS/KZ_CLIP_INTERNAL_TIME_CONTINUOUS.mp4,KZ-CUE-023,KZ-CUE-025,One continuously evolving internal-time sequence; never restart or recycle it,"The single uninterrupted sequence visibly evolves through dust, condensation and delayed reflection as the three spoken claims escalate; a camera move alone is insufficient."
KZ-EDL-023,89.400,94.800,5.400,2235,2370,KZ_SRC_KAZNACHEEV_TROFIMOV_PAIR,KZ_SEQ_RESEARCHER_IDENTITIES,PERSON_HISTORY,ARCHIVE,STATIC_OR_NEAR_STATIC,04_ASSETS/GENERATED/DETERMINISTIC/KZ_SRC_KAZNACHEEV_TROFIMOV_PAIR.png,KZ-CUE-026,KZ-CUE-026,Show both later researchers at their first research-history beat,
KZ-EDL-024,94.800,100.280,5.480,2370,2507,KZ_DOC_028,KZ_SEQ_RESEARCHER_IDENTITIES,DOCUMENT_EVIDENCE,ORIGINAL_DOCUMENT,STATIC_OR_NEAR_STATIC,04_ASSETS/GENERATED/DOCUMENT_EVIDENCE/KZ_DOC_028.png,KZ-CUE-027,KZ-CUE-027,"Connect the named researchers to their documented work, not a generic chamber",
KZ-EDL-025,100.280,104.440,4.160,2507,2611,KZ_MYSTIC_THREE_STORIES_COLLAPSE,KZ_SEQ_THREE_STREAMS,SUBJECTIVE_MYSTICAL,INNER_HYPOTHESIS,STATIC_OR_NEAR_STATIC,04_ASSETS/GENERATED/NATIVE_IMAGEGEN/EXPERIENTIAL_UPGRADE/KZ_MYSTIC_THREE_STORIES_COLLAPSE.png,KZ-CUE-028,KZ-CUE-028,Visualize the online collapse of three distinct histories,
KZ-EDL-026,104.440,106.040,1.600,2611,2651,KZ_CARD_STREAM_KOZYREV_TIME,KZ_SEQ_THREE_STREAMS,PERSON_HISTORY,EXPLANATORY_MODEL,STATIC_OR_NEAR_STATIC,04_ASSETS/GENERATED/DETERMINISTIC/KZ_CARD_STREAM_KOZYREV_TIME.png,KZ-CUE-029,KZ-CUE-029,Identify stream one: Kozyrev's time theory,
KZ-EDL-027,106.040,109.600,3.560,2651,2740,KZ_RESEARCHERS_NIGHT_LAB,KZ_SEQ_THREE_STREAMS,PHYSICAL_CHAMBER,RECONSTRUCTION,STATIC_OR_NEAR_STATIC,04_ASSETS/GENERATED/NATIVE_IMAGEGEN/EXPERIENTIAL_UPGRADE/KZ_RESEARCHERS_NIGHT_LAB.png,KZ-CUE-030,KZ-CUE-030,Identify stream two: later experiments,
KZ-EDL-028,109.600,113.080,3.480,2740,2827,KZ_CARD_STREAM_PATENT,KZ_SEQ_THREE_STREAMS,EXPLANATORY_GRAPHIC,EXPLANATORY_MODEL,STATIC_OR_NEAR_STATIC,04_ASSETS/GENERATED/DETERMINISTIC/KZ_CARD_STREAM_PATENT.png,KZ-CUE-031,KZ-CUE-031,Identify stream three: the aluminum medical patent,
KZ-EDL-029,113.080,114.880,1.800,2827,2872,KZ_MYSTIC_SEPARATE_THREADS,KZ_SEQ_THREE_STREAMS,SUBJECTIVE_MYSTICAL,INNER_HYPOTHESIS,STATIC_OR_NEAR_STATIC,04_ASSETS/GENERATED/NATIVE_IMAGEGEN/EXPERIENTIAL_UPGRADE/KZ_MYSTIC_SEPARATE_THREADS.png,KZ-CUE-032,KZ-CUE-032,Restore the documentary separation between the three streams,
KZ-EDL-030,114.880,117.560,2.680,2872,2939,KZ_EN_REC04_CHAMBER_REVERSE_WIDE,KZ_EN_REC04_CHAMBER_REVERSE_WIDE,PHYSICAL_CHAMBER,RECONSTRUCTION,STATIC_OR_NEAR_STATIC,04_ASSETS/GENERATED/NATIVE_IMAGEGEN/KZ_EN_REC04_CHAMBER_REVERSE_WIDE.png,KZ-CUE-033,KZ-CUE-033,New reverse-angle chamber moment before the physical specifications,
KZ-EDL-031,117.560,121.960,4.400,2939,3049,KZ_PHYSICAL_PANEL_SCALE,KZ_SEQ_PATENT_PHYSICAL_DESIGN,PHYSICAL_CHAMBER,RECONSTRUCTION,STATIC_OR_NEAR_STATIC,04_ASSETS/GENERATED/NATIVE_IMAGEGEN/CLUSTER_BREAKS/KZ_PHYSICAL_PANEL_SCALE.png,KZ-CUE-034,KZ-CUE-034,Show the 2.8-metre limit where it is spoken,
KZ-EDL-032,121.960,124.720,2.760,3049,3118,KZ_FILM_ALUMINUM_SURFACE_MACRO,KZ_SEQ_PATENT_PHYSICAL_DESIGN,PHYSICAL_CHAMBER,PHYSICAL_DETAIL,STATIC_OR_NEAR_STATIC,04_ASSETS/GENERATED/NATIVE_IMAGEGEN/FINAL_DOCUMENT_REPAIR/KZ_FILM_ALUMINUM_SURFACE_MACRO.png,KZ-CUE-035,KZ-CUE-035,Use the patent's material wording instead of cropping the later HERO02 payoff,
KZ-EDL-033,124.720,130.360,5.640,3118,3259,KZ_DOC_032,KZ_SEQ_PATENT_PHYSICAL_DESIGN,DOCUMENT_EVIDENCE,ORIGINAL_DOCUMENT,STATIC_OR_NEAR_STATIC,04_ASSETS/GENERATED/DOCUMENT_EVIDENCE/KZ_DOC_032.png,KZ-CUE-036,KZ-CUE-036,Show the proposed fifty-centimetre focus in the patent,
KZ-EDL-034,130.360,134.120,3.760,3259,3353,KZ_PHYSICAL_PANEL_ARRAY,KZ_SEQ_PATENT_PHYSICAL_DESIGN,PHYSICAL_CHAMBER,RECONSTRUCTION,STATIC_OR_NEAR_STATIC,04_ASSETS/GENERATED/NATIVE_IMAGEGEN/CLUSTER_BREAKS/KZ_PHYSICAL_PANEL_ARRAY.png,KZ-CUE-037,KZ-CUE-037,Show the four-to-ten panel range,
KZ-EDL-035,134.120,137.480,3.360,3353,3437,KZ_MODEL_DIRECTION_COMPARE,KZ_SEQ_PATENT_PHYSICAL_DESIGN,EXPLANATORY_GRAPHIC,EXPLANATORY_MODEL,STATIC_OR_NEAR_STATIC,04_ASSETS/GENERATED/DETERMINISTIC/KZ_MODEL_DIRECTION_COMPARE.png,KZ-CUE-038,KZ-CUE-038,Compare clockwise and counterclockwise geometry without faking a source page,
KZ-EDL-036,137.480,138.960,1.480,3437,3474,KZ_MODEL_ROTATION_CUTAWAY,KZ_SEQ_PATENT_PHYSICAL_DESIGN,EXPLANATORY_GRAPHIC,EXPLANATORY_MODEL,STATIC_OR_NEAR_STATIC,04_ASSETS/GENERATED/DETERMINISTIC/KZ_MODEL_ROTATION_CUTAWAY.png,KZ-CUE-039,KZ-CUE-039,Use a new cutaway state rather than returning to the earlier figure-four export,
KZ-EDL-037,138.960,140.960,2.000,3474,3524,KZ_MYSTIC_DIRECTION_REFLECTION,KZ_SEQ_PATENT_CONDITIONS_QUESTIONS,SUBJECTIVE_MYSTICAL,INNER_HYPOTHESIS,STATIC_OR_NEAR_STATIC,04_ASSETS/GENERATED/NATIVE_IMAGEGEN/EXPERIENTIAL_UPGRADE/KZ_MYSTIC_DIRECTION_REFLECTION.png,KZ-CUE-040,KZ-CUE-040,Turn direction into a clear unresolved question,
KZ-EDL-038,140.960,146.640,5.680,3524,3666,KZ_MYSTIC_LUNAR_REFLECTION,KZ_SEQ_PATENT_CONDITIONS_QUESTIONS,SUBJECTIVE_MYSTICAL,SUBJECTIVE_HYPOTHESIS,STATIC_OR_NEAR_STATIC,04_ASSETS/GENERATED/NATIVE_IMAGEGEN/EXPERIENTIAL_UPGRADE/KZ_MYSTIC_LUNAR_REFLECTION.png,KZ-CUE-041,KZ-CUE-042,Turn lunar timing into a clear unresolved question,
KZ-EDL-039,146.640,155.840,9.200,3666,3896,KZ_CLIP_FIELD_CONCENTRATION_PROPOSAL,KZ_SEQ_PATENT_CLAIMS_BOUNDARY,EXPLANATORY_GRAPHIC,CLAIM_VISUALIZATION,PROGRESSIVE_MOTION,04_ASSETS/CLIPS/LOCAL_PROGRESSIVE/KZ_CLIP_FIELD_CONCENTRATION_PROPOSAL.mp4,KZ-CUE-043,KZ-CUE-044,Frame the next explanation explicitly as the inventors' answer,One continuous 9.20-second proposal sequence adds field paths and convergence instead of holding a static graphic.
KZ-EDL-040,155.840,160.800,4.960,3896,4020,KZ_FILM_HELIOGEOPHYSICAL_CHAMBER,KZ_SEQ_PATENT_CLAIMS_BOUNDARY,SUBJECTIVE_MYSTICAL,CLAIM_VISUALIZATION,STATIC_OR_NEAR_STATIC,04_ASSETS/GENERATED/NATIVE_IMAGEGEN/FINAL_DOCUMENT_REPAIR/KZ_FILM_HELIOGEOPHYSICAL_CHAMBER.png,KZ-CUE-045,KZ-CUE-045,Show the exact heliogeophysical attribution,
KZ-EDL-041,160.800,164.400,3.600,4020,4110,KZ_CARD_PATENT_RECORDS_CLAIM,KZ_SEQ_PATENT_CLAIMS_BOUNDARY,EXPLANATORY_GRAPHIC,EPISTEMIC_GRAPHIC,STATIC_OR_NEAR_STATIC,04_ASSETS/GENERATED/DETERMINISTIC/KZ_CARD_PATENT_RECORDS_CLAIM.png,KZ-CUE-046,KZ-CUE-047,Put the claims back beside the people who made them,
KZ-EDL-042,164.400,166.680,2.280,4110,4167,KZ_CARD_CLAIM_NOT_PROOF,KZ_SEQ_PATENT_CLAIMS_BOUNDARY,EXPLANATORY_GRAPHIC,EXPLANATORY_MODEL,STATIC_OR_NEAR_STATIC,04_ASSETS/GENERATED/DETERMINISTIC/KZ_CARD_CLAIM_NOT_PROOF.png,KZ-CUE-048,KZ-CUE-048,Hold the evidence boundary: claim is not proof,
KZ-EDL-043,166.680,171.440,4.760,4167,4286,KZ_DOC_013,KZ_SEQ_RESEARCHERS_LATER_WORK,DOCUMENT_EVIDENCE,ORIGINAL_DOCUMENT,STATIC_OR_NEAR_STATIC,04_ASSETS/GENERATED/DOCUMENT_EVIDENCE/KZ_DOC_013.png,KZ-CUE-049,KZ-CUE-049,Return to both researchers as the story leaves medicine,
KZ-EDL-044,171.440,175.520,4.080,4286,4388,KZ_DOC_014,KZ_SEQ_RESEARCHERS_LATER_WORK,DOCUMENT_EVIDENCE,ORIGINAL_DOCUMENT,STATIC_OR_NEAR_STATIC,04_ASSETS/GENERATED/DOCUMENT_EVIDENCE/KZ_DOC_014.png,KZ-CUE-050,KZ-CUE-050,Show their modeled-Kozyrev-space publication,
KZ-EDL-045,175.520,178.160,2.640,4388,4454,KZ_MYSTIC_INTERNAL_TIME_REFRACTION,KZ_SRC_2006_ALTERED_INTERNAL_TIME,SUBJECTIVE_MYSTICAL,SUBJECTIVE_HYPOTHESIS,STATIC_OR_NEAR_STATIC,04_ASSETS/GENERATED/NATIVE_IMAGEGEN/EXPERIENTIAL_UPGRADE/KZ_MYSTIC_INTERNAL_TIME_REFRACTION.png,KZ-CUE-051,KZ-CUE-051,Use a new publication detail; do not restart the earlier internal-time image,
KZ-EDL-046,178.160,185.640,7.480,4454,4641,KZ_CLIP_DISTANT_IMAGE_CONTINUOUS,KZ_INNER02_DISTANT_IMAGE,SUBJECTIVE_MYSTICAL,INNER_HYPOTHESIS,PROGRESSIVE_MOTION,04_ASSETS/CLIPS/CONFORMED_25FPS/KZ_CLIP_DISTANT_IMAGE_CONTINUOUS.mp4,KZ-CUE-052,KZ-CUE-053,"One continuously evolving distant-image sequence; no portal, beam, badge or restart",
KZ-EDL-047,185.640,189.200,3.560,4641,4730,KZ_HERO01_REFLECTION_STATE,KZ_SEQ_CHAMBER_EXPERIENCE,PHYSICAL_CHAMBER,RECONSTRUCTION,STATIC_OR_NEAR_STATIC,04_ASSETS/GENERATED/NATIVE_IMAGEGEN/KZ_HERO01_REFLECTION_STATE.png,KZ-CUE-054,KZ-CUE-054,Return to the metal reflector with a distinct slow reflective motion state,
KZ-EDL-048,189.200,192.880,3.680,4730,4822,KZ_EN_REC02_SEATED_NEUTRAL,KZ_SEQ_CHAMBER_EXPERIENCE,PHYSICAL_CHAMBER,RECONSTRUCTION,STATIC_OR_NEAR_STATIC,04_ASSETS/GENERATED/NATIVE_IMAGEGEN/KZ_EN_REC02_SEATED_NEUTRAL.png,KZ-CUE-055,KZ-CUE-055,Place a neutral participant inside for the experience question,
KZ-EDL-049,192.880,196.880,4.000,4822,4922,KZ_CARD_THEORY_FORK_RETURN,KZ_SEQ_THEORY_PSYCHOLOGY,EXPLANATORY_GRAPHIC,EXPLANATORY_MODEL,STATIC_OR_NEAR_STATIC,04_ASSETS/GENERATED/DETERMINISTIC/KZ_CARD_THEORY_FORK_RETURN.png,KZ-CUE-056,KZ-CUE-056,Re-open the three explanations before testing them,
KZ-EDL-050,196.880,198.560,1.680,4922,4964,KZ_CARD_THEORY_ISOLATION_ACTIVE,KZ_SEQ_THEORY_PSYCHOLOGY,EXPLANATORY_GRAPHIC,EXPLANATORY_MODEL,STATIC_OR_NEAR_STATIC,04_ASSETS/GENERATED/DETERMINISTIC/KZ_CARD_THEORY_ISOLATION_ACTIVE.png,KZ-CUE-057,KZ-CUE-057,Activate the psychological branch,
KZ-EDL-051,198.560,208.520,9.960,4964,5213,KZ_CLIP_ISOLATION_SENSORY_CONTINUOUS,KZ_SEQ_THEORY_PSYCHOLOGY,PHYSICAL_CHAMBER,RECONSTRUCTION,PROGRESSIVE_MOTION,04_ASSETS/CLIPS/CONFORMED_25FPS/KZ_CLIP_ISOLATION_SENSORY_CONTINUOUS.mp4,KZ-CUE-058,KZ-CUE-058,One evolving sensory-isolation sequence with new information throughout the long sentence,"The participant, acoustics, light and body-orientation cues develop across the sentence; the sequence cannot be a held still or simple zoom."
KZ-EDL-052,208.520,213.040,4.520,5213,5326,KZ_SENSORY_HAND_ON_ALUMINUM,KZ_SEQ_THEORY_PSYCHOLOGY,PHYSICAL_CHAMBER,RECONSTRUCTION,STATIC_OR_NEAR_STATIC,04_ASSETS/GENERATED/NATIVE_IMAGEGEN/CLUSTER_BREAKS/KZ_SENSORY_HAND_ON_ALUMINUM.png,KZ-CUE-059,KZ-CUE-059,Separate genuine experience from external information,
KZ-EDL-053,213.040,216.360,3.320,5326,5409,KZ_CARD_THEORY_PHYSICAL_ACTIVE,KZ_SEQ_THEORY_PHYSICAL,EXPLANATORY_GRAPHIC,EXPLANATORY_MODEL,STATIC_OR_NEAR_STATIC,04_ASSETS/GENERATED/DETERMINISTIC/KZ_CARD_THEORY_PHYSICAL_ACTIVE.png,KZ-CUE-060,KZ-CUE-060,Activate the ordinary physical branch,
KZ-EDL-054,216.360,224.120,7.760,5409,5603,KZ_CLIP_PHYSICAL_VARIABLES_SENSOR_RIG,KZ_SEQ_THEORY_PHYSICAL,PHYSICAL_CHAMBER,RECONSTRUCTION,PROGRESSIVE_MOTION,04_ASSETS/CLIPS/CONFORMED_25FPS/KZ_CLIP_PHYSICAL_VARIABLES_SENSOR_RIG.mp4,KZ-CUE-061,KZ-CUE-061,"Map sound, temperature, reflections and body sensing onto physical details",
KZ-EDL-055,224.120,225.600,1.480,5603,5640,KZ_CARD_PHYSICAL_VARIABLES,KZ_SEQ_THEORY_PHYSICAL,EXPLANATORY_GRAPHIC,EXPLANATORY_MODEL,STATIC_OR_NEAR_STATIC,04_ASSETS/GENERATED/DETERMINISTIC/KZ_CARD_PHYSICAL_VARIABLES.png,KZ-CUE-062,KZ-CUE-062,Keep the measurable ordinary variables available at both logic beats,
KZ-EDL-056,225.600,227.640,2.040,5640,5691,KZ_MYSTIC_MEASURABLE_NOT_TRAVEL,KZ_SEQ_THEORY_PHYSICAL,SUBJECTIVE_MYSTICAL,RECONSTRUCTION,STATIC_OR_NEAR_STATIC,04_ASSETS/GENERATED/NATIVE_IMAGEGEN/EXPERIENTIAL_UPGRADE/KZ_MYSTIC_MEASURABLE_NOT_TRAVEL.png,KZ-CUE-063,KZ-CUE-063,Explicitly separate measurement from time travel,
KZ-EDL-057,227.640,231.240,3.600,5691,5781,KZ_CARD_THEORY_INFORMATION_ACTIVE,KZ_SEQ_THEORY_INFORMATION_TEST,EXPLANATORY_GRAPHIC,EXPLANATORY_MODEL,STATIC_OR_NEAR_STATIC,04_ASSETS/GENERATED/DETERMINISTIC/KZ_CARD_THEORY_INFORMATION_ACTIVE.png,KZ-CUE-064,KZ-CUE-064,Activate the proponents' extraordinary branch,
KZ-EDL-058,231.240,235.680,4.440,5781,5892,KZ_OBSERVER_DISTANCE_REFLECTION,KZ_SEQ_THEORY_INFORMATION_TEST,SUBJECTIVE_MYSTICAL,INNER_HYPOTHESIS,STATIC_OR_NEAR_STATIC,04_ASSETS/GENERATED/NATIVE_IMAGEGEN/CLUSTER_BREAKS/KZ_OBSERVER_DISTANCE_REFLECTION.png,KZ-CUE-065,KZ-CUE-065,Use a new theory diagram rather than returning to the distant-image sequence,
KZ-EDL-059,235.680,238.120,2.440,5892,5953,KZ_MYSTIC_EXTRAORDINARY_POSSIBILITY,KZ_SEQ_THEORY_INFORMATION_TEST,SUBJECTIVE_MYSTICAL,INNER_HYPOTHESIS,STATIC_OR_NEAR_STATIC,04_ASSETS/GENERATED/NATIVE_IMAGEGEN/EXPERIENTIAL_UPGRADE/KZ_MYSTIC_EXTRAORDINARY_POSSIBILITY.png,KZ-CUE-066,KZ-CUE-066,Name the extraordinary possibility without endorsing it,
KZ-EDL-060,238.120,241.600,3.480,5953,6040,KZ_CARD_CLEAN_TEST,KZ_SEQ_THEORY_INFORMATION_TEST,EXPLANATORY_GRAPHIC,EXPLANATORY_MODEL,STATIC_OR_NEAR_STATIC,04_ASSETS/GENERATED/DETERMINISTIC/KZ_CARD_CLEAN_TEST.png,KZ-CUE-067,KZ-CUE-067,Pivot from mystery to a decisive test,
KZ-EDL-061,241.600,244.080,2.480,6040,6102,KZ_SUBJECTIVE_REPORT_HAND,KZ_SEQ_THEORY_INFORMATION_TEST,PHYSICAL_CHAMBER,RECONSTRUCTION,STATIC_OR_NEAR_STATIC,04_ASSETS/GENERATED/NATIVE_IMAGEGEN/CLUSTER_BREAKS/KZ_SUBJECTIVE_REPORT_HAND.png,KZ-CUE-068,KZ-CUE-068,Reject subjective feeling as the decisive outcome,
KZ-EDL-062,244.080,248.560,4.480,6102,6214,KZ_CLIP_INFORMATION_BEFORE_REVEAL,KZ_SEQ_THEORY_INFORMATION_TEST,SUBJECTIVE_MYSTICAL,INNER_HYPOTHESIS,PROGRESSIVE_MOTION,04_ASSETS/CLIPS/LOCAL_PROGRESSIVE/KZ_CLIP_INFORMATION_BEFORE_REVEAL.mp4,KZ-CUE-069,KZ-CUE-069,Define the target outcome: information not already knowable,
KZ-EDL-063,248.560,250.880,2.320,6214,6272,KZ_TARGET_GRID_SEALED,KZ_SEQ_BLIND_TARGET_PROTOCOL,EXPERIMENT_PROTOCOL,EXPLANATORY_MODEL,STATIC_OR_NEAR_STATIC,04_ASSETS/GENERATED/DETERMINISTIC/KZ_TARGET_GRID_SEALED.png,KZ-CUE-070,KZ-CUE-070,Introduce four fixed sealed targets,
KZ-EDL-064,250.880,252.960,2.080,6272,6324,KZ_TARGET01_LIGHTHOUSE,KZ_SEQ_BLIND_TARGET_PROTOCOL,TARGET_IMAGE,EXPLANATORY_MODEL,STATIC_OR_NEAR_STATIC,04_ASSETS/GENERATED/NATIVE_IMAGEGEN/KZ_TARGET01_LIGHTHOUSE.png,KZ-CUE-071,KZ-CUE-071,Show the lighthouse target exactly when named,
KZ-EDL-065,252.960,254.800,1.840,6324,6370,KZ_TARGET02_VIOLIN,KZ_SEQ_BLIND_TARGET_PROTOCOL,TARGET_IMAGE,EXPLANATORY_MODEL,STATIC_OR_NEAR_STATIC,04_ASSETS/GENERATED/NATIVE_IMAGEGEN/KZ_TARGET02_VIOLIN.png,KZ-CUE-072,KZ-CUE-072,Show the violin target exactly when named,
KZ-EDL-066,254.800,256.960,2.160,6370,6424,KZ_TARGET03_BURNING_CAR,KZ_SEQ_BLIND_TARGET_PROTOCOL,TARGET_IMAGE,EXPLANATORY_MODEL,STATIC_OR_NEAR_STATIC,04_ASSETS/GENERATED/NATIVE_IMAGEGEN/KZ_TARGET03_BURNING_CAR.png,KZ-CUE-073,KZ-CUE-073,Show the burning-car target exactly when named,
KZ-EDL-067,256.960,259.040,2.080,6424,6476,KZ_TARGET04_WHITE_HORSE,KZ_SEQ_BLIND_TARGET_PROTOCOL,TARGET_IMAGE,EXPLANATORY_MODEL,STATIC_OR_NEAR_STATIC,04_ASSETS/GENERATED/NATIVE_IMAGEGEN/KZ_TARGET04_WHITE_HORSE.png,KZ-CUE-074,KZ-CUE-074,Show the horse target exactly when named,
KZ-EDL-068,259.040,261.280,2.240,6476,6532,KZ_TARGET_GRID_CHOOSE,KZ_SEQ_BLIND_TARGET_PROTOCOL,EXPERIMENT_PROTOCOL,EXPLANATORY_MODEL,STATIC_OR_NEAR_STATIC,04_ASSETS/GENERATED/DETERMINISTIC/KZ_TARGET_GRID_CHOOSE.png,KZ-CUE-075,KZ-CUE-075,Invite a viewer choice while all four targets remain visible,
KZ-EDL-069,261.280,262.920,1.640,6532,6573,KZ_TARGET_GRID_HOLD,KZ_SEQ_BLIND_TARGET_PROTOCOL,EXPERIMENT_PROTOCOL,EXPLANATORY_MODEL,STATIC_OR_NEAR_STATIC,04_ASSETS/GENERATED/DETERMINISTIC/KZ_TARGET_GRID_HOLD.png,KZ-CUE-076,KZ-CUE-076,Preserve the choice for the later reveal,
KZ-EDL-070,262.920,268.400,5.480,6573,6710,KZ_PROTOCOL_RANDOM_SELECTION,KZ_SEQ_BLIND_TARGET_PROTOCOL,EXPERIMENT_PROTOCOL,EXPLANATORY_MODEL,STATIC_OR_NEAR_STATIC,04_ASSETS/GENERATED/DETERMINISTIC/KZ_PROTOCOL_RANDOM_SELECTION.png,KZ-CUE-077,KZ-CUE-077,Show selection occurring only after chamber entry,
KZ-EDL-071,268.400,270.600,2.200,6710,6765,KZ_PROTOCOL_DOUBLE_BLIND,KZ_SEQ_BLIND_TARGET_PROTOCOL,EXPERIMENT_PROTOCOL,EXPLANATORY_MODEL,STATIC_OR_NEAR_STATIC,04_ASSETS/GENERATED/DETERMINISTIC/KZ_PROTOCOL_DOUBLE_BLIND.png,KZ-CUE-078,KZ-CUE-078,Make the nobody-knows condition unmistakable,
KZ-EDL-072,270.600,274.160,3.560,6765,6854,KZ_EN_REC03_PARTICIPANT_REPORT,KZ_SEQ_BLIND_TARGET_PROTOCOL,PHYSICAL_CHAMBER,RECONSTRUCTION,STATIC_OR_NEAR_STATIC,04_ASSETS/GENERATED/NATIVE_IMAGEGEN/KZ_EN_REC03_PARTICIPANT_REPORT.png,KZ-CUE-079,KZ-CUE-079,Show speech/drawing before target reveal,
KZ-EDL-073,274.160,280.160,6.000,6854,7004,KZ_PROTOCOL_JUDGING,KZ_SEQ_BLIND_TARGET_PROTOCOL,EXPERIMENT_PROTOCOL,EXPLANATORY_MODEL,STATIC_OR_NEAR_STATIC,04_ASSETS/GENERATED/DETERMINISTIC/KZ_PROTOCOL_JUDGING.png,KZ-CUE-080,KZ-CUE-080,Show independent pre-registered comparison against all four targets,
KZ-EDL-074,280.160,282.760,2.600,7004,7069,KZ_REPLICATION_CHAIN_LAB2,KZ_REPLICATION_CHAIN_LAB2,EXPERIMENT_PROTOCOL,EXPLANATORY_MODEL,STATIC_OR_NEAR_STATIC,04_ASSETS/GENERATED/DETERMINISTIC/KZ_REPLICATION_CHAIN_LAB2.png,KZ-CUE-081,KZ-CUE-081,Extend the procedure into a second laboratory,
KZ-EDL-075,282.760,289.560,6.800,7069,7239,KZ_TARGET_MATCH_LIGHTHOUSE,KZ_SEQ_MATCH_VS_CHANCE,TARGET_IMAGE,EXPLANATORY_MODEL,STATIC_OR_NEAR_STATIC,04_ASSETS/GENERATED/DETERMINISTIC/KZ_TARGET_MATCH_LIGHTHOUSE.png,KZ-CUE-082,KZ-CUE-082,Show why tower/red/ice resembles the lighthouse,
KZ-EDL-076,289.560,292.280,2.720,7239,7307,KZ_CARD_ONE_MATCH_CHANCE,KZ_SEQ_MATCH_VS_CHANCE,EXPLANATORY_GRAPHIC,EXPLANATORY_MODEL,STATIC_OR_NEAR_STATIC,04_ASSETS/GENERATED/DETERMINISTIC/KZ_CARD_ONE_MATCH_CHANCE.png,KZ-CUE-083,KZ-CUE-083,Downgrade one resemblance to a chance-compatible observation,
KZ-EDL-077,292.280,295.680,3.400,7307,7392,KZ_CARD_POSTHOC_INTERPRETATION,KZ_SEQ_MATCH_VS_CHANCE,EXPLANATORY_GRAPHIC,EXPLANATORY_MODEL,STATIC_OR_NEAR_STATIC,04_ASSETS/GENERATED/DETERMINISTIC/KZ_CARD_POSTHOC_INTERPRETATION.png,KZ-CUE-084,KZ-CUE-084,Expose interpretation after the answer is known,
KZ-EDL-078,295.680,299.880,4.200,7392,7497,KZ_REPLICATION_REPEATED_BLIND,KZ_SEQ_PREDICTIONS_AND_MISSING_TEST,EXPERIMENT_PROTOCOL,EXPLANATORY_MODEL,STATIC_OR_NEAR_STATIC,04_ASSETS/GENERATED/DETERMINISTIC/KZ_REPLICATION_REPEATED_BLIND.png,KZ-CUE-085,KZ-CUE-085,Show the repeated blinded pattern that would matter,
KZ-EDL-079,299.880,302.240,2.360,7497,7556,KZ_MYSTIC_THEORIES_FORCED_APART,KZ_SEQ_PREDICTIONS_AND_MISSING_TEST,SUBJECTIVE_MYSTICAL,INNER_HYPOTHESIS,STATIC_OR_NEAR_STATIC,04_ASSETS/GENERATED/NATIVE_IMAGEGEN/EXPERIENTIAL_UPGRADE/KZ_MYSTIC_THEORIES_FORCED_APART.png,KZ-CUE-086,KZ-CUE-086,Separate the predictions of all three explanations,
KZ-EDL-080,302.240,305.000,2.760,7556,7625,KZ_PSYCHOLOGY_ISOLATION_BODY,KZ_SEQ_PREDICTIONS_AND_MISSING_TEST,PHYSICAL_CHAMBER,RECONSTRUCTION,STATIC_OR_NEAR_STATIC,04_ASSETS/GENERATED/NATIVE_IMAGEGEN/CLUSTER_BREAKS/KZ_PSYCHOLOGY_ISOLATION_BODY.png,KZ-CUE-087,KZ-CUE-087,"Psychology predicts an intense state, not target access",
KZ-EDL-081,305.000,308.440,3.440,7625,7711,KZ_PHYSICAL_MEASUREMENT_CLOSEUP,KZ_SEQ_PREDICTIONS_AND_MISSING_TEST,PHYSICAL_CHAMBER,RECONSTRUCTION,STATIC_OR_NEAR_STATIC,04_ASSETS/GENERATED/NATIVE_IMAGEGEN/CLUSTER_BREAKS/KZ_PHYSICAL_MEASUREMENT_CLOSEUP.png,KZ-CUE-088,KZ-CUE-088,Use a new prediction card instead of returning to the variables card,
KZ-EDL-082,308.440,311.960,3.520,7711,7799,KZ_RANDOM_TARGET_SEALED_VAULT,KZ_SEQ_PREDICTIONS_AND_MISSING_TEST,EXPERIMENT_PROTOCOL,RECONSTRUCTION,STATIC_OR_NEAR_STATIC,04_ASSETS/GENERATED/NATIVE_IMAGEGEN/CLUSTER_BREAKS/KZ_RANDOM_TARGET_SEALED_VAULT.png,KZ-CUE-089,KZ-CUE-089,Show that neither ordinary branch predicts a random hidden image,
KZ-EDL-083,311.960,317.280,5.320,7799,7932,KZ_CLIP_MISSING_EXPERIMENT_VOID,KZ_SEQ_PREDICTIONS_AND_MISSING_TEST,SUBJECTIVE_MYSTICAL,RECONSTRUCTION,PROGRESSIVE_MOTION,04_ASSETS/CLIPS/LOCAL_PROGRESSIVE/KZ_CLIP_MISSING_EXPERIMENT_VOID.mp4,KZ-CUE-090,KZ-CUE-090,Make the missing controlled experiment the central absence,
KZ-EDL-084,317.280,321.160,3.880,7932,8029,KZ_DOC_016,KZ_SEQ_EVIDENCE_AND_REPLICATION,DOCUMENT_EVIDENCE,ORIGINAL_DOCUMENT,STATIC_OR_NEAR_STATIC,04_ASSETS/GENERATED/DOCUMENT_EVIDENCE/KZ_DOC_016.png,KZ-CUE-091,KZ-CUE-091,Return to the real patent in the source stack,
KZ-EDL-085,321.160,326.720,5.560,8029,8168,KZ_DOC_029,KZ_SEQ_EVIDENCE_AND_REPLICATION,DOCUMENT_EVIDENCE,ORIGINAL_DOCUMENT,STATIC_OR_NEAR_STATIC,04_ASSETS/GENERATED/DOCUMENT_EVIDENCE/KZ_DOC_029.png,KZ-CUE-092,KZ-CUE-092,Return to the researchers' extraordinary-effect publications,
KZ-EDL-086,326.720,333.600,6.880,8168,8340,KZ_REPLICATION_CHAIN_MISSING,KZ_SEQ_EVIDENCE_AND_REPLICATION,EXPERIMENT_PROTOCOL,EXPLANATORY_MODEL,STATIC_OR_NEAR_STATIC,04_ASSETS/GENERATED/DETERMINISTIC/KZ_REPLICATION_CHAIN_MISSING.png,KZ-CUE-093,KZ-CUE-093,Show the broken independent-replication chain,
KZ-EDL-087,333.600,336.400,2.800,8340,8410,KZ_CARD_APPARATUS_NOT_EVIDENCE,KZ_SEQ_EVIDENCE_AND_REPLICATION,EXPLANATORY_GRAPHIC,EXPLANATORY_MODEL,STATIC_OR_NEAR_STATIC,04_ASSETS/GENERATED/DETERMINISTIC/KZ_CARD_APPARATUS_NOT_EVIDENCE.png,KZ-CUE-094,KZ-CUE-094,Separate the documented apparatus from missing empirical evidence,
KZ-EDL-088,336.400,338.720,2.320,8410,8468,KZ_CARD_INDEPENDENT_RESULT,KZ_SEQ_EVIDENCE_AND_REPLICATION,EXPLANATORY_GRAPHIC,EXPLANATORY_MODEL,STATIC_OR_NEAR_STATIC,04_ASSETS/GENERATED/DETERMINISTIC/KZ_CARD_INDEPENDENT_RESULT.png,KZ-CUE-095,KZ-CUE-095,Name the independent result as the missing link,
KZ-EDL-089,338.720,343.360,4.640,8468,8584,KZ_FILM_PATENT_AUTHORITY_LIGHTTABLE,KZ_SEQ_PATENT_AUTHORITY_TRAP,EVIDENCE_PROCESS,INTERPRETIVE_FILMIC,STATIC_OR_NEAR_STATIC,04_ASSETS/GENERATED/NATIVE_IMAGEGEN/FINAL_DOCUMENT_REPAIR/KZ_FILM_PATENT_AUTHORITY_LIGHTTABLE.png,KZ-CUE-096,KZ-CUE-097,Set up the final patent-authority trap,
KZ-EDL-090,343.360,346.160,2.800,8584,8654,KZ_DOC_030,KZ_SEQ_PATENT_AUTHORITY_TRAP,DOCUMENT_EVIDENCE,ORIGINAL_DOCUMENT,STATIC_OR_NEAR_STATIC,04_ASSETS/GENERATED/DOCUMENT_EVIDENCE/KZ_DOC_030.png,KZ-CUE-098,KZ-CUE-100,Isolate the government number,
KZ-EDL-091,346.160,347.560,1.400,8654,8689,KZ_FIG_PATENT_DRAWING_FIG3,KZ_SEQ_PATENT_AUTHORITY_TRAP,DOCUMENT_EVIDENCE,ORIGINAL_TECHNICAL_FIGURE,STATIC_OR_NEAR_STATIC,04_ASSETS/GENERATED/FINAL_DOCUMENT_TIMELINE/KZ_FIG_PATENT_DRAWING_FIG3.png,KZ-CUE-101,KZ-CUE-101,Isolate the technical drawings,
KZ-EDL-092,347.560,349.440,1.880,8689,8736,KZ_CARD_LANGUAGE_OF_AUTHORITY,KZ_SEQ_PATENT_AUTHORITY_TRAP,EXPLANATORY_GRAPHIC,EXPLANATORY_MODEL,STATIC_OR_NEAR_STATIC,04_ASSETS/GENERATED/DETERMINISTIC/KZ_CARD_LANGUAGE_OF_AUTHORITY.png,KZ-CUE-102,KZ-CUE-102,Name why the page feels authoritative,
KZ-EDL-093,349.440,354.520,5.080,8736,8863,KZ_ONLINE_PATENT_AUTHORITY,KZ_SEQ_PATENT_AUTHORITY_TRAP,CONTEMPORARY_CONTEXT,EXPLANATORY_MODEL,STATIC_OR_NEAR_STATIC,04_ASSETS/GENERATED/NATIVE_IMAGEGEN/CLUSTER_BREAKS/KZ_ONLINE_PATENT_AUTHORITY.png,KZ-CUE-103,KZ-CUE-103,Expose the online patented-means-proven inference,
KZ-EDL-094,354.520,355.400,0.880,8863,8885,KZ_CARD_IT_DOES_NOT,KZ_SEQ_PATENT_AUTHORITY_TRAP,EXPLANATORY_GRAPHIC,EXPLANATORY_MODEL,STATIC_OR_NEAR_STATIC,04_ASSETS/GENERATED/DETERMINISTIC/KZ_CARD_IT_DOES_NOT.png,KZ-CUE-104,KZ-CUE-104,Break the false inference with a short hard stop,
KZ-EDL-095,355.400,369.360,13.960,8885,9234,KZ_CLIP_PATENT_VALUE_LIMITS_CONTINUOUS,KZ_SEQ_PATENT_AUTHORITY_TRAP,EVIDENCE_PROCESS,EVIDENCE_PROCESS,PROGRESSIVE_MOTION,04_ASSETS/CLIPS/LOCAL_PROGRESSIVE/KZ_CLIP_PATENT_VALUE_LIMITS_CONTINUOUS.mp4,KZ-CUE-105,KZ-CUE-107,List the legitimate provenance uses of a patent,"A 13.96-second continuous sequence is justified by three visible phases: scope card, provenance desk, then empty empirical result."
KZ-EDL-096,369.360,371.160,1.800,9234,9279,KZ_DOC_031,KZ_SEQ_PATENT_PHYSICAL_PAYOFF,DOCUMENT_EVIDENCE,ORIGINAL_DOCUMENT,STATIC_OR_NEAR_STATIC,04_ASSETS/GENERATED/DOCUMENT_EVIDENCE/KZ_DOC_031.png,KZ-CUE-108,KZ-CUE-108,Return to the dimensions the document actually supplies,
KZ-EDL-097,371.160,374.600,3.440,9279,9365,KZ_EN_HERO02,KZ_SEQ_PATENT_PHYSICAL_PAYOFF,PHYSICAL_CHAMBER,RECONSTRUCTION,STATIC_OR_NEAR_STATIC,04_ASSETS/GENERATED/NANO_BANANA_PRO/KZ_EN_HERO02.png,KZ-CUE-109,KZ-CUE-111,"One continuous accepted material-detail shot across alloy, surface and fasteners",
KZ-EDL-098,374.600,377.760,3.160,9365,9444,KZ_CLIP_PATENT_FEATURES_RECAP,KZ_SEQ_PATENT_PHYSICAL_PAYOFF,PHYSICAL_CHAMBER,PHYSICAL_RECAP,PROGRESSIVE_MOTION,04_ASSETS/CLIPS/LOCAL_PROGRESSIVE/KZ_CLIP_PATENT_FEATURES_RECAP.mp4,KZ-CUE-112,KZ-CUE-114,Use a distinct text detail rather than returning to the earlier focus diagram,
KZ-EDL-099,377.760,380.440,2.680,9444,9511,KZ_EN_REC05_SCREWS_MACRO,KZ_SEQ_PATENT_PHYSICAL_PAYOFF,PHYSICAL_CHAMBER,RECONSTRUCTION,STATIC_OR_NEAR_STATIC,04_ASSETS/GENERATED/NATIVE_IMAGEGEN/KZ_EN_REC05_SCREWS_MACRO.png,KZ-CUE-115,KZ-CUE-115,New physical macro action for the screws payoff; not a crop of HERO02,
KZ-EDL-100,380.440,385.840,5.400,9511,9646,KZ_EN_REC18_EMPTY_CHAMBER_A,KZ_SEQ_DOCUMENTED_RESIDUE,PHYSICAL_CHAMBER,RECONSTRUCTION,STATIC_OR_NEAR_STATIC,04_ASSETS/GENERATED/NATIVE_IMAGEGEN/KZ_EN_REC18_EMPTY_CHAMBER_A.png,KZ-CUE-116,KZ-CUE-117,Strip the legend back to an empty documented object,
KZ-EDL-101,385.840,392.440,6.600,9646,9811,KZ_MYSTIC_CLAIMS_TRIAD,KZ_SEQ_DOCUMENTED_RESIDUE,SUBJECTIVE_MYSTICAL,SUBJECTIVE_HYPOTHESIS,STATIC_OR_NEAR_STATIC,04_ASSETS/GENERATED/NATIVE_IMAGEGEN/FINAL_DOCUMENT_REPAIR/KZ_MYSTIC_CLAIMS_TRIAD.png,KZ-CUE-118,KZ-CUE-118,Show the correct researchers beside their unusual claims,
KZ-EDL-102,392.440,396.320,3.880,9811,9908,KZ_MYSTIC_INTENSE_EXPERIENCE_HISTORY,KZ_SEQ_DOCUMENTED_RESIDUE,SUBJECTIVE_MYSTICAL,SUBJECTIVE_HYPOTHESIS,STATIC_OR_NEAR_STATIC,04_ASSETS/GENERATED/NATIVE_IMAGEGEN/FINAL_DOCUMENT_REPAIR/KZ_MYSTIC_INTENSE_EXPERIENCE_HISTORY.png,KZ-CUE-119,KZ-CUE-119,Place intense-experience reports inside the project history,
KZ-EDL-103,396.320,399.760,3.440,9908,9994,KZ_HISTORY_KOZYREV_NOT_CHAMBER_BUILDER,KZ_SEQ_DOCUMENTED_RESIDUE,PERSON_HISTORY,ORIGINAL_DOCUMENT,STATIC_OR_NEAR_STATIC,04_ASSETS/GENERATED/DETERMINISTIC/KZ_HISTORY_KOZYREV_NOT_CHAMBER_BUILDER.png,KZ-CUE-120,KZ-CUE-120,Show Kozyrev in a genuinely different authenticated context at the no-builder conclusion,
KZ-EDL-104,399.760,402.560,2.800,9994,10064,KZ_EN_REC18_EMPTY_CHAMBER_B,KZ_SEQ_DOCUMENTED_RESIDUE,PHYSICAL_CHAMBER,RECONSTRUCTION,STATIC_OR_NEAR_STATIC,04_ASSETS/GENERATED/NATIVE_IMAGEGEN/KZ_EN_REC18_EMPTY_CHAMBER_B.png,KZ-CUE-121,KZ-CUE-121,Hold the unconfirmed central claim in an empty-room state,
KZ-EDL-105,402.560,408.480,5.920,10064,10212,KZ_MYSTIC_DECISIVE_INFORMATION_QUESTION,KZ_SEQ_FINAL_TEST_QUESTION,SUBJECTIVE_MYSTICAL,INNER_HYPOTHESIS,STATIC_OR_NEAR_STATIC,04_ASSETS/GENERATED/NATIVE_IMAGEGEN/EXPERIENTIAL_UPGRADE/KZ_MYSTIC_DECISIVE_INFORMATION_QUESTION.png,KZ-CUE-122,KZ-CUE-122,"Use a new decisive-question composition, not the earlier distant-image motif",
KZ-EDL-106,408.480,410.320,1.840,10212,10258,KZ_PROTOCOL_CLEAN_TEST,KZ_SEQ_FINAL_TEST_QUESTION,EXPERIMENT_PROTOCOL,EXPLANATORY_MODEL,STATIC_OR_NEAR_STATIC,04_ASSETS/GENERATED/DETERMINISTIC/KZ_PROTOCOL_CLEAN_TEST.png,KZ-CUE-123,KZ-CUE-123,Return to the exact clean test,
KZ-EDL-107,410.320,412.440,2.120,10258,10311,KZ_MYSTIC_RESULT_STILL_MISSING,KZ_SEQ_FINAL_TEST_QUESTION,SUBJECTIVE_MYSTICAL,RECONSTRUCTION,STATIC_OR_NEAR_STATIC,04_ASSETS/GENERATED/NATIVE_IMAGEGEN/EXPERIENTIAL_UPGRADE/KZ_MYSTIC_RESULT_STILL_MISSING.png,KZ-CUE-124,KZ-CUE-124,Use a new terminal missing-result state rather than restarting the replication-chain asset,
KZ-EDL-108,412.440,421.600,9.160,10311,10540,KZ_CLIP_EMPTY_SPIRAL_PAYOFF,KZ_CLIP_EMPTY_SPIRAL_PAYOFF,SUBJECTIVE_MYSTICAL,RECONSTRUCTION,PROGRESSIVE_MOTION,04_ASSETS/CLIPS/CONFORMED_25FPS/KZ_CLIP_EMPTY_SPIRAL_PAYOFF.mp4,KZ-CUE-125,KZ-CUE-126,Unresolved empty chamber payoff across the final two questions,The final chamber action advances continuously from mechanical stillness to a changing reflection/shadow and unresolved darkness across two questions; it is never restarted.
KZ-EDL-109,421.600,425.440,3.840,10540,10636,KZ_MAP_NOVOSIBIRSK_TO_FORT_MEADE,KZ_SEQ_FORT_MEADE_HANDOFF,MAP_HANDOFF,EXPLANATORY_MODEL,STATIC_OR_NEAR_STATIC,04_ASSETS/GENERATED/DETERMINISTIC/KZ_MAP_NOVOSIBIRSK_TO_FORT_MEADE.png,KZ-CUE-127,KZ-CUE-127,Move the next-file handoff out of the chamber and across the map,
KZ-EDL-110,425.440,427.440,2.000,10636,10686,KZ_MAP_FORT_MEADE_ZOOM,KZ_SEQ_FORT_MEADE_HANDOFF,MAP_HANDOFF,EXPLANATORY_MODEL,STATIC_OR_NEAR_STATIC,04_ASSETS/GENERATED/DETERMINISTIC/KZ_MAP_FORT_MEADE_ZOOM.png,KZ-CUE-128,KZ-CUE-128,Land geographically on Fort Meade,
KZ-EDL-111,427.440,434.640,7.200,10686,10866,KZ_CLIP_THREE_OBSERVERS_TRANSITION,KZ_SEQ_FORT_MEADE_HANDOFF,SUBJECTIVE_MYSTICAL,INNER_HYPOTHESIS,PROGRESSIVE_MOTION,04_ASSETS/CLIPS/LOCAL_PROGRESSIVE/KZ_CLIP_THREE_OBSERVERS_TRANSITION.mp4,KZ-CUE-129,KZ-CUE-129,Tease the next protocol's three-observer time structure,
