cue_id,take_id,section,plan_start,plan_end,timing_method,take_anchor,voice_anchor,asset_id,asset_type,asset_path,source_master,asset_status,movement_rule,overlay_rule,sfx_key,edit_note
V001,EP07_TAKE_001,S1,00:00.00,00:03.83,PLAN_ESTIMATE_REPLACE_WITH_FORCED_ALIGNMENT,Comans Nacht,"Salem, Massachusetts",IMG001_SALEM_BEDROOM_COMAN_RECON,GENERATED_STILL,C:\Users\iQPrinceps\Documents\Codex\Youtube Modelle des Geistes\06_PRODUCTION\EP07_SCHLAFPARALYSE_V4\IMAGE_GENERATION_KIT\03_GENERATED_OUTPUT\NanoBanana_Pro_2K_Series\IMG001_SALEM_BEDROOM_COMAN_RECON.png,,READY,HOLD_STATIC_0_TO_1_PERCENT,Rekonstruktion,ROOM_1692,Hard cut within act; 0.35 s dissolve only at act boundary
V002,EP07_TAKE_001,S1,00:03.83,00:07.67,PLAN_ESTIMATE_REPLACE_WITH_FORCED_ALIGNMENT,Comans Nacht,Mai sechzehnhundertzweiundneunzig,SRC_EP07_Richard_Coman_Testimony_v_Bridget_Bishop_1692_p1_full,ORIGINAL_SOURCE,C:\Users\iQPrinceps\Documents\Codex\Youtube Modelle des Geistes\06_PRODUCTION\EP07_SCHLAFPARALYSE_V4\04_EDITOR_DERIVATIVES\SRC_EP07_Richard_Coman_Testimony_v_Bridget_Bishop_1692_p1_full.png,C:\Users\iQPrinceps\Documents\Codex\Youtube Modelle des Geistes\06_PRODUCTION\EP07_SCHLAFPARALYSE_V4\IMAGE_GENERATION_KIT\02_ASSETS\EP07_Richard_Coman_Testimony_v_Bridget_Bishop_1692.pdf,DERIVE_STATIC_FRAME,STATIC_CONTAIN_OR_SEMANTIC_CROP,Quelle und Jahr unten links; keine Bewegung,ROOM_1692,Hard cut within act; 0.35 s dissolve only at act boundary
V003,EP07_TAKE_001,S1,00:07.67,00:11.50,PLAN_ESTIMATE_REPLACE_WITH_FORCED_ALIGNMENT,Comans Nacht,Richard Coman,SRC_EP07_Richard_Coman_Testimony_v_Bridget_Bishop_1692_p1_name_and_opening,ORIGINAL_SOURCE,C:\Users\iQPrinceps\Documents\Codex\Youtube Modelle des Geistes\06_PRODUCTION\EP07_SCHLAFPARALYSE_V4\04_EDITOR_DERIVATIVES\SRC_EP07_Richard_Coman_Testimony_v_Bridget_Bishop_1692_p1_name_and_opening.png,C:\Users\iQPrinceps\Documents\Codex\Youtube Modelle des Geistes\06_PRODUCTION\EP07_SCHLAFPARALYSE_V4\IMAGE_GENERATION_KIT\02_ASSETS\EP07_Richard_Coman_Testimony_v_Bridget_Bishop_1692.pdf,DERIVE_STATIC_FRAME,STATIC_CONTAIN_OR_SEMANTIC_CROP,Quelle und Jahr unten links; keine Bewegung,ROOM_1692,Hard cut within act; 0.35 s dissolve only at act boundary
V004,EP07_TAKE_001,S1,00:11.50,00:15.33,PLAN_ESTIMATE_REPLACE_WITH_FORCED_ALIGNMENT,Comans Nacht,liegt nachts wach,IMG002_COMAN_TRIES_TO_WAKE_WIFE,GENERATED_STILL,C:\Users\iQPrinceps\Documents\Codex\Youtube Modelle des Geistes\06_PRODUCTION\EP07_SCHLAFPARALYSE_V4\IMAGE_GENERATION_KIT\03_GENERATED_OUTPUT\NanoBanana_Pro_2K_Series\IMG002_COMAN_TRIES_TO_WAKE_WIFE.png,,READY,GENTLE_ZOOM_1P5_TO_2P5_PERCENT,Rekonstruktion,ROOM_1692,Hard cut within act; 0.35 s dissolve only at act boundary
V005,EP07_TAKE_001,S1,00:15.33,00:19.17,PLAN_ESTIMATE_REPLACE_WITH_FORCED_ALIGNMENT,Comans Nacht,drückt ihn nieder,SRC_EP07_Richard_Coman_Testimony_v_Bridget_Bishop_1692_p1_pressure_passage,ORIGINAL_SOURCE,C:\Users\iQPrinceps\Documents\Codex\Youtube Modelle des Geistes\06_PRODUCTION\EP07_SCHLAFPARALYSE_V4\04_EDITOR_DERIVATIVES\SRC_EP07_Richard_Coman_Testimony_v_Bridget_Bishop_1692_p1_pressure_passage.png,C:\Users\iQPrinceps\Documents\Codex\Youtube Modelle des Geistes\06_PRODUCTION\EP07_SCHLAFPARALYSE_V4\IMAGE_GENERATION_KIT\02_ASSETS\EP07_Richard_Coman_Testimony_v_Bridget_Bishop_1692.pdf,DERIVE_STATIC_FRAME,STATIC_CONTAIN_OR_SEMANTIC_CROP,Quelle und Jahr unten links; keine Bewegung,ROOM_1692,Hard cut within act; 0.35 s dissolve only at act boundary
V006,EP07_TAKE_001,S1,00:19.17,00:23.00,PLAN_ESTIMATE_REPLACE_WITH_FORCED_ALIGNMENT,Comans Nacht,Salem als konkreter Ort,SRC_EP07_Salem_Village_1692_map_Upham_1866_full_map,ORIGINAL_SOURCE,C:\Users\iQPrinceps\Documents\Codex\Youtube Modelle des Geistes\06_PRODUCTION\EP07_SCHLAFPARALYSE_V4\04_EDITOR_DERIVATIVES\SRC_EP07_Salem_Village_1692_map_Upham_1866_full_map.png,C:\Users\iQPrinceps\Documents\Codex\Youtube Modelle des Geistes\06_PRODUCTION\EP07_SCHLAFPARALYSE_V4\IMAGE_GENERATION_KIT\02_ASSETS\EP07_Salem_Village_1692_map_Upham_1866.jpg,DERIVE_STATIC_FRAME,STATIC_CONTAIN_OR_SEMANTIC_CROP,Quelle und Jahr unten links; keine Bewegung,ROOM_1692,Hard cut within act; 0.35 s dissolve only at act boundary
V007,EP07_TAKE_002,S1,00:23.00,00:27.00,PLAN_ESTIMATE_REPLACE_WITH_FORCED_ALIGNMENT,"Lähmung, Druck, bekanntes Muster",weder sprechen noch bewegen,IMG012_EXPERIENCE_BEFORE_STORY,GENERATED_STILL,C:\Users\iQPrinceps\Documents\Codex\Youtube Modelle des Geistes\06_PRODUCTION\EP07_SCHLAFPARALYSE_V4\IMAGE_GENERATION_KIT\03_GENERATED_OUTPUT\NanoBanana_Pro_2K_Series\IMG012_EXPERIENCE_BEFORE_STORY.png,,READY,HOLD_STATIC_0_TO_1_PERCENT,Kein Zusatztext,PRESSURE_DRY,Hard cut within act; 0.35 s dissolve only at act boundary
V008,EP07_TAKE_002,S1,00:27.00,00:31.00,PLAN_ESTIMATE_REPLACE_WITH_FORCED_ALIGNMENT,"Lähmung, Druck, bekanntes Muster",Starre und Druck,CLIP002_NIGHTMARE_PRESSURE,TRANSFORM_CLIP,C:\Users\iQPrinceps\Documents\Codex\Youtube Modelle des Geistes\06_PRODUCTION\EP07_SCHLAFPARALYSE_V4\IMAGE_GENERATION_KIT\03_GENERATED_OUTPUT\NanoBanana_Pro_2K_Series\CLIP002_NIGHTMARE_PRESSURE.mp4,,READY,NATIVE_MOTION_NO_ADDITIONAL_CAMERA,Subjektive Visualisierung,PRESSURE_DRY,Hard cut within act; 0.35 s dissolve only at act boundary
V009,EP07_TAKE_002,S1,00:31.00,00:35.00,PLAN_ESTIMATE_REPLACE_WITH_FORCED_ALIGNMENT,"Lähmung, Druck, bekanntes Muster",Comans Formulierung,SRC_EP07_Richard_Coman_Testimony_v_Bridget_Bishop_1692_p1_cannot_speak_nor_stir,ORIGINAL_SOURCE,C:\Users\iQPrinceps\Documents\Codex\Youtube Modelle des Geistes\06_PRODUCTION\EP07_SCHLAFPARALYSE_V4\04_EDITOR_DERIVATIVES\SRC_EP07_Richard_Coman_Testimony_v_Bridget_Bishop_1692_p1_cannot_speak_nor_stir.png,C:\Users\iQPrinceps\Documents\Codex\Youtube Modelle des Geistes\06_PRODUCTION\EP07_SCHLAFPARALYSE_V4\IMAGE_GENERATION_KIT\02_ASSETS\EP07_Richard_Coman_Testimony_v_Bridget_Bishop_1692.pdf,DERIVE_STATIC_FRAME,STATIC_CONTAIN_OR_SEMANTIC_CROP,Quelle und Jahr unten links; keine Bewegung,PRESSURE_DRY,Hard cut within act; 0.35 s dissolve only at act boundary
V010,EP07_TAKE_002,S1,00:35.00,00:39.00,PLAN_ESTIMATE_REPLACE_WITH_FORCED_ALIGNMENT,"Lähmung, Druck, bekanntes Muster",bekanntes Schlafmuster,SRC_EP07_REM_Polysomnography_30sec_full_trace,ORIGINAL_SOURCE,C:\Users\iQPrinceps\Documents\Codex\Youtube Modelle des Geistes\06_PRODUCTION\EP07_SCHLAFPARALYSE_V4\04_EDITOR_DERIVATIVES\SRC_EP07_REM_Polysomnography_30sec_full_trace.png,C:\Users\iQPrinceps\Documents\Codex\Youtube Modelle des Geistes\06_PRODUCTION\EP07_SCHLAFPARALYSE_V4\IMAGE_GENERATION_KIT\02_ASSETS\EP07_REM_Polysomnography_30sec.png,DERIVE_STATIC_FRAME,STATIC_CONTAIN_OR_SEMANTIC_CROP,Quelle und Jahr unten links; keine Bewegung,PRESSURE_DRY,Hard cut within act; 0.35 s dissolve only at act boundary
V011,EP07_TAKE_002,S1,00:39.00,00:43.00,PLAN_ESTIMATE_REPLACE_WITH_FORCED_ALIGNMENT,"Lähmung, Druck, bekanntes Muster",Messsensoren statt Dämon,SRC_EP07_Sleep_Studies_NHLBI_Polysomnography_sensor_detail,ORIGINAL_SOURCE,C:\Users\iQPrinceps\Documents\Codex\Youtube Modelle des Geistes\06_PRODUCTION\EP07_SCHLAFPARALYSE_V4\04_EDITOR_DERIVATIVES\SRC_EP07_Sleep_Studies_NHLBI_Polysomnography_sensor_detail.png,C:\Users\iQPrinceps\Documents\Codex\Youtube Modelle des Geistes\06_PRODUCTION\EP07_SCHLAFPARALYSE_V4\IMAGE_GENERATION_KIT\02_ASSETS\EP07_Sleep_Studies_NHLBI_Polysomnography.jpg,DERIVE_STATIC_FRAME,STATIC_CONTAIN_OR_SEMANTIC_CROP,Quelle und Jahr unten links; keine Bewegung,PRESSURE_DRY,Hard cut within act; 0.35 s dissolve only at act boundary
V012,EP07_TAKE_002,S1,00:43.00,00:47.00,PLAN_ESTIMATE_REPLACE_WITH_FORCED_ALIGNMENT,"Lähmung, Druck, bekanntes Muster",heutige Schlafparalyse,IMG033_AWAKE_BRAIN_BODY_LOCK,GENERATED_STILL,C:\Users\iQPrinceps\Documents\Codex\Youtube Modelle des Geistes\06_PRODUCTION\EP07_SCHLAFPARALYSE_V4\IMAGE_GENERATION_KIT\03_GENERATED_OUTPUT\NanoBanana_Pro_2K_Series\IMG033_AWAKE_BRAIN_BODY_LOCK.png,,MISSING_GENERATION,GENTLE_ZOOM_1P5_TO_2P5_PERCENT,Bei historischer Szene: Rekonstruktion; sonst kein Overlay,PRESSURE_DRY,Hard cut within act; 0.35 s dissolve only at act boundary
V013,EP07_TAKE_003,S1,00:47.00,00:51.14,PLAN_ESTIMATE_REPLACE_WITH_FORCED_ALIGNMENT,Gericht und öffentliche Konsequenz,Welt ohne Schlafmedizin,IMG003_PRIVATE_NIGHT_TO_COURT,GENERATED_STILL,C:\Users\iQPrinceps\Documents\Codex\Youtube Modelle des Geistes\06_PRODUCTION\EP07_SCHLAFPARALYSE_V4\IMAGE_GENERATION_KIT\03_GENERATED_OUTPUT\NanoBanana_Pro_2K_Series\IMG003_PRIVATE_NIGHT_TO_COURT.png,,READY,LOCKED_STATIC_SOURCE_COMPOSITE,Kein Zusatztext,COURT_TRANSITION,Hard cut within act; 0.35 s dissolve only at act boundary
V014,EP07_TAKE_003,S1,00:51.14,00:55.29,PLAN_ESTIMATE_REPLACE_WITH_FORCED_ALIGNMENT,Gericht und öffentliche Konsequenz,Aussage unter Eid,SRC_EP07_Richard_Coman_Testimony_v_Bridget_Bishop_1692_p2_signature_and_oath,ORIGINAL_SOURCE,C:\Users\iQPrinceps\Documents\Codex\Youtube Modelle des Geistes\06_PRODUCTION\EP07_SCHLAFPARALYSE_V4\04_EDITOR_DERIVATIVES\SRC_EP07_Richard_Coman_Testimony_v_Bridget_Bishop_1692_p2_signature_and_oath.png,C:\Users\iQPrinceps\Documents\Codex\Youtube Modelle des Geistes\06_PRODUCTION\EP07_SCHLAFPARALYSE_V4\IMAGE_GENERATION_KIT\02_ASSETS\EP07_Richard_Coman_Testimony_v_Bridget_Bishop_1692.pdf,DERIVE_STATIC_FRAME,STATIC_CONTAIN_OR_SEMANTIC_CROP,Quelle und Jahr unten links; keine Bewegung,COURT_TRANSITION,Hard cut within act; 0.35 s dissolve only at act boundary
V015,EP07_TAKE_003,S1,00:55.29,00:59.43,PLAN_ESTIMATE_REPLACE_WITH_FORCED_ALIGNMENT,Gericht und öffentliche Konsequenz,Bridget Bishop vor Gericht,SRC_EP07_Bridget_Bishop_Examination_1692_p1_full,ORIGINAL_SOURCE,C:\Users\iQPrinceps\Documents\Codex\Youtube Modelle des Geistes\06_PRODUCTION\EP07_SCHLAFPARALYSE_V4\04_EDITOR_DERIVATIVES\SRC_EP07_Bridget_Bishop_Examination_1692_p1_full.png,C:\Users\iQPrinceps\Documents\Codex\Youtube Modelle des Geistes\06_PRODUCTION\EP07_SCHLAFPARALYSE_V4\IMAGE_GENERATION_KIT\02_ASSETS\EP07_Bridget_Bishop_Examination_1692.pdf,DERIVE_STATIC_FRAME,STATIC_CONTAIN_OR_SEMANTIC_CROP,Quelle und Jahr unten links; keine Bewegung,COURT_TRANSITION,Hard cut within act; 0.35 s dissolve only at act boundary
V016,EP07_TAKE_003,S1,00:59.43,01:03.57,PLAN_ESTIMATE_REPLACE_WITH_FORCED_ALIGNMENT,Gericht und öffentliche Konsequenz,neunzehnter April,SRC_EP07_Bridget_Bishop_Examination_1692_p1_heading_date,ORIGINAL_SOURCE,C:\Users\iQPrinceps\Documents\Codex\Youtube Modelle des Geistes\06_PRODUCTION\EP07_SCHLAFPARALYSE_V4\04_EDITOR_DERIVATIVES\SRC_EP07_Bridget_Bishop_Examination_1692_p1_heading_date.png,C:\Users\iQPrinceps\Documents\Codex\Youtube Modelle des Geistes\06_PRODUCTION\EP07_SCHLAFPARALYSE_V4\IMAGE_GENERATION_KIT\02_ASSETS\EP07_Bridget_Bishop_Examination_1692.pdf,DERIVE_STATIC_FRAME,STATIC_CONTAIN_OR_SEMANTIC_CROP,Quelle und Jahr unten links; keine Bewegung,COURT_TRANSITION,Hard cut within act; 0.35 s dissolve only at act boundary
V017,EP07_TAKE_003,S1,01:03.57,01:07.71,PLAN_ESTIMATE_REPLACE_WITH_FORCED_ALIGNMENT,Gericht und öffentliche Konsequenz,größeres Verfahren,IMG004_BRIDGET_BISHOP_COURT_CONTEXT_RECON,GENERATED_STILL,C:\Users\iQPrinceps\Documents\Codex\Youtube Modelle des Geistes\06_PRODUCTION\EP07_SCHLAFPARALYSE_V4\IMAGE_GENERATION_KIT\03_GENERATED_OUTPUT\NanoBanana_Pro_2K_Series\IMG004_BRIDGET_BISHOP_COURT_CONTEXT_RECON.png,,READY,HOLD_STATIC_0_TO_1_PERCENT,Rekonstruktion,COURT_TRANSITION,Hard cut within act; 0.35 s dissolve only at act boundary
V018,EP07_TAKE_003,S1,01:07.71,01:11.86,PLAN_ESTIMATE_REPLACE_WITH_FORCED_ALIGNMENT,Gericht und öffentliche Konsequenz,konkrete historische Frau,SRC_EP07_Bridget_Bishop_lithograph_full_portrait,ORIGINAL_SOURCE,C:\Users\iQPrinceps\Documents\Codex\Youtube Modelle des Geistes\06_PRODUCTION\EP07_SCHLAFPARALYSE_V4\04_EDITOR_DERIVATIVES\SRC_EP07_Bridget_Bishop_lithograph_full_portrait.png,C:\Users\iQPrinceps\Documents\Codex\Youtube Modelle des Geistes\06_PRODUCTION\EP07_SCHLAFPARALYSE_V4\IMAGE_GENERATION_KIT\02_ASSETS\EP07_Bridget_Bishop_lithograph.jpg,DERIVE_STATIC_FRAME,STATIC_CONTAIN_OR_SEMANTIC_CROP,Quelle und Jahr unten links; keine Bewegung,COURT_TRANSITION,Hard cut within act; 0.35 s dissolve only at act boundary
V019,EP07_TAKE_003,S1,01:11.86,01:16.00,PLAN_ESTIMATE_REPLACE_WITH_FORCED_ALIGNMENT,Gericht und öffentliche Konsequenz,privat wird öffentlich,CLIP003_SALEM_PUBLIC_TRANSFORMATION,TRANSFORM_CLIP,C:\Users\iQPrinceps\Documents\Codex\Youtube Modelle des Geistes\06_PRODUCTION\EP07_SCHLAFPARALYSE_V4\IMAGE_GENERATION_KIT\03_GENERATED_OUTPUT\NanoBanana_Pro_2K_Series\CLIP003_SALEM_PUBLIC_TRANSFORMATION.mp4,,READY,NATIVE_MOTION_NO_ADDITIONAL_CAMERA,Kulturelle Visualisierung,COURT_TRANSITION,Hard cut within act; 0.35 s dissolve only at act boundary
V020,EP07_TAKE_004,S2,01:16.00,01:21.40,PLAN_ESTIMATE_REPLACE_WITH_FORCED_ALIGNMENT,Füsslis Nachtmahr,Henry Füssli,SRC_EP07_Fuseli_The_Nightmare_1781_full_painting,ORIGINAL_SOURCE,C:\Users\iQPrinceps\Documents\Codex\Youtube Modelle des Geistes\06_PRODUCTION\EP07_SCHLAFPARALYSE_V4\04_EDITOR_DERIVATIVES\SRC_EP07_Fuseli_The_Nightmare_1781_full_painting.png,C:\Users\iQPrinceps\Documents\Codex\Youtube Modelle des Geistes\06_PRODUCTION\EP07_SCHLAFPARALYSE_V4\IMAGE_GENERATION_KIT\02_ASSETS\EP07_Fuseli_The_Nightmare_1781.jpg,DERIVE_STATIC_FRAME,STATIC_CONTAIN_OR_SEMANTIC_CROP,Quelle und Jahr unten links; keine Bewegung,GALLERY_AIR,Hard cut within act; 0.35 s dissolve only at act boundary
V021,EP07_TAKE_004,S2,01:21.40,01:26.80,PLAN_ESTIMATE_REPLACE_WITH_FORCED_ALIGNMENT,Füsslis Nachtmahr,Frau rücklings,SRC_EP07_Fuseli_The_Nightmare_1781_woman_detail,ORIGINAL_SOURCE,C:\Users\iQPrinceps\Documents\Codex\Youtube Modelle des Geistes\06_PRODUCTION\EP07_SCHLAFPARALYSE_V4\04_EDITOR_DERIVATIVES\SRC_EP07_Fuseli_The_Nightmare_1781_woman_detail.png,C:\Users\iQPrinceps\Documents\Codex\Youtube Modelle des Geistes\06_PRODUCTION\EP07_SCHLAFPARALYSE_V4\IMAGE_GENERATION_KIT\02_ASSETS\EP07_Fuseli_The_Nightmare_1781.jpg,DERIVE_STATIC_FRAME,STATIC_CONTAIN_OR_SEMANTIC_CROP,Quelle und Jahr unten links; keine Bewegung,GALLERY_AIR,Hard cut within act; 0.35 s dissolve only at act boundary
V022,EP07_TAKE_004,S2,01:26.80,01:32.20,PLAN_ESTIMATE_REPLACE_WITH_FORCED_ALIGNMENT,Füsslis Nachtmahr,Gestalt auf der Brust,SRC_EP07_Fuseli_The_Nightmare_1781_incubus_detail,ORIGINAL_SOURCE,C:\Users\iQPrinceps\Documents\Codex\Youtube Modelle des Geistes\06_PRODUCTION\EP07_SCHLAFPARALYSE_V4\04_EDITOR_DERIVATIVES\SRC_EP07_Fuseli_The_Nightmare_1781_incubus_detail.png,C:\Users\iQPrinceps\Documents\Codex\Youtube Modelle des Geistes\06_PRODUCTION\EP07_SCHLAFPARALYSE_V4\IMAGE_GENERATION_KIT\02_ASSETS\EP07_Fuseli_The_Nightmare_1781.jpg,DERIVE_STATIC_FRAME,STATIC_CONTAIN_OR_SEMANTIC_CROP,Quelle und Jahr unten links; keine Bewegung,GALLERY_AIR,Hard cut within act; 0.35 s dissolve only at act boundary
V023,EP07_TAKE_004,S2,01:32.20,01:37.60,PLAN_ESTIMATE_REPLACE_WITH_FORCED_ALIGNMENT,Füsslis Nachtmahr,Pferdekopf,SRC_EP07_Fuseli_The_Nightmare_1781_horse_detail,ORIGINAL_SOURCE,C:\Users\iQPrinceps\Documents\Codex\Youtube Modelle des Geistes\06_PRODUCTION\EP07_SCHLAFPARALYSE_V4\04_EDITOR_DERIVATIVES\SRC_EP07_Fuseli_The_Nightmare_1781_horse_detail.png,C:\Users\iQPrinceps\Documents\Codex\Youtube Modelle des Geistes\06_PRODUCTION\EP07_SCHLAFPARALYSE_V4\IMAGE_GENERATION_KIT\02_ASSETS\EP07_Fuseli_The_Nightmare_1781.jpg,DERIVE_STATIC_FRAME,STATIC_CONTAIN_OR_SEMANTIC_CROP,Quelle und Jahr unten links; keine Bewegung,GALLERY_AIR,Hard cut within act; 0.35 s dissolve only at act boundary
V024,EP07_TAKE_004,S2,01:37.60,01:43.00,PLAN_ESTIMATE_REPLACE_WITH_FORCED_ALIGNMENT,Füsslis Nachtmahr,Motiv im Raum,IMG005_NIGHTMARE_MOTIF_ROOM_BASE,GENERATED_STILL,C:\Users\iQPrinceps\Documents\Codex\Youtube Modelle des Geistes\06_PRODUCTION\EP07_SCHLAFPARALYSE_V4\IMAGE_GENERATION_KIT\03_GENERATED_OUTPUT\NanoBanana_Pro_2K_Series\IMG005_NIGHTMARE_MOTIF_ROOM_BASE.png,,READY,LOCKED_STATIC_SOURCE_COMPOSITE,Kein Zusatztext,GALLERY_AIR,Hard cut within act; 0.35 s dissolve only at act boundary
V025,EP07_TAKE_005,S2,01:43.00,01:48.00,PLAN_ESTIMATE_REPLACE_WITH_FORCED_ALIGNMENT,Das wiedererkannte Motiv,anderer Künstler,SRC_EP07_Abildgaard_Nightmare_1800_full_painting,ORIGINAL_SOURCE,C:\Users\iQPrinceps\Documents\Codex\Youtube Modelle des Geistes\06_PRODUCTION\EP07_SCHLAFPARALYSE_V4\04_EDITOR_DERIVATIVES\SRC_EP07_Abildgaard_Nightmare_1800_full_painting.png,C:\Users\iQPrinceps\Documents\Codex\Youtube Modelle des Geistes\06_PRODUCTION\EP07_SCHLAFPARALYSE_V4\IMAGE_GENERATION_KIT\02_ASSETS\EP07_Abildgaard_Nightmare_1800.jpg,DERIVE_STATIC_FRAME,STATIC_CONTAIN_OR_SEMANTIC_CROP,Quelle und Jahr unten links; keine Bewegung,CANVAS_DETAIL,Hard cut within act; 0.35 s dissolve only at act boundary
V026,EP07_TAKE_005,S2,01:48.00,01:53.00,PLAN_ESTIMATE_REPLACE_WITH_FORCED_ALIGNMENT,Das wiedererkannte Motiv,Druckmotiv,SRC_EP07_Abildgaard_Nightmare_1800_figure_detail,ORIGINAL_SOURCE,C:\Users\iQPrinceps\Documents\Codex\Youtube Modelle des Geistes\06_PRODUCTION\EP07_SCHLAFPARALYSE_V4\04_EDITOR_DERIVATIVES\SRC_EP07_Abildgaard_Nightmare_1800_figure_detail.png,C:\Users\iQPrinceps\Documents\Codex\Youtube Modelle des Geistes\06_PRODUCTION\EP07_SCHLAFPARALYSE_V4\IMAGE_GENERATION_KIT\02_ASSETS\EP07_Abildgaard_Nightmare_1800.jpg,DERIVE_STATIC_FRAME,STATIC_CONTAIN_OR_SEMANTIC_CROP,Quelle und Jahr unten links; keine Bewegung,CANVAS_DETAIL,Hard cut within act; 0.35 s dissolve only at act boundary
V027,EP07_TAKE_005,S2,01:53.00,01:58.00,PLAN_ESTIMATE_REPLACE_WITH_FORCED_ALIGNMENT,Das wiedererkannte Motiv,Bild wandert weiter,SHOT04_FUSELI_TO_SCREEN_TRANSITION,GENERATED_STILL,C:\Users\iQPrinceps\Documents\Codex\Youtube Modelle des Geistes\06_PRODUCTION\EP07_SCHLAFPARALYSE_V4\IMAGE_GENERATION_KIT\03_GENERATED_OUTPUT\NanoBanana_Pro_2K_Series\SHOT04_FUSELI_TO_SCREEN_TRANSITION.png,,READY,LOCKED_STATIC_SOURCE_COMPOSITE,Kein Zusatztext,CANVAS_DETAIL,Hard cut within act; 0.35 s dissolve only at act boundary
V028,EP07_TAKE_005,S2,01:58.00,02:03.00,PLAN_ESTIMATE_REPLACE_WITH_FORCED_ALIGNMENT,Das wiedererkannte Motiv,Druck als Bildform,IMG024_NIGHTMARE_PRINT_WORKSHOP,GENERATED_STILL,C:\Users\iQPrinceps\Documents\Codex\Youtube Modelle des Geistes\06_PRODUCTION\EP07_SCHLAFPARALYSE_V4\IMAGE_GENERATION_KIT\03_GENERATED_OUTPUT\NanoBanana_Pro_2K_Series\IMG024_NIGHTMARE_PRINT_WORKSHOP.png,,MISSING_GENERATION,GENTLE_ZOOM_1P5_TO_2P5_PERCENT,Bei historischer Szene: Rekonstruktion; sonst kein Overlay,CANVAS_DETAIL,Hard cut within act; 0.35 s dissolve only at act boundary
V029,EP07_TAKE_005,S2,02:03.00,02:08.00,PLAN_ESTIMATE_REPLACE_WITH_FORCED_ALIGNMENT,Das wiedererkannte Motiv,Angriff statt freier Fantasie,SRC_EP07_Abildgaard_Nightmare_1800_pressure_detail,ORIGINAL_SOURCE,C:\Users\iQPrinceps\Documents\Codex\Youtube Modelle des Geistes\06_PRODUCTION\EP07_SCHLAFPARALYSE_V4\04_EDITOR_DERIVATIVES\SRC_EP07_Abildgaard_Nightmare_1800_pressure_detail.png,C:\Users\iQPrinceps\Documents\Codex\Youtube Modelle des Geistes\06_PRODUCTION\EP07_SCHLAFPARALYSE_V4\IMAGE_GENERATION_KIT\02_ASSETS\EP07_Abildgaard_Nightmare_1800.jpg,DERIVE_STATIC_FRAME,STATIC_CONTAIN_OR_SEMANTIC_CROP,Quelle und Jahr unten links; keine Bewegung,CANVAS_DETAIL,Hard cut within act; 0.35 s dissolve only at act boundary
V030,EP07_TAKE_006,S2,02:08.00,02:12.33,PLAN_ESTIMATE_REPLACE_WITH_FORCED_ALIGNMENT,Viele Ursprünge,ähnliche Abläufe,IMG006_SAME_MECHANIC_DIFFERENT_ROOMS,GENERATED_STILL,C:\Users\iQPrinceps\Documents\Codex\Youtube Modelle des Geistes\06_PRODUCTION\EP07_SCHLAFPARALYSE_V4\IMAGE_GENERATION_KIT\03_GENERATED_OUTPUT\NanoBanana_Pro_2K_Series\IMG006_SAME_MECHANIC_DIFFERENT_ROOMS.png,,READY,HOLD_STATIC_0_TO_1_PERCENT,Kein Zusatztext,PAPER_GEOGRAPHY,Hard cut within act; 0.35 s dissolve only at act boundary
V031,EP07_TAKE_006,S2,02:12.33,02:16.67,PLAN_ESTIMATE_REPLACE_WITH_FORCED_ALIGNMENT,Viele Ursprünge,weit auseinanderliegende Orte,SRC_EP07_Salem_Village_1692_map_Upham_1866_map_edge_detail,ORIGINAL_SOURCE,C:\Users\iQPrinceps\Documents\Codex\Youtube Modelle des Geistes\06_PRODUCTION\EP07_SCHLAFPARALYSE_V4\04_EDITOR_DERIVATIVES\SRC_EP07_Salem_Village_1692_map_Upham_1866_map_edge_detail.png,C:\Users\iQPrinceps\Documents\Codex\Youtube Modelle des Geistes\06_PRODUCTION\EP07_SCHLAFPARALYSE_V4\IMAGE_GENERATION_KIT\02_ASSETS\EP07_Salem_Village_1692_map_Upham_1866.jpg,DERIVE_STATIC_FRAME,STATIC_CONTAIN_OR_SEMANTIC_CROP,Quelle und Jahr unten links; keine Bewegung,PAPER_GEOGRAPHY,Hard cut within act; 0.35 s dissolve only at act boundary
V032,EP07_TAKE_006,S2,02:16.67,02:21.00,PLAN_ESTIMATE_REPLACE_WITH_FORCED_ALIGNMENT,Viele Ursprünge,kein einzelner Ursprung,IMG025_MANY_ORIGINS_ARCHIVE_TABLE,GENERATED_STILL,C:\Users\iQPrinceps\Documents\Codex\Youtube Modelle des Geistes\06_PRODUCTION\EP07_SCHLAFPARALYSE_V4\IMAGE_GENERATION_KIT\03_GENERATED_OUTPUT\NanoBanana_Pro_2K_Series\IMG025_MANY_ORIGINS_ARCHIVE_TABLE.png,,MISSING_GENERATION,GENTLE_ZOOM_1P5_TO_2P5_PERCENT,Bei historischer Szene: Rekonstruktion; sonst kein Overlay,PAPER_GEOGRAPHY,Hard cut within act; 0.35 s dissolve only at act boundary
V033,EP07_TAKE_006,S2,02:21.00,02:25.33,PLAN_ESTIMATE_REPLACE_WITH_FORCED_ALIGNMENT,Viele Ursprünge,körperliches Rohmaterial,IMG026_SHARED_MECHANIC_RELIEF,GENERATED_STILL,C:\Users\iQPrinceps\Documents\Codex\Youtube Modelle des Geistes\06_PRODUCTION\EP07_SCHLAFPARALYSE_V4\IMAGE_GENERATION_KIT\03_GENERATED_OUTPUT\NanoBanana_Pro_2K_Series\IMG026_SHARED_MECHANIC_RELIEF.png,,MISSING_GENERATION,HOLD_STATIC_0_TO_1_PERCENT,Bei historischer Szene: Rekonstruktion; sonst kein Overlay,PAPER_GEOGRAPHY,Hard cut within act; 0.35 s dissolve only at act boundary
V034,EP07_TAKE_006,S2,02:25.33,02:29.67,PLAN_ESTIMATE_REPLACE_WITH_FORCED_ALIGNMENT,Viele Ursprünge,historische Tiefe,SRC_EP07_Queen_of_the_Night_Burney_Relief_full_object,ORIGINAL_SOURCE,C:\Users\iQPrinceps\Documents\Codex\Youtube Modelle des Geistes\06_PRODUCTION\EP07_SCHLAFPARALYSE_V4\04_EDITOR_DERIVATIVES\SRC_EP07_Queen_of_the_Night_Burney_Relief_full_object.png,C:\Users\iQPrinceps\Documents\Codex\Youtube Modelle des Geistes\06_PRODUCTION\EP07_SCHLAFPARALYSE_V4\IMAGE_GENERATION_KIT\02_ASSETS\EP07_Queen_of_the_Night_Burney_Relief.jpg,DERIVE_STATIC_FRAME,STATIC_CONTAIN_OR_SEMANTIC_CROP,Quelle und Jahr unten links; keine Bewegung,PAPER_GEOGRAPHY,Hard cut within act; 0.35 s dissolve only at act boundary
V035,EP07_TAKE_006,S2,02:29.67,02:34.00,PLAN_ESTIMATE_REPLACE_WITH_FORCED_ALIGNMENT,Viele Ursprünge,Relief als getrenntes Museumsobjekt,IMG008_BURNEY_RELIEF_SOURCE_ROOM,GENERATED_STILL,C:\Users\iQPrinceps\Documents\Codex\Youtube Modelle des Geistes\06_PRODUCTION\EP07_SCHLAFPARALYSE_V4\IMAGE_GENERATION_KIT\03_GENERATED_OUTPUT\NanoBanana_Pro_2K_Series\IMG008_BURNEY_RELIEF_SOURCE_ROOM.png,,READY,LOCKED_STATIC_SOURCE_COMPOSITE,Kein Zusatztext,PAPER_GEOGRAPHY,Hard cut within act; 0.35 s dissolve only at act boundary
V036,EP07_TAKE_007,S3,02:34.00,02:38.10,PLAN_ESTIMATE_REPLACE_WITH_FORCED_ALIGNMENT,"Mahr, Incubus, Kanashibari",viele Namen,SHOT02_MANY_NAMES_PAPER_LAYERS,GENERATED_STILL,C:\Users\iQPrinceps\Documents\Codex\Youtube Modelle des Geistes\06_PRODUCTION\EP07_SCHLAFPARALYSE_V4\IMAGE_GENERATION_KIT\03_GENERATED_OUTPUT\NanoBanana_Pro_2K_Series\SHOT02_MANY_NAMES_PAPER_LAYERS.png,,READY,GENTLE_ZOOM_1P5_TO_2P5_PERCENT,Kein Zusatztext,CULTURAL_PAPER,Hard cut within act; 0.35 s dissolve only at act boundary
V037,EP07_TAKE_007,S3,02:38.10,02:42.20,PLAN_ESTIMATE_REPLACE_WITH_FORCED_ALIGNMENT,"Mahr, Incubus, Kanashibari",Mahr und Incubus,SRC_EP07_Jinn_from_Ali_manuscript_full_manuscript,ORIGINAL_SOURCE,C:\Users\iQPrinceps\Documents\Codex\Youtube Modelle des Geistes\06_PRODUCTION\EP07_SCHLAFPARALYSE_V4\04_EDITOR_DERIVATIVES\SRC_EP07_Jinn_from_Ali_manuscript_full_manuscript.png,C:\Users\iQPrinceps\Documents\Codex\Youtube Modelle des Geistes\06_PRODUCTION\EP07_SCHLAFPARALYSE_V4\IMAGE_GENERATION_KIT\02_ASSETS\EP07_Jinn_from_Ali_manuscript.png,DERIVE_STATIC_FRAME,STATIC_CONTAIN_OR_SEMANTIC_CROP,Quelle und Jahr unten links; keine Bewegung,CULTURAL_PAPER,Hard cut within act; 0.35 s dissolve only at act boundary
V038,EP07_TAKE_007,S3,02:42.20,02:46.30,PLAN_ESTIMATE_REPLACE_WITH_FORCED_ALIGNMENT,"Mahr, Incubus, Kanashibari",japanischer Bildraum,SRC_EP07_Kunisada_The_Ghost_full_print,ORIGINAL_SOURCE,C:\Users\iQPrinceps\Documents\Codex\Youtube Modelle des Geistes\06_PRODUCTION\EP07_SCHLAFPARALYSE_V4\04_EDITOR_DERIVATIVES\SRC_EP07_Kunisada_The_Ghost_full_print.png,C:\Users\iQPrinceps\Documents\Codex\Youtube Modelle des Geistes\06_PRODUCTION\EP07_SCHLAFPARALYSE_V4\IMAGE_GENERATION_KIT\02_ASSETS\EP07_Kunisada_The_Ghost.jpg,DERIVE_STATIC_FRAME,STATIC_CONTAIN_OR_SEMANTIC_CROP,Quelle und Jahr unten links; keine Bewegung,CULTURAL_PAPER,Hard cut within act; 0.35 s dissolve only at act boundary
V039,EP07_TAKE_007,S3,02:46.30,02:50.40,PLAN_ESTIMATE_REPLACE_WITH_FORCED_ALIGNMENT,"Mahr, Incubus, Kanashibari",anderes japanisches Motiv,SRC_EP07_Yoshitoshi_Shoki_full_print,ORIGINAL_SOURCE,C:\Users\iQPrinceps\Documents\Codex\Youtube Modelle des Geistes\06_PRODUCTION\EP07_SCHLAFPARALYSE_V4\04_EDITOR_DERIVATIVES\SRC_EP07_Yoshitoshi_Shoki_full_print.png,C:\Users\iQPrinceps\Documents\Codex\Youtube Modelle des Geistes\06_PRODUCTION\EP07_SCHLAFPARALYSE_V4\IMAGE_GENERATION_KIT\02_ASSETS\EP07_Yoshitoshi_Shoki.jpg,DERIVE_STATIC_FRAME,STATIC_CONTAIN_OR_SEMANTIC_CROP,Quelle und Jahr unten links; keine Bewegung,CULTURAL_PAPER,Hard cut within act; 0.35 s dissolve only at act boundary
V040,EP07_TAKE_007,S3,02:50.40,02:54.50,PLAN_ESTIMATE_REPLACE_WITH_FORCED_ALIGNMENT,"Mahr, Incubus, Kanashibari",Gebundensein,IMG027_KANASHIBARI_THRESHOLD,GENERATED_STILL,C:\Users\iQPrinceps\Documents\Codex\Youtube Modelle des Geistes\06_PRODUCTION\EP07_SCHLAFPARALYSE_V4\IMAGE_GENERATION_KIT\03_GENERATED_OUTPUT\NanoBanana_Pro_2K_Series\IMG027_KANASHIBARI_THRESHOLD.png,,MISSING_GENERATION,HOLD_STATIC_0_TO_1_PERCENT,Bei historischer Szene: Rekonstruktion; sonst kein Overlay,CULTURAL_PAPER,Hard cut within act; 0.35 s dissolve only at act boundary
V041,EP07_TAKE_007,S3,02:54.50,02:60.00,PLAN_ESTIMATE_REPLACE_WITH_FORCED_ALIGNMENT,"Mahr, Incubus, Kanashibari",Namen im Überblick,CARD001_VIELE_NAMEN,CARD,C:\Users\iQPrinceps\Documents\Codex\Youtube Modelle des Geistes\06_PRODUCTION\EP07_SCHLAFPARALYSE_V4\IMAGE_GENERATION_KIT\03_GENERATED_OUTPUT\CARDS\CARD001_VIELE_NAMEN.png,,READY,LOCKED_STATIC_NO_ZOOM_NO_PAN_NO_DRIFT,Keine zusätzliche Typografie,CULTURAL_PAPER,Hard cut within act; 0.35 s dissolve only at act boundary
V042,EP07_TAKE_008,S3,03:00.00,03:04.17,PLAN_ESTIMATE_REPLACE_WITH_FORCED_ALIGNMENT,"Jinn, China, Old Hag",Jinn als Deutung,SRC_EP07_Jinn_from_Ali_manuscript_figure_detail,ORIGINAL_SOURCE,C:\Users\iQPrinceps\Documents\Codex\Youtube Modelle des Geistes\06_PRODUCTION\EP07_SCHLAFPARALYSE_V4\04_EDITOR_DERIVATIVES\SRC_EP07_Jinn_from_Ali_manuscript_figure_detail.png,C:\Users\iQPrinceps\Documents\Codex\Youtube Modelle des Geistes\06_PRODUCTION\EP07_SCHLAFPARALYSE_V4\IMAGE_GENERATION_KIT\02_ASSETS\EP07_Jinn_from_Ali_manuscript.png,DERIVE_STATIC_FRAME,STATIC_CONTAIN_OR_SEMANTIC_CROP,Quelle und Jahr unten links; keine Bewegung,CULTURAL_ROOM,Hard cut within act; 0.35 s dissolve only at act boundary
V043,EP07_TAKE_008,S3,03:04.17,03:08.33,PLAN_ESTIMATE_REPLACE_WITH_FORCED_ALIGNMENT,"Jinn, China, Old Hag",älterer Bildanker,SRC_EP07_Queen_of_the_Night_Burney_Relief_face_detail,ORIGINAL_SOURCE,C:\Users\iQPrinceps\Documents\Codex\Youtube Modelle des Geistes\06_PRODUCTION\EP07_SCHLAFPARALYSE_V4\04_EDITOR_DERIVATIVES\SRC_EP07_Queen_of_the_Night_Burney_Relief_face_detail.png,C:\Users\iQPrinceps\Documents\Codex\Youtube Modelle des Geistes\06_PRODUCTION\EP07_SCHLAFPARALYSE_V4\IMAGE_GENERATION_KIT\02_ASSETS\EP07_Queen_of_the_Night_Burney_Relief.jpg,DERIVE_STATIC_FRAME,STATIC_CONTAIN_OR_SEMANTIC_CROP,Quelle und Jahr unten links; keine Bewegung,CULTURAL_ROOM,Hard cut within act; 0.35 s dissolve only at act boundary
V044,EP07_TAKE_008,S3,03:08.33,03:12.50,PLAN_ESTIMATE_REPLACE_WITH_FORCED_ALIGNMENT,"Jinn, China, Old Hag",Neufundland,IMG028_NEWFOUNDLAND_ORAL_HISTORY,GENERATED_STILL,C:\Users\iQPrinceps\Documents\Codex\Youtube Modelle des Geistes\06_PRODUCTION\EP07_SCHLAFPARALYSE_V4\IMAGE_GENERATION_KIT\03_GENERATED_OUTPUT\NanoBanana_Pro_2K_Series\IMG028_NEWFOUNDLAND_ORAL_HISTORY.png,,MISSING_GENERATION,GENTLE_ZOOM_1P5_TO_2P5_PERCENT,Bei historischer Szene: Rekonstruktion; sonst kein Overlay,CULTURAL_ROOM,Hard cut within act; 0.35 s dissolve only at act boundary
V045,EP07_TAKE_008,S3,03:12.50,03:16.67,PLAN_ESTIMATE_REPLACE_WITH_FORCED_ALIGNMENT,"Jinn, China, Old Hag",Neufundland als Ort,ORIG_ORIG_NEWFOUNDLAND_MAP_PD_full_map,ORIGINAL_SOURCE,C:\Users\iQPrinceps\Documents\Codex\Youtube Modelle des Geistes\06_PRODUCTION\EP07_SCHLAFPARALYSE_V4\04_EDITOR_DERIVATIVES\ORIG_ORIG_NEWFOUNDLAND_MAP_PD_full_map.png,C:\Users\iQPrinceps\Documents\Codex\Youtube Modelle des Geistes\06_PRODUCTION\EP07_SCHLAFPARALYSE_V4\IMAGE_GENERATION_KIT\02_ASSETS\ORIG_NEWFOUNDLAND_MAP_PD.png,MISSING_ACQUISITION,STATIC_CONTAIN_OR_SEMANTIC_CROP,Nur nach Rechteprüfung; Quelle und Jahr unten links,CULTURAL_ROOM,Hard cut within act; 0.35 s dissolve only at act boundary
V046,EP07_TAKE_008,S3,03:16.67,03:20.83,PLAN_ESTIMATE_REPLACE_WITH_FORCED_ALIGNMENT,"Jinn, China, Old Hag",chinesische Überlieferung,ORIG_ORIG_CHINESE_GHOST_PRESSURE_SOURCE_PD_source_detail,ORIGINAL_SOURCE,C:\Users\iQPrinceps\Documents\Codex\Youtube Modelle des Geistes\06_PRODUCTION\EP07_SCHLAFPARALYSE_V4\04_EDITOR_DERIVATIVES\ORIG_ORIG_CHINESE_GHOST_PRESSURE_SOURCE_PD_source_detail.png,C:\Users\iQPrinceps\Documents\Codex\Youtube Modelle des Geistes\06_PRODUCTION\EP07_SCHLAFPARALYSE_V4\IMAGE_GENERATION_KIT\02_ASSETS\ORIG_CHINESE_GHOST_PRESSURE_SOURCE_PD.png,MISSING_ACQUISITION,STATIC_CONTAIN_OR_SEMANTIC_CROP,Nur nach Rechteprüfung; Quelle und Jahr unten links,CULTURAL_ROOM,Hard cut within act; 0.35 s dissolve only at act boundary
V047,EP07_TAKE_008,S3,03:20.83,03:25.00,PLAN_ESTIMATE_REPLACE_WITH_FORCED_ALIGNMENT,"Jinn, China, Old Hag",keine einfache Familie,IMG007_MARA_INCUBUS_KANASHIBARI_BASE,GENERATED_STILL,C:\Users\iQPrinceps\Documents\Codex\Youtube Modelle des Geistes\06_PRODUCTION\EP07_SCHLAFPARALYSE_V4\IMAGE_GENERATION_KIT\03_GENERATED_OUTPUT\NanoBanana_Pro_2K_Series\IMG007_MARA_INCUBUS_KANASHIBARI_BASE.png,,READY,HOLD_STATIC_0_TO_1_PERCENT,Kein Zusatztext,CULTURAL_ROOM,Hard cut within act; 0.35 s dissolve only at act boundary
V048,EP07_TAKE_009,S3,03:25.00,03:29.00,PLAN_ESTIMATE_REPLACE_WITH_FORCED_ALIGNMENT,Körper vor Mythos,Zustand zuerst,IMG012_EXPERIENCE_BEFORE_STORY,GENERATED_STILL,C:\Users\iQPrinceps\Documents\Codex\Youtube Modelle des Geistes\06_PRODUCTION\EP07_SCHLAFPARALYSE_V4\IMAGE_GENERATION_KIT\03_GENERATED_OUTPUT\NanoBanana_Pro_2K_Series\IMG012_EXPERIENCE_BEFORE_STORY.png,,READY,GENTLE_ZOOM_1P5_TO_2P5_PERCENT,Kein Zusatztext,THRESHOLD_TONE,Hard cut within act; 0.35 s dissolve only at act boundary
V049,EP07_TAKE_009,S3,03:29.00,03:33.00,PLAN_ESTIMATE_REPLACE_WITH_FORCED_ALIGNMENT,Körper vor Mythos,Worte entstehen,IMG013_BODY_TO_STORY_FLOW_BASE,GENERATED_STILL,C:\Users\iQPrinceps\Documents\Codex\Youtube Modelle des Geistes\06_PRODUCTION\EP07_SCHLAFPARALYSE_V4\IMAGE_GENERATION_KIT\03_GENERATED_OUTPUT\NanoBanana_Pro_2K_Series\IMG013_BODY_TO_STORY_FLOW_BASE.png,,READY,HOLD_STATIC_0_TO_1_PERCENT,Kein Zusatztext,THRESHOLD_TONE,Hard cut within act; 0.35 s dissolve only at act boundary
V050,EP07_TAKE_009,S3,03:33.00,03:37.00,PLAN_ESTIMATE_REPLACE_WITH_FORCED_ALIGNMENT,Körper vor Mythos,kulturelle Form bildet sich,CLIP001_CULTURAL_MASKS,TRANSFORM_CLIP,C:\Users\iQPrinceps\Documents\Codex\Youtube Modelle des Geistes\06_PRODUCTION\EP07_SCHLAFPARALYSE_V4\IMAGE_GENERATION_KIT\03_GENERATED_OUTPUT\NanoBanana_Pro_2K_Series\CLIP001_CULTURAL_MASKS.mp4,,READY,NATIVE_MOTION_NO_ADDITIONAL_CAMERA,Kulturelle Visualisierung,THRESHOLD_TONE,Hard cut within act; 0.35 s dissolve only at act boundary
V051,EP07_TAKE_009,S3,03:37.00,03:41.00,PLAN_ESTIMATE_REPLACE_WITH_FORCED_ALIGNMENT,Körper vor Mythos,Erlebnis vor Bekanntschaft,IMG032_UNNAMED_FIRST_EPISODE,GENERATED_STILL,C:\Users\iQPrinceps\Documents\Codex\Youtube Modelle des Geistes\06_PRODUCTION\EP07_SCHLAFPARALYSE_V4\IMAGE_GENERATION_KIT\03_GENERATED_OUTPUT\NanoBanana_Pro_2K_Series\IMG032_UNNAMED_FIRST_EPISODE.png,,MISSING_GENERATION,GENTLE_ZOOM_1P5_TO_2P5_PERCENT,Bei historischer Szene: Rekonstruktion; sonst kein Overlay,THRESHOLD_TONE,Hard cut within act; 0.35 s dissolve only at act boundary
V052,EP07_TAKE_009,S3,03:41.00,03:45.00,PLAN_ESTIMATE_REPLACE_WITH_FORCED_ALIGNMENT,Körper vor Mythos,ein Name wartet bereits,IMG051_NAME_WAITING_IN_SHADOW,GENERATED_STILL,C:\Users\iQPrinceps\Documents\Codex\Youtube Modelle des Geistes\06_PRODUCTION\EP07_SCHLAFPARALYSE_V4\IMAGE_GENERATION_KIT\03_GENERATED_OUTPUT\NanoBanana_Pro_2K_Series\IMG051_NAME_WAITING_IN_SHADOW.png,,MISSING_GENERATION,HOLD_STATIC_0_TO_1_PERCENT,Bei historischer Szene: Rekonstruktion; sonst kein Overlay,THRESHOLD_TONE,Hard cut within act; 0.35 s dissolve only at act boundary
V053,EP07_TAKE_009,S3,03:45.00,03:49.00,PLAN_ESTIMATE_REPLACE_WITH_FORCED_ALIGNMENT,Körper vor Mythos,älteres Schwellenmotiv,SRC_EP07_Queen_of_the_Night_Burney_Relief_talons_detail,ORIGINAL_SOURCE,C:\Users\iQPrinceps\Documents\Codex\Youtube Modelle des Geistes\06_PRODUCTION\EP07_SCHLAFPARALYSE_V4\04_EDITOR_DERIVATIVES\SRC_EP07_Queen_of_the_Night_Burney_Relief_talons_detail.png,C:\Users\iQPrinceps\Documents\Codex\Youtube Modelle des Geistes\06_PRODUCTION\EP07_SCHLAFPARALYSE_V4\IMAGE_GENERATION_KIT\02_ASSETS\EP07_Queen_of_the_Night_Burney_Relief.jpg,DERIVE_STATIC_FRAME,STATIC_CONTAIN_OR_SEMANTIC_CROP,Quelle und Jahr unten links; keine Bewegung,THRESHOLD_TONE,Hard cut within act; 0.35 s dissolve only at act boundary
V054,EP07_TAKE_010,S4,03:49.00,03:54.00,PLAN_ESTIMATE_REPLACE_WITH_FORCED_ALIGNMENT,Historische Deutungswelt,historische Deutungswelt,SRC_EP07_Malleus_Maleficarum_1928_Wellcome_p1_title_and_metadata,ORIGINAL_SOURCE,C:\Users\iQPrinceps\Documents\Codex\Youtube Modelle des Geistes\06_PRODUCTION\EP07_SCHLAFPARALYSE_V4\04_EDITOR_DERIVATIVES\SRC_EP07_Malleus_Maleficarum_1928_Wellcome_p1_title_and_metadata.png,C:\Users\iQPrinceps\Documents\Codex\Youtube Modelle des Geistes\06_PRODUCTION\EP07_SCHLAFPARALYSE_V4\IMAGE_GENERATION_KIT\02_ASSETS\EP07_Malleus_Maleficarum_1928_Wellcome.pdf,DERIVE_STATIC_FRAME,STATIC_CONTAIN_OR_SEMANTIC_CROP,Quelle und Jahr unten links; keine Bewegung,CHURCH_DISTANCE,Hard cut within act; 0.35 s dissolve only at act boundary
V055,EP07_TAKE_010,S4,03:54.00,03:59.00,PLAN_ESTIMATE_REPLACE_WITH_FORCED_ALIGNMENT,Historische Deutungswelt,Dämonologie und Hexerei,SRC_EP07_Malleus_1494_Bull_Innocent_VIII_Wellcome_full_page,ORIGINAL_SOURCE,C:\Users\iQPrinceps\Documents\Codex\Youtube Modelle des Geistes\06_PRODUCTION\EP07_SCHLAFPARALYSE_V4\04_EDITOR_DERIVATIVES\SRC_EP07_Malleus_1494_Bull_Innocent_VIII_Wellcome_full_page.png,C:\Users\iQPrinceps\Documents\Codex\Youtube Modelle des Geistes\06_PRODUCTION\EP07_SCHLAFPARALYSE_V4\IMAGE_GENERATION_KIT\02_ASSETS\EP07_Malleus_1494_Bull_Innocent_VIII_Wellcome.jpg,DERIVE_STATIC_FRAME,STATIC_CONTAIN_OR_SEMANTIC_CROP,Quelle und Jahr unten links; keine Bewegung,CHURCH_DISTANCE,Hard cut within act; 0.35 s dissolve only at act boundary
V056,EP07_TAKE_010,S4,03:59.00,04:04.00,PLAN_ESTIMATE_REPLACE_WITH_FORCED_ALIGNMENT,Historische Deutungswelt,frühneuzeitlicher Raum,IMG009_MEDIEVAL_BEDROOM_EXPLANATION,GENERATED_STILL,C:\Users\iQPrinceps\Documents\Codex\Youtube Modelle des Geistes\06_PRODUCTION\EP07_SCHLAFPARALYSE_V4\IMAGE_GENERATION_KIT\03_GENERATED_OUTPUT\NanoBanana_Pro_2K_Series\IMG009_MEDIEVAL_BEDROOM_EXPLANATION.png,,READY,GENTLE_ZOOM_1P5_TO_2P5_PERCENT,Rekonstruktion,CHURCH_DISTANCE,Hard cut within act; 0.35 s dissolve only at act boundary
V057,EP07_TAKE_010,S4,04:04.00,04:09.00,PLAN_ESTIMATE_REPLACE_WITH_FORCED_ALIGNMENT,Historische Deutungswelt,Anschuldigung im Bild,SRC_EP07_Examination_of_a_Witch_Matteson_1853_full_painting_later_depiction,ORIGINAL_SOURCE,C:\Users\iQPrinceps\Documents\Codex\Youtube Modelle des Geistes\06_PRODUCTION\EP07_SCHLAFPARALYSE_V4\04_EDITOR_DERIVATIVES\SRC_EP07_Examination_of_a_Witch_Matteson_1853_full_painting_later_depiction.png,C:\Users\iQPrinceps\Documents\Codex\Youtube Modelle des Geistes\06_PRODUCTION\EP07_SCHLAFPARALYSE_V4\IMAGE_GENERATION_KIT\02_ASSETS\EP07_Examination_of_a_Witch_Matteson_1853.jpg,DERIVE_STATIC_FRAME,STATIC_CONTAIN_OR_SEMANTIC_CROP,Quelle und Jahr unten links; keine Bewegung,CHURCH_DISTANCE,Hard cut within act; 0.35 s dissolve only at act boundary
V058,EP07_TAKE_010,S4,04:09.00,04:14.00,PLAN_ESTIMATE_REPLACE_WITH_FORCED_ALIGNMENT,Historische Deutungswelt,Erklärungen der Umgebung,IMG029_HOUSEHOLD_EXPLANATION_CHOICES,GENERATED_STILL,C:\Users\iQPrinceps\Documents\Codex\Youtube Modelle des Geistes\06_PRODUCTION\EP07_SCHLAFPARALYSE_V4\IMAGE_GENERATION_KIT\03_GENERATED_OUTPUT\NanoBanana_Pro_2K_Series\IMG029_HOUSEHOLD_EXPLANATION_CHOICES.png,,MISSING_GENERATION,HOLD_STATIC_0_TO_1_PERCENT,Bei historischer Szene: Rekonstruktion; sonst kein Overlay,CHURCH_DISTANCE,Hard cut within act; 0.35 s dissolve only at act boundary
V059,EP07_TAKE_011,S4,04:14.00,04:18.33,PLAN_ESTIMATE_REPLACE_WITH_FORCED_ALIGNMENT,Gegenmaßnahmen,alltägliche Gegenmaßnahmen,IMG010_RITUAL_RESPONSE_TABLE,GENERATED_STILL,C:\Users\iQPrinceps\Documents\Codex\Youtube Modelle des Geistes\06_PRODUCTION\EP07_SCHLAFPARALYSE_V4\IMAGE_GENERATION_KIT\03_GENERATED_OUTPUT\NanoBanana_Pro_2K_Series\IMG010_RITUAL_RESPONSE_TABLE.png,,READY,GENTLE_ZOOM_1P5_TO_2P5_PERCENT,Kein Zusatztext,OBJECT_FOLEY,Hard cut within act; 0.35 s dissolve only at act boundary
V060,EP07_TAKE_011,S4,04:18.33,04:22.67,PLAN_ESTIMATE_REPLACE_WITH_FORCED_ALIGNMENT,Gegenmaßnahmen,gedruckte Dämonologie,SRC_EP07_Malleus_Maleficarum_1928_Wellcome_editor_selected_relevant_passage,ORIGINAL_SOURCE,C:\Users\iQPrinceps\Documents\Codex\Youtube Modelle des Geistes\06_PRODUCTION\EP07_SCHLAFPARALYSE_V4\04_EDITOR_DERIVATIVES\SRC_EP07_Malleus_Maleficarum_1928_Wellcome_editor_selected_relevant_passage.png,C:\Users\iQPrinceps\Documents\Codex\Youtube Modelle des Geistes\06_PRODUCTION\EP07_SCHLAFPARALYSE_V4\IMAGE_GENERATION_KIT\02_ASSETS\EP07_Malleus_Maleficarum_1928_Wellcome.pdf,DERIVE_STATIC_FRAME,STATIC_CONTAIN_OR_SEMANTIC_CROP,Quelle und Jahr unten links; keine Bewegung,OBJECT_FOLEY,Hard cut within act; 0.35 s dissolve only at act boundary
V061,EP07_TAKE_011,S4,04:22.67,04:27.00,PLAN_ESTIMATE_REPLACE_WITH_FORCED_ALIGNMENT,Gegenmaßnahmen,Gerichtsordnung,SRC_EP07_Trial_George_Jacobs_Salem_LOC_full_later_depiction,ORIGINAL_SOURCE,C:\Users\iQPrinceps\Documents\Codex\Youtube Modelle des Geistes\06_PRODUCTION\EP07_SCHLAFPARALYSE_V4\04_EDITOR_DERIVATIVES\SRC_EP07_Trial_George_Jacobs_Salem_LOC_full_later_depiction.png,C:\Users\iQPrinceps\Documents\Codex\Youtube Modelle des Geistes\06_PRODUCTION\EP07_SCHLAFPARALYSE_V4\IMAGE_GENERATION_KIT\02_ASSETS\EP07_Trial_George_Jacobs_Salem_LOC.jpg,DERIVE_STATIC_FRAME,STATIC_CONTAIN_OR_SEMANTIC_CROP,Quelle und Jahr unten links; keine Bewegung,OBJECT_FOLEY,Hard cut within act; 0.35 s dissolve only at act boundary
V062,EP07_TAKE_011,S4,04:27.00,04:31.33,PLAN_ESTIMATE_REPLACE_WITH_FORCED_ALIGNMENT,Gegenmaßnahmen,Gemeinschaft,SRC_EP07_Witchcraft_at_Salem_Village_1876_full_later_depiction,ORIGINAL_SOURCE,C:\Users\iQPrinceps\Documents\Codex\Youtube Modelle des Geistes\06_PRODUCTION\EP07_SCHLAFPARALYSE_V4\04_EDITOR_DERIVATIVES\SRC_EP07_Witchcraft_at_Salem_Village_1876_full_later_depiction.png,C:\Users\iQPrinceps\Documents\Codex\Youtube Modelle des Geistes\06_PRODUCTION\EP07_SCHLAFPARALYSE_V4\IMAGE_GENERATION_KIT\02_ASSETS\EP07_Witchcraft_at_Salem_Village_1876.jpg,DERIVE_STATIC_FRAME,STATIC_CONTAIN_OR_SEMANTIC_CROP,Quelle und Jahr unten links; keine Bewegung,OBJECT_FOLEY,Hard cut within act; 0.35 s dissolve only at act boundary
V063,EP07_TAKE_011,S4,04:31.33,04:35.67,PLAN_ESTIMATE_REPLACE_WITH_FORCED_ALIGNMENT,Gegenmaßnahmen,Handlung gegen das Wesen,IMG030_RITUAL_AS_PRACTICAL_RESPONSE,GENERATED_STILL,C:\Users\iQPrinceps\Documents\Codex\Youtube Modelle des Geistes\06_PRODUCTION\EP07_SCHLAFPARALYSE_V4\IMAGE_GENERATION_KIT\03_GENERATED_OUTPUT\NanoBanana_Pro_2K_Series\IMG030_RITUAL_AS_PRACTICAL_RESPONSE.png,,MISSING_GENERATION,HOLD_STATIC_0_TO_1_PERCENT,Bei historischer Szene: Rekonstruktion; sonst kein Overlay,OBJECT_FOLEY,Hard cut within act; 0.35 s dissolve only at act boundary
V064,EP07_TAKE_011,S4,04:35.67,04:40.00,PLAN_ESTIMATE_REPLACE_WITH_FORCED_ALIGNMENT,Gegenmaßnahmen,Ritual bringt Erleichterung,SHOT01_SALEM_EMPTY_BED,GENERATED_STILL,C:\Users\iQPrinceps\Documents\Codex\Youtube Modelle des Geistes\06_PRODUCTION\EP07_SCHLAFPARALYSE_V4\IMAGE_GENERATION_KIT\03_GENERATED_OUTPUT\NanoBanana_Pro_2K_Series\SHOT01_SALEM_EMPTY_BED.png,,READY,GENTLE_ZOOM_1P5_TO_2P5_PERCENT,Kein Zusatztext,OBJECT_FOLEY,Hard cut within act; 0.35 s dissolve only at act boundary
V065,EP07_TAKE_012,S4,04:40.00,04:44.30,PLAN_ESTIMATE_REPLACE_WITH_FORCED_ALIGNMENT,Private Nacht wird öffentlich,persönlich wird öffentlich,IMG003_PRIVATE_NIGHT_TO_COURT,GENERATED_STILL,C:\Users\iQPrinceps\Documents\Codex\Youtube Modelle des Geistes\06_PRODUCTION\EP07_SCHLAFPARALYSE_V4\IMAGE_GENERATION_KIT\03_GENERATED_OUTPUT\NanoBanana_Pro_2K_Series\IMG003_PRIVATE_NIGHT_TO_COURT.png,,READY,LOCKED_STATIC_SOURCE_COMPOSITE,Kein Zusatztext,COURT_TRANSITION,Hard cut within act; 0.35 s dissolve only at act boundary
V066,EP07_TAKE_012,S4,04:44.30,04:48.60,PLAN_ESTIMATE_REPLACE_WITH_FORCED_ALIGNMENT,Private Nacht wird öffentlich,Publikum sammelt sich,IMG050_PRIVATE_TO_PUBLIC_NETWORK,GENERATED_STILL,C:\Users\iQPrinceps\Documents\Codex\Youtube Modelle des Geistes\06_PRODUCTION\EP07_SCHLAFPARALYSE_V4\IMAGE_GENERATION_KIT\03_GENERATED_OUTPUT\NanoBanana_Pro_2K_Series\IMG050_PRIVATE_TO_PUBLIC_NETWORK.png,,MISSING_GENERATION,HOLD_STATIC_0_TO_1_PERCENT,Bei historischer Szene: Rekonstruktion; sonst kein Overlay,COURT_TRANSITION,Hard cut within act; 0.35 s dissolve only at act boundary
V067,EP07_TAKE_012,S4,04:48.60,04:52.90,PLAN_ESTIMATE_REPLACE_WITH_FORCED_ALIGNMENT,Private Nacht wird öffentlich,Gericht als spätere Darstellung,SRC_EP07_Trial_George_Jacobs_Salem_LOC_court_detail_later_depiction,ORIGINAL_SOURCE,C:\Users\iQPrinceps\Documents\Codex\Youtube Modelle des Geistes\06_PRODUCTION\EP07_SCHLAFPARALYSE_V4\04_EDITOR_DERIVATIVES\SRC_EP07_Trial_George_Jacobs_Salem_LOC_court_detail_later_depiction.png,C:\Users\iQPrinceps\Documents\Codex\Youtube Modelle des Geistes\06_PRODUCTION\EP07_SCHLAFPARALYSE_V4\IMAGE_GENERATION_KIT\02_ASSETS\EP07_Trial_George_Jacobs_Salem_LOC.jpg,DERIVE_STATIC_FRAME,STATIC_CONTAIN_OR_SEMANTIC_CROP,Quelle und Jahr unten links; keine Bewegung,COURT_TRANSITION,Hard cut within act; 0.35 s dissolve only at act boundary
V068,EP07_TAKE_012,S4,04:52.90,04:57.20,PLAN_ESTIMATE_REPLACE_WITH_FORCED_ALIGNMENT,Private Nacht wird öffentlich,Gemeinschaft als spätere Darstellung,SRC_EP07_Witchcraft_at_Salem_Village_1876_crowd_detail_later_depiction,ORIGINAL_SOURCE,C:\Users\iQPrinceps\Documents\Codex\Youtube Modelle des Geistes\06_PRODUCTION\EP07_SCHLAFPARALYSE_V4\04_EDITOR_DERIVATIVES\SRC_EP07_Witchcraft_at_Salem_Village_1876_crowd_detail_later_depiction.png,C:\Users\iQPrinceps\Documents\Codex\Youtube Modelle des Geistes\06_PRODUCTION\EP07_SCHLAFPARALYSE_V4\IMAGE_GENERATION_KIT\02_ASSETS\EP07_Witchcraft_at_Salem_Village_1876.jpg,DERIVE_STATIC_FRAME,STATIC_CONTAIN_OR_SEMANTIC_CROP,Quelle und Jahr unten links; keine Bewegung,COURT_TRANSITION,Hard cut within act; 0.35 s dissolve only at act boundary
V069,EP07_TAKE_012,S4,04:57.20,05:02.70,PLAN_ESTIMATE_REPLACE_WITH_FORCED_ALIGNMENT,Private Nacht wird öffentlich,private Nacht wird Gericht,CARD002_PRIVATNACHT_GERICHT,CARD,C:\Users\iQPrinceps\Documents\Codex\Youtube Modelle des Geistes\06_PRODUCTION\EP07_SCHLAFPARALYSE_V4\IMAGE_GENERATION_KIT\03_GENERATED_OUTPUT\CARDS\CARD002_PRIVATNACHT_GERICHT.png,,READY,LOCKED_STATIC_NO_ZOOM_NO_PAN_NO_DRIFT,Keine zusätzliche Typografie,COURT_TRANSITION,Hard cut within act; 0.35 s dissolve only at act boundary
V070,EP07_TAKE_012,S4,05:02.70,05:07.00,PLAN_ESTIMATE_REPLACE_WITH_FORCED_ALIGNMENT,Private Nacht wird öffentlich,unterschriebene Untersuchung,SRC_EP07_Bridget_Bishop_Examination_1692_p1_signature_detail,ORIGINAL_SOURCE,C:\Users\iQPrinceps\Documents\Codex\Youtube Modelle des Geistes\06_PRODUCTION\EP07_SCHLAFPARALYSE_V4\04_EDITOR_DERIVATIVES\SRC_EP07_Bridget_Bishop_Examination_1692_p1_signature_detail.png,C:\Users\iQPrinceps\Documents\Codex\Youtube Modelle des Geistes\06_PRODUCTION\EP07_SCHLAFPARALYSE_V4\IMAGE_GENERATION_KIT\02_ASSETS\EP07_Bridget_Bishop_Examination_1692.pdf,DERIVE_STATIC_FRAME,STATIC_CONTAIN_OR_SEMANTIC_CROP,Quelle und Jahr unten links; keine Bewegung,COURT_TRANSITION,Hard cut within act; 0.35 s dissolve only at act boundary
V071,EP07_TAKE_013,S5,05:07.00,05:11.33,PLAN_ESTIMATE_REPLACE_WITH_FORCED_ALIGNMENT,Huffords Feldarbeit,Hufford hört zu,IMG011_HUFFORD_FIELD_NOTES_RECON,GENERATED_STILL,C:\Users\iQPrinceps\Documents\Codex\Youtube Modelle des Geistes\06_PRODUCTION\EP07_SCHLAFPARALYSE_V4\IMAGE_GENERATION_KIT\03_GENERATED_OUTPUT\NanoBanana_Pro_2K_Series\IMG011_HUFFORD_FIELD_NOTES_RECON.png,,READY,GENTLE_ZOOM_1P5_TO_2P5_PERCENT,Rekonstruktion,FIELD_TAPE,Hard cut within act; 0.35 s dissolve only at act boundary
V072,EP07_TAKE_013,S5,05:11.33,05:15.67,PLAN_ESTIMATE_REPLACE_WITH_FORCED_ALIGNMENT,Huffords Feldarbeit,Aufzeichnung und Notizen,SHOT03_CASSETTE_NOTEBOOK_MACRO,GENERATED_STILL,C:\Users\iQPrinceps\Documents\Codex\Youtube Modelle des Geistes\06_PRODUCTION\EP07_SCHLAFPARALYSE_V4\IMAGE_GENERATION_KIT\03_GENERATED_OUTPUT\NanoBanana_Pro_2K_Series\SHOT03_CASSETTE_NOTEBOOK_MACRO.png,,READY,HOLD_STATIC_0_TO_1_PERCENT,Kein Zusatztext,FIELD_TAPE,Hard cut within act; 0.35 s dissolve only at act boundary
V073,EP07_TAKE_013,S5,05:15.67,05:20.00,PLAN_ESTIMATE_REPLACE_WITH_FORCED_ALIGNMENT,Huffords Feldarbeit,Huffords Buch als Forschungsanker,ORIG_ORIG_HUFFORD_TERROR_BOOK_COVER_LICENSED_full_cover,ORIGINAL_SOURCE,C:\Users\iQPrinceps\Documents\Codex\Youtube Modelle des Geistes\06_PRODUCTION\EP07_SCHLAFPARALYSE_V4\04_EDITOR_DERIVATIVES\ORIG_ORIG_HUFFORD_TERROR_BOOK_COVER_LICENSED_full_cover.png,C:\Users\iQPrinceps\Documents\Codex\Youtube Modelle des Geistes\06_PRODUCTION\EP07_SCHLAFPARALYSE_V4\IMAGE_GENERATION_KIT\02_ASSETS\ORIG_HUFFORD_TERROR_BOOK_COVER_LICENSED.png,MISSING_ACQUISITION,STATIC_CONTAIN_OR_SEMANTIC_CROP,Nur nach Rechteprüfung; Quelle und Jahr unten links,FIELD_TAPE,Hard cut within act; 0.35 s dissolve only at act boundary
V074,EP07_TAKE_013,S5,05:20.00,05:24.33,PLAN_ESTIMATE_REPLACE_WITH_FORCED_ALIGNMENT,Huffords Feldarbeit,Neufundland verorten,ORIG_ORIG_NEWFOUNDLAND_MAP_PD_newfoundland_detail,ORIGINAL_SOURCE,C:\Users\iQPrinceps\Documents\Codex\Youtube Modelle des Geistes\06_PRODUCTION\EP07_SCHLAFPARALYSE_V4\04_EDITOR_DERIVATIVES\ORIG_ORIG_NEWFOUNDLAND_MAP_PD_newfoundland_detail.png,C:\Users\iQPrinceps\Documents\Codex\Youtube Modelle des Geistes\06_PRODUCTION\EP07_SCHLAFPARALYSE_V4\IMAGE_GENERATION_KIT\02_ASSETS\ORIG_NEWFOUNDLAND_MAP_PD.png,MISSING_ACQUISITION,STATIC_CONTAIN_OR_SEMANTIC_CROP,Nur nach Rechteprüfung; Quelle und Jahr unten links,FIELD_TAPE,Hard cut within act; 0.35 s dissolve only at act boundary
V075,EP07_TAKE_013,S5,05:24.33,05:28.67,PLAN_ESTIMATE_REPLACE_WITH_FORCED_ALIGNMENT,Huffords Feldarbeit,Interview im Tageslicht,IMG031_HUFFORD_FIELD_INTERVIEW,GENERATED_STILL,C:\Users\iQPrinceps\Documents\Codex\Youtube Modelle des Geistes\06_PRODUCTION\EP07_SCHLAFPARALYSE_V4\IMAGE_GENERATION_KIT\03_GENERATED_OUTPUT\NanoBanana_Pro_2K_Series\IMG031_HUFFORD_FIELD_INTERVIEW.png,,MISSING_GENERATION,GENTLE_ZOOM_1P5_TO_2P5_PERCENT,Bei historischer Szene: Rekonstruktion; sonst kein Overlay,FIELD_TAPE,Hard cut within act; 0.35 s dissolve only at act boundary
V076,EP07_TAKE_013,S5,05:28.67,05:33.00,PLAN_ESTIMATE_REPLACE_WITH_FORCED_ALIGNMENT,Huffords Feldarbeit,Erinnerungsort statt Horrorbild,SRC_EP07_Proctors_Ledge_Memorial_full_context,ORIGINAL_SOURCE,C:\Users\iQPrinceps\Documents\Codex\Youtube Modelle des Geistes\06_PRODUCTION\EP07_SCHLAFPARALYSE_V4\04_EDITOR_DERIVATIVES\SRC_EP07_Proctors_Ledge_Memorial_full_context.png,C:\Users\iQPrinceps\Documents\Codex\Youtube Modelle des Geistes\06_PRODUCTION\EP07_SCHLAFPARALYSE_V4\IMAGE_GENERATION_KIT\02_ASSETS\EP07_Proctors_Ledge_Memorial.jpg,DERIVE_STATIC_FRAME,STATIC_CONTAIN_OR_SEMANTIC_CROP,Quelle und Jahr unten links; keine Bewegung,FIELD_TAPE,Hard cut within act; 0.35 s dissolve only at act boundary
V077,EP07_TAKE_014,S5,05:33.00,05:36.90,PLAN_ESTIMATE_REPLACE_WITH_FORCED_ALIGNMENT,Erfahrung vor Erzählung,Grundmuster vor Überlieferung,IMG043_FIRST_EPISODE_BODY_TRACE,GENERATED_STILL,C:\Users\iQPrinceps\Documents\Codex\Youtube Modelle des Geistes\06_PRODUCTION\EP07_SCHLAFPARALYSE_V4\IMAGE_GENERATION_KIT\03_GENERATED_OUTPUT\NanoBanana_Pro_2K_Series\IMG043_FIRST_EPISODE_BODY_TRACE.png,,MISSING_GENERATION,HOLD_STATIC_0_TO_1_PERCENT,Bei historischer Szene: Rekonstruktion; sonst kein Overlay,PENCIL_PAPER,Hard cut within act; 0.35 s dissolve only at act boundary
V078,EP07_TAKE_014,S5,05:36.90,05:40.80,PLAN_ESTIMATE_REPLACE_WITH_FORCED_ALIGNMENT,Erfahrung vor Erzählung,unbenannter erster Anfall,IMG032_UNNAMED_FIRST_EPISODE,GENERATED_STILL,C:\Users\iQPrinceps\Documents\Codex\Youtube Modelle des Geistes\06_PRODUCTION\EP07_SCHLAFPARALYSE_V4\IMAGE_GENERATION_KIT\03_GENERATED_OUTPUT\NanoBanana_Pro_2K_Series\IMG032_UNNAMED_FIRST_EPISODE.png,,MISSING_GENERATION,GENTLE_ZOOM_1P5_TO_2P5_PERCENT,Bei historischer Szene: Rekonstruktion; sonst kein Overlay,PENCIL_PAPER,Hard cut within act; 0.35 s dissolve only at act boundary
V079,EP07_TAKE_014,S5,05:40.80,05:44.70,PLAN_ESTIMATE_REPLACE_WITH_FORCED_ALIGNMENT,Erfahrung vor Erzählung,Hufford als Autor,ORIG_ORIG_HUFFORD_PORTRAIT_LICENSED_portrait,ORIGINAL_SOURCE,C:\Users\iQPrinceps\Documents\Codex\Youtube Modelle des Geistes\06_PRODUCTION\EP07_SCHLAFPARALYSE_V4\04_EDITOR_DERIVATIVES\ORIG_ORIG_HUFFORD_PORTRAIT_LICENSED_portrait.png,C:\Users\iQPrinceps\Documents\Codex\Youtube Modelle des Geistes\06_PRODUCTION\EP07_SCHLAFPARALYSE_V4\IMAGE_GENERATION_KIT\02_ASSETS\ORIG_HUFFORD_PORTRAIT_LICENSED.png,MISSING_ACQUISITION,STATIC_CONTAIN_OR_SEMANTIC_CROP,Nur nach Rechteprüfung; Quelle und Jahr unten links,PENCIL_PAPER,Hard cut within act; 0.35 s dissolve only at act boundary
V080,EP07_TAKE_014,S5,05:44.70,05:48.60,PLAN_ESTIMATE_REPLACE_WITH_FORCED_ALIGNMENT,Erfahrung vor Erzählung,Körper wird Erzählung,IMG013_BODY_TO_STORY_FLOW_BASE,GENERATED_STILL,C:\Users\iQPrinceps\Documents\Codex\Youtube Modelle des Geistes\06_PRODUCTION\EP07_SCHLAFPARALYSE_V4\IMAGE_GENERATION_KIT\03_GENERATED_OUTPUT\NanoBanana_Pro_2K_Series\IMG013_BODY_TO_STORY_FLOW_BASE.png,,READY,HOLD_STATIC_0_TO_1_PERCENT,Kein Zusatztext,PENCIL_PAPER,Hard cut within act; 0.35 s dissolve only at act boundary
V081,EP07_TAKE_014,S5,05:48.60,05:52.50,PLAN_ESTIMATE_REPLACE_WITH_FORCED_ALIGNMENT,Erfahrung vor Erzählung,Druckereignis,IMG056_PRESSURE_AS_MEMORY_RELIEF,GENERATED_STILL,C:\Users\iQPrinceps\Documents\Codex\Youtube Modelle des Geistes\06_PRODUCTION\EP07_SCHLAFPARALYSE_V4\IMAGE_GENERATION_KIT\03_GENERATED_OUTPUT\NanoBanana_Pro_2K_Series\IMG056_PRESSURE_AS_MEMORY_RELIEF.png,,MISSING_GENERATION,GENTLE_ZOOM_1P5_TO_2P5_PERCENT,Bei historischer Szene: Rekonstruktion; sonst kein Overlay,PENCIL_PAPER,Hard cut within act; 0.35 s dissolve only at act boundary
V082,EP07_TAKE_014,S5,05:52.50,05:58.00,PLAN_ESTIMATE_REPLACE_WITH_FORCED_ALIGNMENT,Erfahrung vor Erzählung,Huffords Umkehrung,CARD003_HUFFORD_INVERSION,CARD,C:\Users\iQPrinceps\Documents\Codex\Youtube Modelle des Geistes\06_PRODUCTION\EP07_SCHLAFPARALYSE_V4\IMAGE_GENERATION_KIT\03_GENERATED_OUTPUT\CARDS\CARD003_HUFFORD_INVERSION.png,,READY,LOCKED_STATIC_NO_ZOOM_NO_PAN_NO_DRIFT,Keine zusätzliche Typografie,PENCIL_PAPER,Hard cut within act; 0.35 s dissolve only at act boundary
V083,EP07_TAKE_015,S5,05:58.00,06:03.20,PLAN_ESTIMATE_REPLACE_WITH_FORCED_ALIGNMENT,Kultur wirkt danach,Erfahrung und Kultur,IMG015_EXPERIENCE_CULTURE_DECISION_BASE,GENERATED_STILL,C:\Users\iQPrinceps\Documents\Codex\Youtube Modelle des Geistes\06_PRODUCTION\EP07_SCHLAFPARALYSE_V4\IMAGE_GENERATION_KIT\03_GENERATED_OUTPUT\NanoBanana_Pro_2K_Series\IMG015_EXPERIENCE_CULTURE_DECISION_BASE.png,,READY,HOLD_STATIC_0_TO_1_PERCENT,Kein Zusatztext,LOW_FEEDBACK,Hard cut within act; 0.35 s dissolve only at act boundary
V084,EP07_TAKE_015,S5,06:03.20,06:08.40,PLAN_ESTIMATE_REPLACE_WITH_FORCED_ALIGNMENT,Kultur wirkt danach,mögliche Rückkopplung,IMG017_FEAR_SLEEP_FEEDBACK_LOOP_BASE,GENERATED_STILL,C:\Users\iQPrinceps\Documents\Codex\Youtube Modelle des Geistes\06_PRODUCTION\EP07_SCHLAFPARALYSE_V4\IMAGE_GENERATION_KIT\03_GENERATED_OUTPUT\NanoBanana_Pro_2K_Series\IMG017_FEAR_SLEEP_FEEDBACK_LOOP_BASE.png,,READY,GENTLE_ZOOM_1P5_TO_2P5_PERCENT,Kein Zusatztext,LOW_FEEDBACK,Hard cut within act; 0.35 s dissolve only at act boundary
V085,EP07_TAKE_015,S5,06:08.40,06:13.60,PLAN_ESTIMATE_REPLACE_WITH_FORCED_ALIGNMENT,Kultur wirkt danach,Erzählung wird Körper,IMG018_STORY_BECOMES_BODY,GENERATED_STILL,C:\Users\iQPrinceps\Documents\Codex\Youtube Modelle des Geistes\06_PRODUCTION\EP07_SCHLAFPARALYSE_V4\IMAGE_GENERATION_KIT\03_GENERATED_OUTPUT\NanoBanana_Pro_2K_Series\IMG018_STORY_BECOMES_BODY.png,,READY,HOLD_STATIC_0_TO_1_PERCENT,Kein Zusatztext,LOW_FEEDBACK,Hard cut within act; 0.35 s dissolve only at act boundary
V086,EP07_TAKE_015,S5,06:13.60,06:18.80,PLAN_ESTIMATE_REPLACE_WITH_FORCED_ALIGNMENT,Kultur wirkt danach,Schlafmechanik als Boden,IMG033_AWAKE_BRAIN_BODY_LOCK,GENERATED_STILL,C:\Users\iQPrinceps\Documents\Codex\Youtube Modelle des Geistes\06_PRODUCTION\EP07_SCHLAFPARALYSE_V4\IMAGE_GENERATION_KIT\03_GENERATED_OUTPUT\NanoBanana_Pro_2K_Series\IMG033_AWAKE_BRAIN_BODY_LOCK.png,,MISSING_GENERATION,GENTLE_ZOOM_1P5_TO_2P5_PERCENT,Bei historischer Szene: Rekonstruktion; sonst kein Overlay,LOW_FEEDBACK,Hard cut within act; 0.35 s dissolve only at act boundary
V087,EP07_TAKE_015,S5,06:18.80,06:24.00,PLAN_ESTIMATE_REPLACE_WITH_FORCED_ALIGNMENT,Kultur wirkt danach,kulturelle Formen,IMG055_CULTURAL_FORM_SETTLES,GENERATED_STILL,C:\Users\iQPrinceps\Documents\Codex\Youtube Modelle des Geistes\06_PRODUCTION\EP07_SCHLAFPARALYSE_V4\IMAGE_GENERATION_KIT\03_GENERATED_OUTPUT\NanoBanana_Pro_2K_Series\IMG055_CULTURAL_FORM_SETTLES.png,,MISSING_GENERATION,HOLD_STATIC_0_TO_1_PERCENT,Bei historischer Szene: Rekonstruktion; sonst kein Overlay,LOW_FEEDBACK,Hard cut within act; 0.35 s dissolve only at act boundary
V088,EP07_TAKE_016,S6,06:24.00,06:28.60,PLAN_ESTIMATE_REPLACE_WITH_FORCED_ALIGNMENT,"Zwei Menschen, gleiche Nacht",zwei Menschen,IMG014_TWO_PEOPLE_SAME_BODY_DIFFERENT_MODEL,GENERATED_STILL,C:\Users\iQPrinceps\Documents\Codex\Youtube Modelle des Geistes\06_PRODUCTION\EP07_SCHLAFPARALYSE_V4\IMAGE_GENERATION_KIT\03_GENERATED_OUTPUT\NanoBanana_Pro_2K_Series\IMG014_TWO_PEOPLE_SAME_BODY_DIFFERENT_MODEL.png,,READY,GENTLE_ZOOM_1P5_TO_2P5_PERCENT,Kein Zusatztext,TWO_ROOMS,Hard cut within act; 0.35 s dissolve only at act boundary
V089,EP07_TAKE_016,S6,06:28.60,06:33.20,PLAN_ESTIMATE_REPLACE_WITH_FORCED_ALIGNMENT,"Zwei Menschen, gleiche Nacht",gleicher Ausgangszustand,IMG016_EGYPT_DENMARK_MATCHED_BEDROOMS,GENERATED_STILL,C:\Users\iQPrinceps\Documents\Codex\Youtube Modelle des Geistes\06_PRODUCTION\EP07_SCHLAFPARALYSE_V4\IMAGE_GENERATION_KIT\03_GENERATED_OUTPUT\NanoBanana_Pro_2K_Series\IMG016_EGYPT_DENMARK_MATCHED_BEDROOMS.png,,READY,HOLD_STATIC_0_TO_1_PERCENT,Rekonstruktion,TWO_ROOMS,Hard cut within act; 0.35 s dissolve only at act boundary
V090,EP07_TAKE_016,S6,06:33.20,06:37.80,PLAN_ESTIMATE_REPLACE_WITH_FORCED_ALIGNMENT,"Zwei Menschen, gleiche Nacht",körperlicher Start,IMG044_SAME_BODY_TWO_INTERPRETATIONS,GENERATED_STILL,C:\Users\iQPrinceps\Documents\Codex\Youtube Modelle des Geistes\06_PRODUCTION\EP07_SCHLAFPARALYSE_V4\IMAGE_GENERATION_KIT\03_GENERATED_OUTPUT\NanoBanana_Pro_2K_Series\IMG044_SAME_BODY_TWO_INTERPRETATIONS.png,,MISSING_GENERATION,GENTLE_ZOOM_1P5_TO_2P5_PERCENT,Bei historischer Szene: Rekonstruktion; sonst kein Overlay,TWO_ROOMS,Hard cut within act; 0.35 s dissolve only at act boundary
V091,EP07_TAKE_016,S6,06:37.80,06:42.40,PLAN_ESTIMATE_REPLACE_WITH_FORCED_ALIGNMENT,"Zwei Menschen, gleiche Nacht",Druck und Präsenz,IMG053_PRESSURE_PRESENCE_RELIEF,GENERATED_STILL,C:\Users\iQPrinceps\Documents\Codex\Youtube Modelle des Geistes\06_PRODUCTION\EP07_SCHLAFPARALYSE_V4\IMAGE_GENERATION_KIT\03_GENERATED_OUTPUT\NanoBanana_Pro_2K_Series\IMG053_PRESSURE_PRESENCE_RELIEF.png,,MISSING_GENERATION,HOLD_STATIC_0_TO_1_PERCENT,Bei historischer Szene: Rekonstruktion; sonst kein Overlay,TWO_ROOMS,Hard cut within act; 0.35 s dissolve only at act boundary
V092,EP07_TAKE_016,S6,06:42.40,06:47.00,PLAN_ESTIMATE_REPLACE_WITH_FORCED_ALIGNMENT,"Zwei Menschen, gleiche Nacht",zwei Erwartungen,IMG034_TWO_EXPECTATIONS_THRESHOLD,GENERATED_STILL,C:\Users\iQPrinceps\Documents\Codex\Youtube Modelle des Geistes\06_PRODUCTION\EP07_SCHLAFPARALYSE_V4\IMAGE_GENERATION_KIT\03_GENERATED_OUTPUT\NanoBanana_Pro_2K_Series\IMG034_TWO_EXPECTATIONS_THRESHOLD.png,,MISSING_GENERATION,GENTLE_ZOOM_1P5_TO_2P5_PERCENT,Bei historischer Szene: Rekonstruktion; sonst kein Overlay,TWO_ROOMS,Hard cut within act; 0.35 s dissolve only at act boundary
V093,EP07_TAKE_017,S6,06:47.00,06:52.50,PLAN_ESTIMATE_REPLACE_WITH_FORCED_ALIGNMENT,CTA Erfahrung oder Kultur,Erfahrung oder Kultur,CARD006_CTA_ERFAHRUNG_KULTUR,CARD,C:\Users\iQPrinceps\Documents\Codex\Youtube Modelle des Geistes\06_PRODUCTION\EP07_SCHLAFPARALYSE_V4\IMAGE_GENERATION_KIT\03_GENERATED_OUTPUT\CARDS\CARD006_CTA_ERFAHRUNG_KULTUR.png,,READY,LOCKED_STATIC_NO_ZOOM_NO_PAN_NO_DRIFT,Keine zusätzliche Typografie,CTA_SILENCE,Hard cut within act; 0.35 s dissolve only at act boundary
V094,EP07_TAKE_017,S6,06:52.50,06:56.20,PLAN_ESTIMATE_REPLACE_WITH_FORCED_ALIGNMENT,CTA Erfahrung oder Kultur,Entscheidung offen halten,IMG015_EXPERIENCE_CULTURE_DECISION_BASE,GENERATED_STILL,C:\Users\iQPrinceps\Documents\Codex\Youtube Modelle des Geistes\06_PRODUCTION\EP07_SCHLAFPARALYSE_V4\IMAGE_GENERATION_KIT\03_GENERATED_OUTPUT\NanoBanana_Pro_2K_Series\IMG015_EXPERIENCE_CULTURE_DECISION_BASE.png,,READY,HOLD_STATIC_0_TO_1_PERCENT,Kein Zusatztext,CTA_SILENCE,Hard cut within act; 0.35 s dissolve only at act boundary
V095,EP07_TAKE_017,S6,06:56.20,06:59.90,PLAN_ESTIMATE_REPLACE_WITH_FORCED_ALIGNMENT,CTA Erfahrung oder Kultur,Formen verschieben sich,IMG049_DECISION_LAYERS_HOLD,GENERATED_STILL,C:\Users\iQPrinceps\Documents\Codex\Youtube Modelle des Geistes\06_PRODUCTION\EP07_SCHLAFPARALYSE_V4\IMAGE_GENERATION_KIT\03_GENERATED_OUTPUT\NanoBanana_Pro_2K_Series\IMG049_DECISION_LAYERS_HOLD.png,,MISSING_GENERATION,GENTLE_ZOOM_1P5_TO_2P5_PERCENT,Bei historischer Szene: Rekonstruktion; sonst kein Overlay,CTA_SILENCE,Hard cut within act; 0.35 s dissolve only at act boundary
V096,EP07_TAKE_017,S6,06:59.90,07:03.60,PLAN_ESTIMATE_REPLACE_WITH_FORCED_ALIGNMENT,CTA Erfahrung oder Kultur,viele Namen,IMG060_WORD_LAYERS_CTA_BG,GENERATED_STILL,C:\Users\iQPrinceps\Documents\Codex\Youtube Modelle des Geistes\06_PRODUCTION\EP07_SCHLAFPARALYSE_V4\IMAGE_GENERATION_KIT\03_GENERATED_OUTPUT\NanoBanana_Pro_2K_Series\IMG060_WORD_LAYERS_CTA_BG.png,,MISSING_GENERATION,HOLD_STATIC_0_TO_1_PERCENT,Bei historischer Szene: Rekonstruktion; sonst kein Overlay,CTA_SILENCE,Hard cut within act; 0.35 s dissolve only at act boundary
V097,EP07_TAKE_017,S6,07:03.60,07:07.30,PLAN_ESTIMATE_REPLACE_WITH_FORCED_ALIGNMENT,CTA Erfahrung oder Kultur,Forschungsfrage,ORIG_ORIG_HUFFORD_TERROR_BOOK_COVER_LICENSED_title_detail,ORIGINAL_SOURCE,C:\Users\iQPrinceps\Documents\Codex\Youtube Modelle des Geistes\06_PRODUCTION\EP07_SCHLAFPARALYSE_V4\04_EDITOR_DERIVATIVES\ORIG_ORIG_HUFFORD_TERROR_BOOK_COVER_LICENSED_title_detail.png,C:\Users\iQPrinceps\Documents\Codex\Youtube Modelle des Geistes\06_PRODUCTION\EP07_SCHLAFPARALYSE_V4\IMAGE_GENERATION_KIT\02_ASSETS\ORIG_HUFFORD_TERROR_BOOK_COVER_LICENSED.png,MISSING_ACQUISITION,STATIC_CONTAIN_OR_SEMANTIC_CROP,Nur nach Rechteprüfung; Quelle und Jahr unten links,CTA_SILENCE,Hard cut within act; 0.35 s dissolve only at act boundary
V098,EP07_TAKE_017,S6,07:07.30,07:11.00,PLAN_ESTIMATE_REPLACE_WITH_FORCED_ALIGNMENT,CTA Erfahrung oder Kultur,Frage zwischen zwei Modellen,IMG052_QUESTION_BETWEEN_MODELS,GENERATED_STILL,C:\Users\iQPrinceps\Documents\Codex\Youtube Modelle des Geistes\06_PRODUCTION\EP07_SCHLAFPARALYSE_V4\IMAGE_GENERATION_KIT\03_GENERATED_OUTPUT\NanoBanana_Pro_2K_Series\IMG052_QUESTION_BETWEEN_MODELS.png,,MISSING_GENERATION,GENTLE_ZOOM_1P5_TO_2P5_PERCENT,Bei historischer Szene: Rekonstruktion; sonst kein Overlay,CTA_SILENCE,Hard cut within act; 0.35 s dissolve only at act boundary
V099,EP07_TAKE_018,S7,07:11.00,07:15.38,PLAN_ESTIMATE_REPLACE_WITH_FORCED_ALIGNMENT,Studie Ägypten und Dänemark,Jalal und Hinton,ORIG_ORIG_JALAL_HINTON_EGYPT_DENMARK_PAPER_title_authors,ORIGINAL_SOURCE,C:\Users\iQPrinceps\Documents\Codex\Youtube Modelle des Geistes\06_PRODUCTION\EP07_SCHLAFPARALYSE_V4\04_EDITOR_DERIVATIVES\ORIG_ORIG_JALAL_HINTON_EGYPT_DENMARK_PAPER_title_authors.png,C:\Users\iQPrinceps\Documents\Codex\Youtube Modelle des Geistes\06_PRODUCTION\EP07_SCHLAFPARALYSE_V4\IMAGE_GENERATION_KIT\02_ASSETS\ORIG_JALAL_HINTON_EGYPT_DENMARK_PAPER.png,MISSING_ACQUISITION,STATIC_CONTAIN_OR_SEMANTIC_CROP,Nur nach Rechteprüfung; Quelle und Jahr unten links,RESEARCH_DESK,Hard cut within act; 0.35 s dissolve only at act boundary
V100,EP07_TAKE_018,S7,07:15.38,07:19.75,PLAN_ESTIMATE_REPLACE_WITH_FORCED_ALIGNMENT,Studie Ägypten und Dänemark,Studienaufbau,ORIG_ORIG_JALAL_HINTON_EGYPT_DENMARK_PAPER_methods_detail,ORIGINAL_SOURCE,C:\Users\iQPrinceps\Documents\Codex\Youtube Modelle des Geistes\06_PRODUCTION\EP07_SCHLAFPARALYSE_V4\04_EDITOR_DERIVATIVES\ORIG_ORIG_JALAL_HINTON_EGYPT_DENMARK_PAPER_methods_detail.png,C:\Users\iQPrinceps\Documents\Codex\Youtube Modelle des Geistes\06_PRODUCTION\EP07_SCHLAFPARALYSE_V4\IMAGE_GENERATION_KIT\02_ASSETS\ORIG_JALAL_HINTON_EGYPT_DENMARK_PAPER.png,MISSING_ACQUISITION,STATIC_CONTAIN_OR_SEMANTIC_CROP,Nur nach Rechteprüfung; Quelle und Jahr unten links,RESEARCH_DESK,Hard cut within act; 0.35 s dissolve only at act boundary
V101,EP07_TAKE_018,S7,07:19.75,07:25.25,PLAN_ESTIMATE_REPLACE_WITH_FORCED_ALIGNMENT,Studie Ägypten und Dänemark,Kulturvergleich,CARD004_AEGYPTEN_DAENEMARK,CARD,C:\Users\iQPrinceps\Documents\Codex\Youtube Modelle des Geistes\06_PRODUCTION\EP07_SCHLAFPARALYSE_V4\IMAGE_GENERATION_KIT\03_GENERATED_OUTPUT\CARDS\CARD004_AEGYPTEN_DAENEMARK.png,,READY,LOCKED_STATIC_NO_ZOOM_NO_PAN_NO_DRIFT,Keine zusätzliche Typografie,RESEARCH_DESK,Hard cut within act; 0.35 s dissolve only at act boundary
V102,EP07_TAKE_018,S7,07:25.25,07:29.62,PLAN_ESTIMATE_REPLACE_WITH_FORCED_ALIGNMENT,Studie Ägypten und Dänemark,Ägypten verorten,ORIG_ORIG_EGYPT_MAP_PD_full_map,ORIGINAL_SOURCE,C:\Users\iQPrinceps\Documents\Codex\Youtube Modelle des Geistes\06_PRODUCTION\EP07_SCHLAFPARALYSE_V4\04_EDITOR_DERIVATIVES\ORIG_ORIG_EGYPT_MAP_PD_full_map.png,C:\Users\iQPrinceps\Documents\Codex\Youtube Modelle des Geistes\06_PRODUCTION\EP07_SCHLAFPARALYSE_V4\IMAGE_GENERATION_KIT\02_ASSETS\ORIG_EGYPT_MAP_PD.png,MISSING_ACQUISITION,STATIC_CONTAIN_OR_SEMANTIC_CROP,Nur nach Rechteprüfung; Quelle und Jahr unten links,RESEARCH_DESK,Hard cut within act; 0.35 s dissolve only at act boundary
V103,EP07_TAKE_018,S7,07:29.62,07:34.00,PLAN_ESTIMATE_REPLACE_WITH_FORCED_ALIGNMENT,Studie Ägypten und Dänemark,Dänemark verorten,ORIG_ORIG_DENMARK_MAP_PD_full_map,ORIGINAL_SOURCE,C:\Users\iQPrinceps\Documents\Codex\Youtube Modelle des Geistes\06_PRODUCTION\EP07_SCHLAFPARALYSE_V4\04_EDITOR_DERIVATIVES\ORIG_ORIG_DENMARK_MAP_PD_full_map.png,C:\Users\iQPrinceps\Documents\Codex\Youtube Modelle des Geistes\06_PRODUCTION\EP07_SCHLAFPARALYSE_V4\IMAGE_GENERATION_KIT\02_ASSETS\ORIG_DENMARK_MAP_PD.png,MISSING_ACQUISITION,STATIC_CONTAIN_OR_SEMANTIC_CROP,Nur nach Rechteprüfung; Quelle und Jahr unten links,RESEARCH_DESK,Hard cut within act; 0.35 s dissolve only at act boundary
V104,EP07_TAKE_019,S7,07:34.00,07:38.17,PLAN_ESTIMATE_REPLACE_WITH_FORCED_ALIGNMENT,Zwei Deutungsräume,ägyptische Interviewumgebung,IMG035_EGYPT_INTERVIEW_CONTEXT,GENERATED_STILL,C:\Users\iQPrinceps\Documents\Codex\Youtube Modelle des Geistes\06_PRODUCTION\EP07_SCHLAFPARALYSE_V4\IMAGE_GENERATION_KIT\03_GENERATED_OUTPUT\NanoBanana_Pro_2K_Series\IMG035_EGYPT_INTERVIEW_CONTEXT.png,,MISSING_GENERATION,HOLD_STATIC_0_TO_1_PERCENT,Bei historischer Szene: Rekonstruktion; sonst kein Overlay,TWO_ROOMS,Hard cut within act; 0.35 s dissolve only at act boundary
V105,EP07_TAKE_019,S7,07:38.17,07:42.33,PLAN_ESTIMATE_REPLACE_WITH_FORCED_ALIGNMENT,Zwei Deutungsräume,dänische Interviewumgebung,IMG036_DENMARK_INTERVIEW_CONTEXT,GENERATED_STILL,C:\Users\iQPrinceps\Documents\Codex\Youtube Modelle des Geistes\06_PRODUCTION\EP07_SCHLAFPARALYSE_V4\IMAGE_GENERATION_KIT\03_GENERATED_OUTPUT\NanoBanana_Pro_2K_Series\IMG036_DENMARK_INTERVIEW_CONTEXT.png,,MISSING_GENERATION,GENTLE_ZOOM_1P5_TO_2P5_PERCENT,Bei historischer Szene: Rekonstruktion; sonst kein Overlay,TWO_ROOMS,Hard cut within act; 0.35 s dissolve only at act boundary
V106,EP07_TAKE_019,S7,07:42.33,07:46.50,PLAN_ESTIMATE_REPLACE_WITH_FORCED_ALIGNMENT,Zwei Deutungsräume,ägyptischer Quellenanker,ORIG_ORIG_EGYPT_SLEEP_PARALYSIS_SOURCE_source_detail,ORIGINAL_SOURCE,C:\Users\iQPrinceps\Documents\Codex\Youtube Modelle des Geistes\06_PRODUCTION\EP07_SCHLAFPARALYSE_V4\04_EDITOR_DERIVATIVES\ORIG_ORIG_EGYPT_SLEEP_PARALYSIS_SOURCE_source_detail.png,C:\Users\iQPrinceps\Documents\Codex\Youtube Modelle des Geistes\06_PRODUCTION\EP07_SCHLAFPARALYSE_V4\IMAGE_GENERATION_KIT\02_ASSETS\ORIG_EGYPT_SLEEP_PARALYSIS_SOURCE.png,MISSING_ACQUISITION,STATIC_CONTAIN_OR_SEMANTIC_CROP,Nur nach Rechteprüfung; Quelle und Jahr unten links,TWO_ROOMS,Hard cut within act; 0.35 s dissolve only at act boundary
V107,EP07_TAKE_019,S7,07:46.50,07:50.67,PLAN_ESTIMATE_REPLACE_WITH_FORCED_ALIGNMENT,Zwei Deutungsräume,dänischer Quellenanker,ORIG_ORIG_DENMARK_SLEEP_PARALYSIS_SOURCE_source_detail,ORIGINAL_SOURCE,C:\Users\iQPrinceps\Documents\Codex\Youtube Modelle des Geistes\06_PRODUCTION\EP07_SCHLAFPARALYSE_V4\04_EDITOR_DERIVATIVES\ORIG_ORIG_DENMARK_SLEEP_PARALYSIS_SOURCE_source_detail.png,C:\Users\iQPrinceps\Documents\Codex\Youtube Modelle des Geistes\06_PRODUCTION\EP07_SCHLAFPARALYSE_V4\IMAGE_GENERATION_KIT\02_ASSETS\ORIG_DENMARK_SLEEP_PARALYSIS_SOURCE.png,MISSING_ACQUISITION,STATIC_CONTAIN_OR_SEMANTIC_CROP,Nur nach Rechteprüfung; Quelle und Jahr unten links,TWO_ROOMS,Hard cut within act; 0.35 s dissolve only at act boundary
V108,EP07_TAKE_019,S7,07:50.67,07:54.83,PLAN_ESTIMATE_REPLACE_WITH_FORCED_ALIGNMENT,Zwei Deutungsräume,zwei Deutungsräume,IMG014_TWO_PEOPLE_SAME_BODY_DIFFERENT_MODEL,GENERATED_STILL,C:\Users\iQPrinceps\Documents\Codex\Youtube Modelle des Geistes\06_PRODUCTION\EP07_SCHLAFPARALYSE_V4\IMAGE_GENERATION_KIT\03_GENERATED_OUTPUT\NanoBanana_Pro_2K_Series\IMG014_TWO_PEOPLE_SAME_BODY_DIFFERENT_MODEL.png,,READY,HOLD_STATIC_0_TO_1_PERCENT,Kein Zusatztext,TWO_ROOMS,Hard cut within act; 0.35 s dissolve only at act boundary
V109,EP07_TAKE_019,S7,07:54.83,07:59.00,PLAN_ESTIMATE_REPLACE_WITH_FORCED_ALIGNMENT,Zwei Deutungsräume,gleiches Phänomen,IMG016_EGYPT_DENMARK_MATCHED_BEDROOMS,GENERATED_STILL,C:\Users\iQPrinceps\Documents\Codex\Youtube Modelle des Geistes\06_PRODUCTION\EP07_SCHLAFPARALYSE_V4\IMAGE_GENERATION_KIT\03_GENERATED_OUTPUT\NanoBanana_Pro_2K_Series\IMG016_EGYPT_DENMARK_MATCHED_BEDROOMS.png,,READY,GENTLE_ZOOM_1P5_TO_2P5_PERCENT,Rekonstruktion,TWO_ROOMS,Hard cut within act; 0.35 s dissolve only at act boundary
V110,EP07_TAKE_020,S7,07:59.00,08:03.17,PLAN_ESTIMATE_REPLACE_WITH_FORCED_ALIGNMENT,"Angst, Dauer und Häufigkeit",Angst und Häufigkeit,IMG017_FEAR_SLEEP_FEEDBACK_LOOP_BASE,GENERATED_STILL,C:\Users\iQPrinceps\Documents\Codex\Youtube Modelle des Geistes\06_PRODUCTION\EP07_SCHLAFPARALYSE_V4\IMAGE_GENERATION_KIT\03_GENERATED_OUTPUT\NanoBanana_Pro_2K_Series\IMG017_FEAR_SLEEP_FEEDBACK_LOOP_BASE.png,,READY,HOLD_STATIC_0_TO_1_PERCENT,Kein Zusatztext,CLINICAL_PULSE,Hard cut within act; 0.35 s dissolve only at act boundary
V111,EP07_TAKE_020,S7,08:03.17,08:07.33,PLAN_ESTIMATE_REPLACE_WITH_FORCED_ALIGNMENT,"Angst, Dauer und Häufigkeit",Ergebnis im Originalpaper,ORIG_ORIG_JALAL_HINTON_EGYPT_DENMARK_PAPER_results_detail,ORIGINAL_SOURCE,C:\Users\iQPrinceps\Documents\Codex\Youtube Modelle des Geistes\06_PRODUCTION\EP07_SCHLAFPARALYSE_V4\04_EDITOR_DERIVATIVES\ORIG_ORIG_JALAL_HINTON_EGYPT_DENMARK_PAPER_results_detail.png,C:\Users\iQPrinceps\Documents\Codex\Youtube Modelle des Geistes\06_PRODUCTION\EP07_SCHLAFPARALYSE_V4\IMAGE_GENERATION_KIT\02_ASSETS\ORIG_JALAL_HINTON_EGYPT_DENMARK_PAPER.png,MISSING_ACQUISITION,STATIC_CONTAIN_OR_SEMANTIC_CROP,Nur nach Rechteprüfung; Quelle und Jahr unten links,CLINICAL_PULSE,Hard cut within act; 0.35 s dissolve only at act boundary
V112,EP07_TAKE_020,S7,08:07.33,08:11.50,PLAN_ESTIMATE_REPLACE_WITH_FORCED_ALIGNMENT,"Angst, Dauer und Häufigkeit",REM-Messspur,SRC_EP07_REM_Polysomnography_30sec_rem_segment_detail,ORIGINAL_SOURCE,C:\Users\iQPrinceps\Documents\Codex\Youtube Modelle des Geistes\06_PRODUCTION\EP07_SCHLAFPARALYSE_V4\04_EDITOR_DERIVATIVES\SRC_EP07_REM_Polysomnography_30sec_rem_segment_detail.png,C:\Users\iQPrinceps\Documents\Codex\Youtube Modelle des Geistes\06_PRODUCTION\EP07_SCHLAFPARALYSE_V4\IMAGE_GENERATION_KIT\02_ASSETS\EP07_REM_Polysomnography_30sec.png,DERIVE_STATIC_FRAME,STATIC_CONTAIN_OR_SEMANTIC_CROP,Quelle und Jahr unten links; keine Bewegung,CLINICAL_PULSE,Hard cut within act; 0.35 s dissolve only at act boundary
V113,EP07_TAKE_020,S7,08:11.50,08:15.67,PLAN_ESTIMATE_REPLACE_WITH_FORCED_ALIGNMENT,"Angst, Dauer und Häufigkeit",Schlaflabor als Realität,SRC_EP07_Sleep_Studies_NHLBI_Polysomnography_full_photo,ORIGINAL_SOURCE,C:\Users\iQPrinceps\Documents\Codex\Youtube Modelle des Geistes\06_PRODUCTION\EP07_SCHLAFPARALYSE_V4\04_EDITOR_DERIVATIVES\SRC_EP07_Sleep_Studies_NHLBI_Polysomnography_full_photo.png,C:\Users\iQPrinceps\Documents\Codex\Youtube Modelle des Geistes\06_PRODUCTION\EP07_SCHLAFPARALYSE_V4\IMAGE_GENERATION_KIT\02_ASSETS\EP07_Sleep_Studies_NHLBI_Polysomnography.jpg,DERIVE_STATIC_FRAME,STATIC_CONTAIN_OR_SEMANTIC_CROP,Quelle und Jahr unten links; keine Bewegung,CLINICAL_PULSE,Hard cut within act; 0.35 s dissolve only at act boundary
V114,EP07_TAKE_020,S7,08:15.67,08:19.83,PLAN_ESTIMATE_REPLACE_WITH_FORCED_ALIGNMENT,"Angst, Dauer und Häufigkeit",Kreislauf ohne Dämon,IMG037_FEAR_SLEEP_DAY_NIGHT_LOOP,GENERATED_STILL,C:\Users\iQPrinceps\Documents\Codex\Youtube Modelle des Geistes\06_PRODUCTION\EP07_SCHLAFPARALYSE_V4\IMAGE_GENERATION_KIT\03_GENERATED_OUTPUT\NanoBanana_Pro_2K_Series\IMG037_FEAR_SLEEP_DAY_NIGHT_LOOP.png,,MISSING_GENERATION,GENTLE_ZOOM_1P5_TO_2P5_PERCENT,Bei historischer Szene: Rekonstruktion; sonst kein Overlay,CLINICAL_PULSE,Hard cut within act; 0.35 s dissolve only at act boundary
V115,EP07_TAKE_020,S7,08:19.83,08:24.00,PLAN_ESTIMATE_REPLACE_WITH_FORCED_ALIGNMENT,"Angst, Dauer und Häufigkeit",Erzählung wird Körper,IMG018_STORY_BECOMES_BODY,GENERATED_STILL,C:\Users\iQPrinceps\Documents\Codex\Youtube Modelle des Geistes\06_PRODUCTION\EP07_SCHLAFPARALYSE_V4\IMAGE_GENERATION_KIT\03_GENERATED_OUTPUT\NanoBanana_Pro_2K_Series\IMG018_STORY_BECOMES_BODY.png,,READY,HOLD_STATIC_0_TO_1_PERCENT,Kein Zusatztext,CLINICAL_PULSE,Hard cut within act; 0.35 s dissolve only at act boundary
V116,EP07_TAKE_021,S7,08:24.00,08:29.50,PLAN_ESTIMATE_REPLACE_WITH_FORCED_ALIGNMENT,Rückkopplung,Rückkopplungsmodell,CARD005_FEEDBACK_LOOP,CARD,C:\Users\iQPrinceps\Documents\Codex\Youtube Modelle des Geistes\06_PRODUCTION\EP07_SCHLAFPARALYSE_V4\IMAGE_GENERATION_KIT\03_GENERATED_OUTPUT\CARDS\CARD005_FEEDBACK_LOOP.png,,READY,LOCKED_STATIC_NO_ZOOM_NO_PAN_NO_DRIFT,Keine zusätzliche Typografie,FEEDBACK_RISE,Hard cut within act; 0.35 s dissolve only at act boundary
V117,EP07_TAKE_021,S7,08:29.50,08:33.40,PLAN_ESTIMATE_REPLACE_WITH_FORCED_ALIGNMENT,Rückkopplung,Kreislauf wird sichtbar,CLIP004_FEEDBACK_ENTITY,TRANSFORM_CLIP,C:\Users\iQPrinceps\Documents\Codex\Youtube Modelle des Geistes\06_PRODUCTION\EP07_SCHLAFPARALYSE_V4\IMAGE_GENERATION_KIT\03_GENERATED_OUTPUT\NanoBanana_Pro_2K_Series\CLIP004_FEEDBACK_ENTITY.mp4,,READY,NATIVE_MOTION_NO_ADDITIONAL_CAMERA,Subjektive Visualisierung,FEEDBACK_RISE,Hard cut within act; 0.35 s dissolve only at act boundary
V118,EP07_TAKE_021,S7,08:33.40,08:37.30,PLAN_ESTIMATE_REPLACE_WITH_FORCED_ALIGNMENT,Rückkopplung,Körperlicher Ausgangspunkt,IMG045_EXPECTATION_ENTERS_BODY,GENERATED_STILL,C:\Users\iQPrinceps\Documents\Codex\Youtube Modelle des Geistes\06_PRODUCTION\EP07_SCHLAFPARALYSE_V4\IMAGE_GENERATION_KIT\03_GENERATED_OUTPUT\NanoBanana_Pro_2K_Series\IMG045_EXPECTATION_ENTERS_BODY.png,,MISSING_GENERATION,GENTLE_ZOOM_1P5_TO_2P5_PERCENT,Bei historischer Szene: Rekonstruktion; sonst kein Overlay,FEEDBACK_RISE,Hard cut within act; 0.35 s dissolve only at act boundary
V119,EP07_TAKE_021,S7,08:37.30,08:41.20,PLAN_ESTIMATE_REPLACE_WITH_FORCED_ALIGNMENT,Rückkopplung,Messspur als Detail,SRC_EP07_REM_Polysomnography_30sec_micro_arousal_detail,ORIGINAL_SOURCE,C:\Users\iQPrinceps\Documents\Codex\Youtube Modelle des Geistes\06_PRODUCTION\EP07_SCHLAFPARALYSE_V4\04_EDITOR_DERIVATIVES\SRC_EP07_REM_Polysomnography_30sec_micro_arousal_detail.png,C:\Users\iQPrinceps\Documents\Codex\Youtube Modelle des Geistes\06_PRODUCTION\EP07_SCHLAFPARALYSE_V4\IMAGE_GENERATION_KIT\02_ASSETS\EP07_REM_Polysomnography_30sec.png,DERIVE_STATIC_FRAME,STATIC_CONTAIN_OR_SEMANTIC_CROP,Quelle und Jahr unten links; keine Bewegung,FEEDBACK_RISE,Hard cut within act; 0.35 s dissolve only at act boundary
V120,EP07_TAKE_021,S7,08:41.20,08:45.10,PLAN_ESTIMATE_REPLACE_WITH_FORCED_ALIGNMENT,Rückkopplung,Erwartung prägt Körper,IMG046_RAW_MATERIAL_TO_FORM,GENERATED_STILL,C:\Users\iQPrinceps\Documents\Codex\Youtube Modelle des Geistes\06_PRODUCTION\EP07_SCHLAFPARALYSE_V4\IMAGE_GENERATION_KIT\03_GENERATED_OUTPUT\NanoBanana_Pro_2K_Series\IMG046_RAW_MATERIAL_TO_FORM.png,,MISSING_GENERATION,HOLD_STATIC_0_TO_1_PERCENT,Bei historischer Szene: Rekonstruktion; sonst kein Overlay,FEEDBACK_RISE,Hard cut within act; 0.35 s dissolve only at act boundary
V121,EP07_TAKE_021,S7,08:45.10,08:49.00,PLAN_ESTIMATE_REPLACE_WITH_FORCED_ALIGNMENT,Rückkopplung,Studienzitat,ORIG_ORIG_JALAL_HINTON_EGYPT_DENMARK_PAPER_citation_block,ORIGINAL_SOURCE,C:\Users\iQPrinceps\Documents\Codex\Youtube Modelle des Geistes\06_PRODUCTION\EP07_SCHLAFPARALYSE_V4\04_EDITOR_DERIVATIVES\ORIG_ORIG_JALAL_HINTON_EGYPT_DENMARK_PAPER_citation_block.png,C:\Users\iQPrinceps\Documents\Codex\Youtube Modelle des Geistes\06_PRODUCTION\EP07_SCHLAFPARALYSE_V4\IMAGE_GENERATION_KIT\02_ASSETS\ORIG_JALAL_HINTON_EGYPT_DENMARK_PAPER.png,MISSING_ACQUISITION,STATIC_CONTAIN_OR_SEMANTIC_CROP,Nur nach Rechteprüfung; Quelle und Jahr unten links,FEEDBACK_RISE,Hard cut within act; 0.35 s dissolve only at act boundary
V122,EP07_TAKE_022,S8,08:49.00,08:53.33,PLAN_ESTIMATE_REPLACE_WITH_FORCED_ALIGNMENT,Rückkehr nach Salem,Salem-Schleife,IMG019_SALEM_LOOP_RETURN,GENERATED_STILL,C:\Users\iQPrinceps\Documents\Codex\Youtube Modelle des Geistes\06_PRODUCTION\EP07_SCHLAFPARALYSE_V4\IMAGE_GENERATION_KIT\03_GENERATED_OUTPUT\NanoBanana_Pro_2K_Series\IMG019_SALEM_LOOP_RETURN.png,,READY,LOCKED_STATIC_SOURCE_COMPOSITE,Kein Zusatztext,COURT_RETURN,Hard cut within act; 0.35 s dissolve only at act boundary
V123,EP07_TAKE_022,S8,08:53.33,08:57.67,PLAN_ESTIMATE_REPLACE_WITH_FORCED_ALIGNMENT,Rückkehr nach Salem,Comans Originalseite,SRC_EP07_Richard_Coman_Testimony_v_Bridget_Bishop_1692_p1_full_return,ORIGINAL_SOURCE,C:\Users\iQPrinceps\Documents\Codex\Youtube Modelle des Geistes\06_PRODUCTION\EP07_SCHLAFPARALYSE_V4\04_EDITOR_DERIVATIVES\SRC_EP07_Richard_Coman_Testimony_v_Bridget_Bishop_1692_p1_full_return.png,C:\Users\iQPrinceps\Documents\Codex\Youtube Modelle des Geistes\06_PRODUCTION\EP07_SCHLAFPARALYSE_V4\IMAGE_GENERATION_KIT\02_ASSETS\EP07_Richard_Coman_Testimony_v_Bridget_Bishop_1692.pdf,DERIVE_STATIC_FRAME,STATIC_CONTAIN_OR_SEMANTIC_CROP,Quelle und Jahr unten links; keine Bewegung,COURT_RETURN,Hard cut within act; 0.35 s dissolve only at act boundary
V124,EP07_TAKE_022,S8,08:57.67,09:02.00,PLAN_ESTIMATE_REPLACE_WITH_FORCED_ALIGNMENT,Rückkehr nach Salem,Bridget Bishop,SRC_EP07_Bridget_Bishop_lithograph_portrait_return,ORIGINAL_SOURCE,C:\Users\iQPrinceps\Documents\Codex\Youtube Modelle des Geistes\06_PRODUCTION\EP07_SCHLAFPARALYSE_V4\04_EDITOR_DERIVATIVES\SRC_EP07_Bridget_Bishop_lithograph_portrait_return.png,C:\Users\iQPrinceps\Documents\Codex\Youtube Modelle des Geistes\06_PRODUCTION\EP07_SCHLAFPARALYSE_V4\IMAGE_GENERATION_KIT\02_ASSETS\EP07_Bridget_Bishop_lithograph.jpg,DERIVE_STATIC_FRAME,STATIC_CONTAIN_OR_SEMANTIC_CROP,Quelle und Jahr unten links; keine Bewegung,COURT_RETURN,Hard cut within act; 0.35 s dissolve only at act boundary
V125,EP07_TAKE_022,S8,09:02.00,09:06.33,PLAN_ESTIMATE_REPLACE_WITH_FORCED_ALIGNMENT,Rückkehr nach Salem,öffentliche Anklage,SRC_EP07_Witchcraft_at_Salem_Village_1876_full_return_later_depiction,ORIGINAL_SOURCE,C:\Users\iQPrinceps\Documents\Codex\Youtube Modelle des Geistes\06_PRODUCTION\EP07_SCHLAFPARALYSE_V4\04_EDITOR_DERIVATIVES\SRC_EP07_Witchcraft_at_Salem_Village_1876_full_return_later_depiction.png,C:\Users\iQPrinceps\Documents\Codex\Youtube Modelle des Geistes\06_PRODUCTION\EP07_SCHLAFPARALYSE_V4\IMAGE_GENERATION_KIT\02_ASSETS\EP07_Witchcraft_at_Salem_Village_1876.jpg,DERIVE_STATIC_FRAME,STATIC_CONTAIN_OR_SEMANTIC_CROP,Quelle und Jahr unten links; keine Bewegung,COURT_RETURN,Hard cut within act; 0.35 s dissolve only at act boundary
V126,EP07_TAKE_022,S8,09:06.33,09:10.67,PLAN_ESTIMATE_REPLACE_WITH_FORCED_ALIGNMENT,Rückkehr nach Salem,Schatten werden Öffentlichkeit,IMG057_PUBLIC_MEMORY_SHADOWS,GENERATED_STILL,C:\Users\iQPrinceps\Documents\Codex\Youtube Modelle des Geistes\06_PRODUCTION\EP07_SCHLAFPARALYSE_V4\IMAGE_GENERATION_KIT\03_GENERATED_OUTPUT\NanoBanana_Pro_2K_Series\IMG057_PUBLIC_MEMORY_SHADOWS.png,,MISSING_GENERATION,GENTLE_ZOOM_1P5_TO_2P5_PERCENT,Bei historischer Szene: Rekonstruktion; sonst kein Overlay,COURT_RETURN,Hard cut within act; 0.35 s dissolve only at act boundary
V127,EP07_TAKE_022,S8,09:10.67,09:15.00,PLAN_ESTIMATE_REPLACE_WITH_FORCED_ALIGNMENT,Rückkehr nach Salem,historische Konsequenz,SRC_EP07_Bridget_Bishop_execution_archive_scan_full_scan,ORIGINAL_SOURCE,C:\Users\iQPrinceps\Documents\Codex\Youtube Modelle des Geistes\06_PRODUCTION\EP07_SCHLAFPARALYSE_V4\04_EDITOR_DERIVATIVES\SRC_EP07_Bridget_Bishop_execution_archive_scan_full_scan.png,C:\Users\iQPrinceps\Documents\Codex\Youtube Modelle des Geistes\06_PRODUCTION\EP07_SCHLAFPARALYSE_V4\IMAGE_GENERATION_KIT\02_ASSETS\EP07_Bridget_Bishop_execution_archive_scan.png,DERIVE_STATIC_FRAME,STATIC_CONTAIN_OR_SEMANTIC_CROP,Quelle und Jahr unten links; keine Bewegung,COURT_RETURN,Hard cut within act; 0.35 s dissolve only at act boundary
V128,EP07_TAKE_023,S8,09:15.00,09:19.50,PLAN_ESTIMATE_REPLACE_WITH_FORCED_ALIGNMENT,"Körper, Kultur, Körper",Körper liefert Rohmaterial,IMG054_BODY_RAW_MATERIAL,GENERATED_STILL,C:\Users\iQPrinceps\Documents\Codex\Youtube Modelle des Geistes\06_PRODUCTION\EP07_SCHLAFPARALYSE_V4\IMAGE_GENERATION_KIT\03_GENERATED_OUTPUT\NanoBanana_Pro_2K_Series\IMG054_BODY_RAW_MATERIAL.png,,MISSING_GENERATION,HOLD_STATIC_0_TO_1_PERCENT,Bei historischer Szene: Rekonstruktion; sonst kein Overlay,MATERIAL_BREATH,Hard cut within act; 0.35 s dissolve only at act boundary
V129,EP07_TAKE_023,S8,09:19.50,09:24.00,PLAN_ESTIMATE_REPLACE_WITH_FORCED_ALIGNMENT,"Körper, Kultur, Körper",Erzählung wirkt zurück,IMG048_STORY_BODY_RETURN,GENERATED_STILL,C:\Users\iQPrinceps\Documents\Codex\Youtube Modelle des Geistes\06_PRODUCTION\EP07_SCHLAFPARALYSE_V4\IMAGE_GENERATION_KIT\03_GENERATED_OUTPUT\NanoBanana_Pro_2K_Series\IMG048_STORY_BODY_RETURN.png,,MISSING_GENERATION,GENTLE_ZOOM_1P5_TO_2P5_PERCENT,Bei historischer Szene: Rekonstruktion; sonst kein Overlay,MATERIAL_BREATH,Hard cut within act; 0.35 s dissolve only at act boundary
V130,EP07_TAKE_023,S8,09:24.00,09:28.50,PLAN_ESTIMATE_REPLACE_WITH_FORCED_ALIGNMENT,"Körper, Kultur, Körper",Erfahrung und Form verschränkt,IMG038_BODY_CULTURE_BRAID,GENERATED_STILL,C:\Users\iQPrinceps\Documents\Codex\Youtube Modelle des Geistes\06_PRODUCTION\EP07_SCHLAFPARALYSE_V4\IMAGE_GENERATION_KIT\03_GENERATED_OUTPUT\NanoBanana_Pro_2K_Series\IMG038_BODY_CULTURE_BRAID.png,,MISSING_GENERATION,HOLD_STATIC_0_TO_1_PERCENT,Bei historischer Szene: Rekonstruktion; sonst kein Overlay,MATERIAL_BREATH,Hard cut within act; 0.35 s dissolve only at act boundary
V131,EP07_TAKE_023,S8,09:28.50,09:33.00,PLAN_ESTIMATE_REPLACE_WITH_FORCED_ALIGNMENT,"Körper, Kultur, Körper",Füsslis kulturelle Form,SRC_EP07_Fuseli_The_Nightmare_1781_full_return,ORIGINAL_SOURCE,C:\Users\iQPrinceps\Documents\Codex\Youtube Modelle des Geistes\06_PRODUCTION\EP07_SCHLAFPARALYSE_V4\04_EDITOR_DERIVATIVES\SRC_EP07_Fuseli_The_Nightmare_1781_full_return.png,C:\Users\iQPrinceps\Documents\Codex\Youtube Modelle des Geistes\06_PRODUCTION\EP07_SCHLAFPARALYSE_V4\IMAGE_GENERATION_KIT\02_ASSETS\EP07_Fuseli_The_Nightmare_1781.jpg,DERIVE_STATIC_FRAME,STATIC_CONTAIN_OR_SEMANTIC_CROP,Quelle und Jahr unten links; keine Bewegung,MATERIAL_BREATH,Hard cut within act; 0.35 s dissolve only at act boundary
V132,EP07_TAKE_023,S8,09:33.00,09:37.50,PLAN_ESTIMATE_REPLACE_WITH_FORCED_ALIGNMENT,"Körper, Kultur, Körper",Huffords Gegenmodell,ORIG_ORIG_HUFFORD_TERROR_BOOK_COVER_LICENSED_cover_return,ORIGINAL_SOURCE,C:\Users\iQPrinceps\Documents\Codex\Youtube Modelle des Geistes\06_PRODUCTION\EP07_SCHLAFPARALYSE_V4\04_EDITOR_DERIVATIVES\ORIG_ORIG_HUFFORD_TERROR_BOOK_COVER_LICENSED_cover_return.png,C:\Users\iQPrinceps\Documents\Codex\Youtube Modelle des Geistes\06_PRODUCTION\EP07_SCHLAFPARALYSE_V4\IMAGE_GENERATION_KIT\02_ASSETS\ORIG_HUFFORD_TERROR_BOOK_COVER_LICENSED.png,MISSING_ACQUISITION,STATIC_CONTAIN_OR_SEMANTIC_CROP,Nur nach Rechteprüfung; Quelle und Jahr unten links,MATERIAL_BREATH,Hard cut within act; 0.35 s dissolve only at act boundary
V133,EP07_TAKE_023,S8,09:37.50,09:42.00,PLAN_ESTIMATE_REPLACE_WITH_FORCED_ALIGNMENT,"Körper, Kultur, Körper",Erwartungskreislauf,IMG047_CULTURE_FEEDBACK_BRAID,GENERATED_STILL,C:\Users\iQPrinceps\Documents\Codex\Youtube Modelle des Geistes\06_PRODUCTION\EP07_SCHLAFPARALYSE_V4\IMAGE_GENERATION_KIT\03_GENERATED_OUTPUT\NanoBanana_Pro_2K_Series\IMG047_CULTURE_FEEDBACK_BRAID.png,,MISSING_GENERATION,GENTLE_ZOOM_1P5_TO_2P5_PERCENT,Bei historischer Szene: Rekonstruktion; sonst kein Overlay,MATERIAL_BREATH,Hard cut within act; 0.35 s dissolve only at act boundary
V134,EP07_TAKE_024,S8,09:42.00,09:46.17,PLAN_ESTIMATE_REPLACE_WITH_FORCED_ALIGNMENT,Langsame Überlieferung,Salem als langsamer Übertragungsraum,SRC_EP07_Salem_Village_1692_map_Upham_1866_full_return,ORIGINAL_SOURCE,C:\Users\iQPrinceps\Documents\Codex\Youtube Modelle des Geistes\06_PRODUCTION\EP07_SCHLAFPARALYSE_V4\04_EDITOR_DERIVATIVES\SRC_EP07_Salem_Village_1692_map_Upham_1866_full_return.png,C:\Users\iQPrinceps\Documents\Codex\Youtube Modelle des Geistes\06_PRODUCTION\EP07_SCHLAFPARALYSE_V4\IMAGE_GENERATION_KIT\02_ASSETS\EP07_Salem_Village_1692_map_Upham_1866.jpg,DERIVE_STATIC_FRAME,STATIC_CONTAIN_OR_SEMANTIC_CROP,Quelle und Jahr unten links; keine Bewegung,PRINT_TO_WIRE,Hard cut within act; 0.35 s dissolve only at act boundary
V135,EP07_TAKE_024,S8,09:46.17,09:50.33,PLAN_ESTIMATE_REPLACE_WITH_FORCED_ALIGNMENT,Langsame Überlieferung,Predigten und Bücher,SRC_EP07_Malleus_1494_Bull_Innocent_VIII_Wellcome_title_detail,ORIGINAL_SOURCE,C:\Users\iQPrinceps\Documents\Codex\Youtube Modelle des Geistes\06_PRODUCTION\EP07_SCHLAFPARALYSE_V4\04_EDITOR_DERIVATIVES\SRC_EP07_Malleus_1494_Bull_Innocent_VIII_Wellcome_title_detail.png,C:\Users\iQPrinceps\Documents\Codex\Youtube Modelle des Geistes\06_PRODUCTION\EP07_SCHLAFPARALYSE_V4\IMAGE_GENERATION_KIT\02_ASSETS\EP07_Malleus_1494_Bull_Innocent_VIII_Wellcome.jpg,DERIVE_STATIC_FRAME,STATIC_CONTAIN_OR_SEMANTIC_CROP,Quelle und Jahr unten links; keine Bewegung,PRINT_TO_WIRE,Hard cut within act; 0.35 s dissolve only at act boundary
V136,EP07_TAKE_024,S8,09:50.33,09:54.50,PLAN_ESTIMATE_REPLACE_WITH_FORCED_ALIGNMENT,Langsame Überlieferung,anderes Nachtmahrbild,SRC_EP07_Abildgaard_Nightmare_1800_full_return,ORIGINAL_SOURCE,C:\Users\iQPrinceps\Documents\Codex\Youtube Modelle des Geistes\06_PRODUCTION\EP07_SCHLAFPARALYSE_V4\04_EDITOR_DERIVATIVES\SRC_EP07_Abildgaard_Nightmare_1800_full_return.png,C:\Users\iQPrinceps\Documents\Codex\Youtube Modelle des Geistes\06_PRODUCTION\EP07_SCHLAFPARALYSE_V4\IMAGE_GENERATION_KIT\02_ASSETS\EP07_Abildgaard_Nightmare_1800.jpg,DERIVE_STATIC_FRAME,STATIC_CONTAIN_OR_SEMANTIC_CROP,Quelle und Jahr unten links; keine Bewegung,PRINT_TO_WIRE,Hard cut within act; 0.35 s dissolve only at act boundary
V137,EP07_TAKE_024,S8,09:54.50,09:58.67,PLAN_ESTIMATE_REPLACE_WITH_FORCED_ALIGNMENT,Langsame Überlieferung,Neufundland als nächste Station,ORIG_ORIG_NEWFOUNDLAND_MAP_PD_full_return,ORIGINAL_SOURCE,C:\Users\iQPrinceps\Documents\Codex\Youtube Modelle des Geistes\06_PRODUCTION\EP07_SCHLAFPARALYSE_V4\04_EDITOR_DERIVATIVES\ORIG_ORIG_NEWFOUNDLAND_MAP_PD_full_return.png,C:\Users\iQPrinceps\Documents\Codex\Youtube Modelle des Geistes\06_PRODUCTION\EP07_SCHLAFPARALYSE_V4\IMAGE_GENERATION_KIT\02_ASSETS\ORIG_NEWFOUNDLAND_MAP_PD.png,MISSING_ACQUISITION,STATIC_CONTAIN_OR_SEMANTIC_CROP,Nur nach Rechteprüfung; Quelle und Jahr unten links,PRINT_TO_WIRE,Hard cut within act; 0.35 s dissolve only at act boundary
V138,EP07_TAKE_024,S8,09:58.67,10:02.83,PLAN_ESTIMATE_REPLACE_WITH_FORCED_ALIGNMENT,Langsame Überlieferung,Generationen der Überlieferung,IMG039_GENERATIONS_OF_NIGHT_STORIES,GENERATED_STILL,C:\Users\iQPrinceps\Documents\Codex\Youtube Modelle des Geistes\06_PRODUCTION\EP07_SCHLAFPARALYSE_V4\IMAGE_GENERATION_KIT\03_GENERATED_OUTPUT\NanoBanana_Pro_2K_Series\IMG039_GENERATIONS_OF_NIGHT_STORIES.png,,MISSING_GENERATION,HOLD_STATIC_0_TO_1_PERCENT,Bei historischer Szene: Rekonstruktion; sonst kein Overlay,PRINT_TO_WIRE,Hard cut within act; 0.35 s dissolve only at act boundary
V139,EP07_TAKE_024,S8,10:02.83,10:07.00,PLAN_ESTIMATE_REPLACE_WITH_FORCED_ALIGNMENT,Langsame Überlieferung,Tempo kippt,IMG040_PRINT_TO_RADIO_NETWORK,GENERATED_STILL,C:\Users\iQPrinceps\Documents\Codex\Youtube Modelle des Geistes\06_PRODUCTION\EP07_SCHLAFPARALYSE_V4\IMAGE_GENERATION_KIT\03_GENERATED_OUTPUT\NanoBanana_Pro_2K_Series\IMG040_PRINT_TO_RADIO_NETWORK.png,,MISSING_GENERATION,GENTLE_ZOOM_1P5_TO_2P5_PERCENT,Bei historischer Szene: Rekonstruktion; sonst kein Overlay,PRINT_TO_WIRE,Hard cut within act; 0.35 s dissolve only at act boundary
V140,EP07_TAKE_025,S8,10:07.00,10:11.17,PLAN_ESTIMATE_REPLACE_WITH_FORCED_ALIGNMENT,Radio und frühes Internet,frühe Mediengeschwindigkeit,IMG020_MEDIA_SPEED_HANDOFF,GENERATED_STILL,C:\Users\iQPrinceps\Documents\Codex\Youtube Modelle des Geistes\06_PRODUCTION\EP07_SCHLAFPARALYSE_V4\IMAGE_GENERATION_KIT\03_GENERATED_OUTPUT\NanoBanana_Pro_2K_Series\IMG020_MEDIA_SPEED_HANDOFF.png,,READY,HOLD_STATIC_0_TO_1_PERCENT,Kein Zusatztext,RADIO_HANDOFF,Hard cut within act; 0.35 s dissolve only at act boundary
V141,EP07_TAKE_025,S8,10:11.17,10:15.33,PLAN_ESTIMATE_REPLACE_WITH_FORCED_ALIGNMENT,Radio und frühes Internet,Füssli neben frühem Bildschirm,IMG059_FUSELI_TO_SCREEN_STATIC,GENERATED_STILL,C:\Users\iQPrinceps\Documents\Codex\Youtube Modelle des Geistes\06_PRODUCTION\EP07_SCHLAFPARALYSE_V4\IMAGE_GENERATION_KIT\03_GENERATED_OUTPUT\NanoBanana_Pro_2K_Series\IMG059_FUSELI_TO_SCREEN_STATIC.png,,MISSING_GENERATION,GENTLE_ZOOM_1P5_TO_2P5_PERCENT,Bei historischer Szene: Rekonstruktion; sonst kein Overlay,RADIO_HANDOFF,Hard cut within act; 0.35 s dissolve only at act boundary
V142,EP07_TAKE_025,S8,10:15.33,10:19.50,PLAN_ESTIMATE_REPLACE_WITH_FORCED_ALIGNMENT,Radio und frühes Internet,Art-Bell-Sendung als Originalanker,ORIG_ORIG_ART_BELL_2001_BROADCAST_SOURCE_source_frame,ORIGINAL_SOURCE,C:\Users\iQPrinceps\Documents\Codex\Youtube Modelle des Geistes\06_PRODUCTION\EP07_SCHLAFPARALYSE_V4\04_EDITOR_DERIVATIVES\ORIG_ORIG_ART_BELL_2001_BROADCAST_SOURCE_source_frame.png,C:\Users\iQPrinceps\Documents\Codex\Youtube Modelle des Geistes\06_PRODUCTION\EP07_SCHLAFPARALYSE_V4\IMAGE_GENERATION_KIT\02_ASSETS\ORIG_ART_BELL_2001_BROADCAST_SOURCE.png,MISSING_ACQUISITION,STATIC_CONTAIN_OR_SEMANTIC_CROP,Nur nach Rechteprüfung; Quelle und Jahr unten links,RADIO_HANDOFF,Hard cut within act; 0.35 s dissolve only at act boundary
V143,EP07_TAKE_025,S8,10:19.50,10:23.67,PLAN_ESTIMATE_REPLACE_WITH_FORCED_ALIGNMENT,Radio und frühes Internet,Radio ohne Moderatorenimitat,IMG041_2001_RADIO_STUDIO_HANDOFF,GENERATED_STILL,C:\Users\iQPrinceps\Documents\Codex\Youtube Modelle des Geistes\06_PRODUCTION\EP07_SCHLAFPARALYSE_V4\IMAGE_GENERATION_KIT\03_GENERATED_OUTPUT\NanoBanana_Pro_2K_Series\IMG041_2001_RADIO_STUDIO_HANDOFF.png,,MISSING_GENERATION,HOLD_STATIC_0_TO_1_PERCENT,Bei historischer Szene: Rekonstruktion; sonst kein Overlay,RADIO_HANDOFF,Hard cut within act; 0.35 s dissolve only at act boundary
V144,EP07_TAKE_025,S8,10:23.67,10:27.83,PLAN_ESTIMATE_REPLACE_WITH_FORCED_ALIGNMENT,Radio und frühes Internet,frühes Internet,IMG042_EARLY_WEB_SHADOW_NETWORK,GENERATED_STILL,C:\Users\iQPrinceps\Documents\Codex\Youtube Modelle des Geistes\06_PRODUCTION\EP07_SCHLAFPARALYSE_V4\IMAGE_GENERATION_KIT\03_GENERATED_OUTPUT\NanoBanana_Pro_2K_Series\IMG042_EARLY_WEB_SHADOW_NETWORK.png,,MISSING_GENERATION,GENTLE_ZOOM_1P5_TO_2P5_PERCENT,Bei historischer Szene: Rekonstruktion; sonst kein Overlay,RADIO_HANDOFF,Hard cut within act; 0.35 s dissolve only at act boundary
V145,EP07_TAKE_025,S8,10:27.83,10:32.00,PLAN_ESTIMATE_REPLACE_WITH_FORCED_ALIGNMENT,Radio und frühes Internet,Netzwerk beschleunigt,IMG058_RADIO_NETWORK_TRANSFORMATION_END_FRAME,GENERATED_STILL,C:\Users\iQPrinceps\Documents\Codex\Youtube Modelle des Geistes\06_PRODUCTION\EP07_SCHLAFPARALYSE_V4\IMAGE_GENERATION_KIT\03_GENERATED_OUTPUT\NanoBanana_Pro_2K_Series\IMG058_RADIO_NETWORK_TRANSFORMATION_END_FRAME.png,,MISSING_GENERATION,HOLD_STATIC_0_TO_1_PERCENT,Bei historischer Szene: Rekonstruktion; sonst kein Overlay,RADIO_HANDOFF,Hard cut within act; 0.35 s dissolve only at act boundary
V146,EP07_TAKE_026,END,10:32.00,10:52.00,PLAN_ESTIMATE_REPLACE_WITH_FORCED_ALIGNMENT,Endcard,Erlebnis oder Erzählung,CARD007_ENDCARD,CARD,C:\Users\iQPrinceps\Documents\Codex\Youtube Modelle des Geistes\06_PRODUCTION\EP07_SCHLAFPARALYSE_V4\IMAGE_GENERATION_KIT\03_GENERATED_OUTPUT\CARDS\CARD007_ENDCARD.png,,READY,LOCKED_STATIC_NO_ZOOM_NO_PAN_NO_DRIFT,Keine zusätzliche Typografie,END_TONE,Hard cut within act; 0.35 s dissolve only at act boundary
