asset_id,relative_path,bytes,sha256,status,provider_or_source,rights_status,visible_mode_badge,series_usage
GW-EN-0001,.gitignore,183,3099ff7a7d8624c13ad566d5c95b1f2d0de17b9bb8942f23f7b329928baa7a90,accepted,project,project-owned,NO,EP02_ONLY
GW-EN-0002,01_SCRIPT/EDITORIAL_MAP.md,1561,53878f55c7346be7daa568502e0f4df8f084a0915ef4558d603583bd6c64272a,accepted,project,project-owned,NO,EP02_ONLY
GW-EN-0003,01_SCRIPT/SCRIPT_CHANGELOG.md,2332,3bd9bcf2613439dabcda79cd558e95e89398dca55fbbc50511e9b2d9d3c149da,accepted,project,project-owned,NO,EP02_ONLY
GW-EN-0004,01_SCRIPT/VOICE_SCRIPT_EN.txt,7846,cecff6ce720fe4d04625fdb7a2f15ea12d2859aafc466b9c385037577af0710a,accepted,project,project-owned,NO,EP02_ONLY
GW-EN-0005,02_SOURCES/ARCHIVE/BENTOV/BENTOV_PORTRAIT_FAIR_USE.jpg,9993,2ab5ca39bf4e0821f25ca8de4883f93cae9727218e476e49b159770bf6a63df1,source_reference,Wikipedia / Bentov family,copyrighted; fair-use review required,NO,EP02_ONLY
GW-EN-0006,02_SOURCES/ARCHIVE/FLIGHT191/AA191_CRASH_SITE_NTSB_PD.png,207909,6e42b1837dffb3ed794e7d37dc75b516e31f2fefb5febd7a89e9188b8854a025,timeline_selected,FAA/NTSB via Wikimedia Commons,U.S. government public domain,NO,EP02_ONLY
GW-EN-0007,02_SOURCES/ARCHIVE/FLIGHT191/AA191_ENGINE_NTSB_PD.jpg,141613,341bfa498551f92e4b248044bc05884277fd9d5ea16ec5e31fbb82ec577c1f61,source_reference,FAA/NTSB via Wikimedia Commons,U.S. government public domain,NO,EP02_ONLY
GW-EN-0008,02_SOURCES/ARCHIVE/FLIGHT191/AA191_RESPONDERS_NTSB_PD.png,70535,9d2e8ebc505ba9717e975769bd771276ec5c55cb19d4c08cbe364638a88bc821,source_reference,FAA/NTSB via Wikimedia Commons,U.S. government public domain,NO,EP02_ONLY
GW-EN-0009,02_SOURCES/ARCHIVE/FLIGHT191/AA191_WRECKAGE_NTSB_PD.jpg,344865,87439fe39ec73cd2fc9af768902c5e6a24b0b7abd6b5dcaf819851a335ea22cb,source_reference,FAA/NTSB via Wikimedia Commons,U.S. government public domain,NO,EP02_ONLY
GW-EN-0010,02_SOURCES/ARCHIVE/FORT_MEADE/FORT_MEADE_CURRENT_CC_BY_SA_2.jpg,2671334,a0f858ce160a5c716a3ae5117f18a58994d643afce853cf96aa3360146d9606a,timeline_selected,Ken Lund via Wikimedia Commons,CC BY-SA 2.0,NO,EP02_ONLY
GW-EN-0011,02_SOURCES/ARCHIVE/MONROE/MONROE_14_BOB_IN_LAB.jpg,241832,5c9aea9f6b040f4bc54c090624014da020cd9a5b2f59fbac741b243376d720fe,source_reference,Internet Archive / Monroe Institute,CC BY-NC-ND 4.0; permission review for monetized use,NO,EP02_ONLY
GW-EN-0012,02_SOURCES/ARCHIVE/MONROE/MONROE_15_BOB_IN_LAB.jpg,1324191,2981561b17f7d15c26f224c645e1cc4d4684a70914eff23edaaff36029baa3ed,source_reference,Internet Archive / Monroe Institute,CC BY-NC-ND 4.0; permission review for monetized use,NO,EP02_ONLY
GW-EN-0013,02_SOURCES/ARCHIVE/MONROE/MONROE_16_BOB_IN_LAB.jpg,70600,26c3aec4c962b70a2b4e7fd46a32fea021e3c0e5c1e506079042e0544c848184,source_reference,Internet Archive / Monroe Institute,CC BY-NC-ND 4.0; permission review for monetized use,NO,EP02_ONLY
GW-EN-0014,02_SOURCES/ARCHIVE/MONROE/MONROE_18_BOB_IN_LAB.jpg,64970,0fc9b14eb1c02475a98058faaaf83f5bba0d68b78d2265fabbee39a4cade84c9,source_reference,Internet Archive / Monroe Institute,CC BY-NC-ND 4.0; permission review for monetized use,NO,EP02_ONLY
GW-EN-0015,02_SOURCES/ARCHIVE/MONROE/MONROE_20_BOB_IN_LAB.jpg,43064,711066250a867d0d51c0b798cb1f321e2de35cc8fffc8111dd2f784c6dac2a5f,source_reference,Internet Archive / Monroe Institute,CC BY-NC-ND 4.0; permission review for monetized use,NO,EP02_ONLY
GW-EN-0016,02_SOURCES/ARCHIVE/MONROE/MONROE_29_PORTRAIT.jpg,21787,220b652296d01a0fd9226940090ac02f6257d00c211ae9ffc086270a8fed1cc4,source_reference,Internet Archive / Monroe Institute,CC BY-NC-ND 4.0; permission review for monetized use,NO,EP02_ONLY
GW-EN-0017,02_SOURCES/ARCHIVE/MONROE/MONROE_30_REMOTE_CONTROL.jpg,64390,7afc1af948041b344bca7652e2351460b9689ef26fe92590c361c47db042e5f9,source_reference,Internet Archive / Monroe Institute,CC BY-NC-ND 4.0; permission review for monetized use,NO,EP02_ONLY
GW-EN-0018,02_SOURCES/GEODATA/TIGERWEB_CONTIGUOUS_STATES.geojson,14171728,de479e7b63d72175c8879c1e740c18fbbce114ca068be7902db43d4e6a0c0d72,source_reference,U.S. Census Bureau TIGERweb,U.S. government public domain,NO,EP02_ONLY
GW-EN-0019,02_SOURCES/GEODATA/TIGERWEB_CONTIGUOUS_STATES.source.json,487,efe13b77a7e83ec76fdd1cd88038561ec19556fcc7da7efdaf1a538580e5faa9,source_reference,U.S. Census Bureau TIGERweb,U.S. government public domain,NO,EP02_ONLY
GW-EN-0020,02_SOURCES/GEODATA/TIGERWEB_MARYLAND.geojson,490123,47ff7721a28b1d3c038030050838726931227af36ae94fb0f99807c0c9e403d8,source_reference,U.S. Census Bureau TIGERweb,U.S. government public domain,NO,EP02_ONLY
GW-EN-0021,02_SOURCES/GEODATA/TIGERWEB_MARYLAND.source.json,411,fd75e64fe9847ac8f2b65c73b70f2460062fa3b4b48dcd29f19bd411ff164914,source_reference,U.S. Census Bureau TIGERweb,U.S. government public domain,NO,EP02_ONLY
GW-EN-0022,02_SOURCES/ORIGINAL_DOCUMENTS/CIA-RDP96-00788R001700210016-5_BLACKVAULT_MIRROR.pdf,3160520,53d80d9486403d98c95baed6400e2e2aabeceb2100dfd7b2605ba1ec7cc9620b,source_reference,source acquisition,U.S. government/public record; mirror exceptions in source list,NO,EP02_ONLY
GW-EN-0023,02_SOURCES/ORIGINAL_DOCUMENTS/CIA-RDP96-00788R001700210016-5_GATEWAY_REPORT.pdf,1892460,1f93ebad3e78604c1d7afb67b99050af7e2a0df488e93ffcf9f8b7c54062e3e2,source_reference,source acquisition,U.S. government/public record; mirror exceptions in source list,NO,EP02_ONLY
GW-EN-0024,02_SOURCES/ORIGINAL_DOCUMENTS/CIA-RDP96-00788R001700210016-5_TEXT_LAYER.pdf,3381601,e0b94847707b4babbae969cd43b5f33151c697cfc544233445fca1e92278a2bd,source_reference,source acquisition,U.S. government/public record; mirror exceptions in source list,NO,EP02_ONLY
GW-EN-0025,02_SOURCES/ORIGINAL_DOCUMENTS/GATEWAY_REPORT_EXTRACTED_TEXT.txt,96485,4f1f4a187c278bc423da8041c6ad39d86588cdfdc50f3a876a7cb773f78a9550,source_reference,source acquisition,U.S. government/public record; mirror exceptions in source list,NO,EP02_ONLY
GW-EN-0026,02_SOURCES/ORIGINAL_DOCUMENTS/NTSB-AAR-79-17_FLIGHT191.pdf,7453969,31d5d37e1445256b862eb7a0e84cb14b308bb1b567f8258636eaa86a6acd8b3d,source_reference,source acquisition,U.S. government/public record; mirror exceptions in source list,NO,EP02_ONLY
GW-EN-0027,02_SOURCES/ORIGINAL_DOCUMENTS/US3605725A_BENTOV_CONTROLLED_MOTION.pdf,1059742,904643e6ab106b44297c35b0346bf588fbac69dbc0e488eb9a5ba83ca3e2cdd1,source_reference,source acquisition,U.S. government/public record; mirror exceptions in source list,NO,EP02_ONLY
GW-EN-0028,02_SOURCES/ORIGINAL_DOCUMENTS/US3884218A_MONROE_1975.pdf,443051,0cf48bc06df565abc069b314530a9608d9fbb16eb32cfc98a9c4c3a1bd1b7fe5,source_reference,source acquisition,U.S. government/public record; mirror exceptions in source list,NO,EP02_ONLY
GW-EN-0029,02_SOURCES/SOURCE_AND_RIGHTS_REGISTER.md,5450,832b0c3b5a1d11f04039de47f2ae6b95385dee0a55520fab2bea2a7177d16193,accepted,project,project-owned,NO,EP02_ONLY
GW-EN-0030,02_VOICE/.gitkeep,1,01ba4719c80b6fe911b091a7c05124b64eeece964e09c058ef8f9805daca546b,accepted,project,project-owned,NO,EP02_ONLY
GW-EN-0031,03_VISUALS/.gitkeep,1,01ba4719c80b6fe911b091a7c05124b64eeece964e09c058ef8f9805daca546b,accepted,project,project-owned,NO,EP02_ONLY
GW-EN-0032,03_VISUALS/00_REFERENCES/.gitkeep,1,01ba4719c80b6fe911b091a7c05124b64eeece964e09c058ef8f9805daca546b,accepted,project,project-owned,NO,EP02_ONLY
GW-EN-0033,03_VISUALS/01_ARCHIVE/.gitkeep,1,01ba4719c80b6fe911b091a7c05124b64eeece964e09c058ef8f9805daca546b,accepted,project,project-owned,NO,EP02_ONLY
GW-EN-0034,03_VISUALS/02_RECONSTRUCTIONS/.gitkeep,1,01ba4719c80b6fe911b091a7c05124b64eeece964e09c058ef8f9805daca546b,accepted,project,project-owned,NO,EP02_ONLY
GW-EN-0035,03_VISUALS/03_CARDS/.gitkeep,1,01ba4719c80b6fe911b091a7c05124b64eeece964e09c058ef8f9805daca546b,accepted,project,project-owned,NO,EP02_ONLY
GW-EN-0036,03_VISUALS/04_MOTION/.gitkeep,1,01ba4719c80b6fe911b091a7c05124b64eeece964e09c058ef8f9805daca546b,accepted,project,project-owned,NO,EP02_ONLY
GW-EN-0037,03_VISUALS/05_REVIEW/.gitkeep,1,01ba4719c80b6fe911b091a7c05124b64eeece964e09c058ef8f9805daca546b,accepted,project,project-owned,NO,EP02_ONLY
GW-EN-0038,03_VISUALS/CARDS/GW_EN_CARD_14M.png,21010,7462883171130b12f89351d90577533be55a214788427bd99693a77e3b0a221c,timeline_selected,project,project-owned,NO,EP02_ONLY
GW-EN-0039,03_VISUALS/CARDS/GW_EN_CARD_ANOMALY.png,44611,64cff8c69baea240a636f16abe98b11d7991cdc81fa66ac71eaf6cfc8d2dfc5f,accepted,project,project-owned,NO,EP02_ONLY
GW-EN-0040,03_VISUALS/CARDS/GW_EN_CARD_ARMY_NOT_CIA.png,34937,f37bdf71f696755c0c30117b74544e3c42ce2883a4be8ead677fd72d816a93d5,timeline_selected,project,project-owned,NO,EP02_ONLY
GW-EN-0041,03_VISUALS/CARDS/GW_EN_CARD_ARMY_NOT_CIA_RECAP.png,35229,0ccd93e4c5b341735d9ddc730da77a6d7d93de1f43725e89bf8a17f5c4ad9baf,timeline_selected,project,project-owned,NO,EP02_ONLY
GW-EN-0042,03_VISUALS/CARDS/GW_EN_CARD_BEAT_10HZ.png,31518,f75df5a4150e1a9472d3f8502ddcaf5fd0dd0c0f584c59c2ea091866e6b5e650,timeline_selected,project,project-owned,NO,EP02_ONLY
GW-EN-0043,03_VISUALS/CARDS/GW_EN_CARD_BEAT_400.png,13894,b1f36041207e3c270180501bbace1356010fa1771b49355f9a01a3b599e98f85,timeline_selected,project,project-owned,NO,EP02_ONLY
GW-EN-0044,03_VISUALS/CARDS/GW_EN_CARD_BEAT_410.png,17874,6b178d190a4f610af1e0683c885ab3066a38b1932bb35d406409fb41c586d62e,timeline_selected,project,project-owned,NO,EP02_ONLY
GW-EN-0045,03_VISUALS/CARDS/GW_EN_CARD_CROSSING_COSMOLOGY.png,22397,abe389bebbd57c526b388cfcc91da65770e026bc07f0cc56b957f606fb268ee9,timeline_selected,project,project-owned,NO,EP02_ONLY
GW-EN-0046,03_VISUALS/CARDS/GW_EN_CARD_CROSSING_SOUND.png,21249,505c70feefd3361414c02bf22847e27d75de2d64a3df80dd9fe6bcc915559398,timeline_selected,project,project-owned,NO,EP02_ONLY
GW-EN-0047,03_VISUALS/CARDS/GW_EN_CARD_CROSSING_SUMMARY.png,35846,4f901ebbb8f82064547c8ecb3f08f6f498ca09a62d398590923c3e37f38e7b97,timeline_selected,project,project-owned,NO,EP02_ONLY
GW-EN-0048,03_VISUALS/CARDS/GW_EN_CARD_DECISION_AUTHORIZE_STOP.png,24836,dc86518e89b85cce3f491cd8d0eee06d5bb6aea3c711952d57f078885faceac7,accepted,project,project-owned,NO,EP02_ONLY
GW-EN-0049,03_VISUALS/CARDS/GW_EN_CARD_DECISION_QUESTION.png,24340,79baea59cd73b43a158a79838cb211a1276b503f28df37716fc7a355db462319,timeline_selected,project,project-owned,NO,EP02_ONLY
GW-EN-0050,03_VISUALS/CARDS/GW_EN_CARD_DESPERATION.png,38216,b339ad28ec6d9307995689d5ee667063d4590905e022af42c176f5bacea78560,accepted,project,project-owned,NO,EP02_ONLY
GW-EN-0051,03_VISUALS/CARDS/GW_EN_CARD_DIGITS_NONE.png,24848,094d963b0f1043ce152667a9939ccab0ce2d61404aec9ece28ee7a9b5624a603,timeline_selected,project,project-owned,NO,EP02_ONLY
GW-EN-0052,03_VISUALS/CARDS/GW_EN_CARD_DIGITS_SOME.png,24565,f5cf6387e69cf981e9e86f028aaecacf2d4f80a02ca7d0569d81ea41210cebc1,timeline_selected,project,project-owned,NO,EP02_ONLY
GW-EN-0053,03_VISUALS/CARDS/GW_EN_CARD_DISTORTION_SOURCES.png,32528,3029405014b0289cc38d973d3e1cdf0ac738af73ac0d07b7dd53c2b9b4a9fe79,accepted,project,project-owned,NO,EP02_ONLY
GW-EN-0054,03_VISUALS/CARDS/GW_EN_CARD_EEG_MIXED.png,23810,38c01d40f8442b0d3dbb42c67bcbe8d1b777eac0b9120ea2ffc2a555889b3cee,timeline_selected,project,project-owned,NO,EP02_ONLY
GW-EN-0055,03_VISUALS/CARDS/GW_EN_CARD_EVIDENCE_MIXED.png,34560,0df86a620ef1f36ebc068c13383540f296fcc1c2ccee6cecdba491edbd7d1eaf,timeline_selected,project,project-owned,NO,EP02_ONLY
GW-EN-0056,03_VISUALS/CARDS/GW_EN_CARD_FEWER_5.png,25238,b3022ea008ebfea4c6f87426fe7ffdffeb1c756d00e3bfbf0cd8b97006ef515d,timeline_selected,project,project-owned,NO,EP02_ONLY
GW-EN-0057,03_VISUALS/CARDS/GW_EN_CARD_FOCUS10.png,20867,1bbffe02f3b68e20e71f358d2f3315ce6a54ade3606b9c0fc77fdd80a359c1d6,accepted,project,project-owned,NO,EP02_ONLY
GW-EN-0058,03_VISUALS/CARDS/GW_EN_CARD_FOCUS10_STATE.png,33232,eecf633dc415f86085629dc16775f6c1642359e2b5965bc30ca855f9540a6e47,timeline_selected,project,project-owned,NO,EP02_ONLY
GW-EN-0059,03_VISUALS/CARDS/GW_EN_CARD_FOCUS12.png,20817,ec4155e22b4a13a5bdcb496551c17303587d747501de710888c980822d1f4b22,accepted,project,project-owned,NO,EP02_ONLY
GW-EN-0060,03_VISUALS/CARDS/GW_EN_CARD_FOCUS12_STATE.png,32875,eb254546c3c96d8dadd9c5f7b394f9e557184eeb1cba0f9aae5206a057ecf72d,accepted,project,project-owned,NO,EP02_ONLY
GW-EN-0061,03_VISUALS/CARDS/GW_EN_CARD_FOCUS15.png,35686,90f4b5411dd8d4f8e63ec42b31a93f58e422d14bd4c07df48a628b0df59654f5,timeline_selected,project,project-owned,NO,EP02_ONLY
GW-EN-0062,03_VISUALS/CARDS/GW_EN_CARD_H_COMPARE.png,32014,34e39b05eda7f2d93ecfca38154f87abd9982212aa64f32b6942593704ecd106,accepted,project,project-owned,NO,EP02_ONLY
GW-EN-0063,03_VISUALS/CARDS/GW_EN_CARD_H_FUTURE.png,31256,0bc62a55da2e14ac9f4a8b78b59d24cc216d4efb2dac08c4e4d6d19cdb290d9e,accepted,project,project-owned,NO,EP02_ONLY
GW-EN-0064,03_VISUALS/CARDS/GW_EN_CARD_H_PAST.png,31850,41e65436b3a3bb2c55950eaa6c59c1d75223cb8132622b712b5ad92edd642784,accepted,project,project-owned,NO,EP02_ONLY
GW-EN-0065,03_VISUALS/CARDS/GW_EN_CARD_H_PRESENT.png,28032,9496a07d9a4ec78f36f5a482b73dec5e2a996c2579f098a293f601b67e041363,accepted,project,project-owned,NO,EP02_ONLY
GW-EN-0066,03_VISUALS/CARDS/GW_EN_CARD_H_PROTOCOL_RECAP.png,37827,d3c2cc364ccaf73d6da03a17b3eaca5458fe1ced92202f9265f2e972c25e7838,timeline_selected,project,project-owned,NO,EP02_ONLY
GW-EN-0067,03_VISUALS/CARDS/GW_EN_CARD_H_RECOMMENDATION_H.png,22815,3d876805db17b5516f482054f545b877c89d194ea116dd49d383f7ed041d50ac,timeline_selected,project,project-owned,NO,EP02_ONLY
GW-EN-0068,03_VISUALS/CARDS/GW_EN_CARD_HANDOFF.png,32162,1595ebeb9360690c80aea34e927c24405c701b2b69c6845009f33d1f6861b047,accepted,project,project-owned,NO,EP02_ONLY
GW-EN-0069,03_VISUALS/CARDS/GW_EN_CARD_HIDDEN_DIGITS_GAP.png,28067,9ca0b181100e8b54e2bc979b65b5adba37835008712667df99176d1da2ea3a88,timeline_selected,project,project-owned,NO,EP02_ONLY
GW-EN-0070,03_VISUALS/CARDS/GW_EN_CARD_INTERPRETATION_TEST.png,33992,b8f7eca9c7c7874adb8906921d1f2dbdddddac4ea9f33db2a59c37f982660489,timeline_selected,project,project-owned,NO,EP02_ONLY
GW-EN-0071,03_VISUALS/CARDS/GW_EN_CARD_MODERN_METHODS.png,43115,8dc0e3359e4ff905cb480e087757827f043c81ed97eae379cc97e35aa4e634c1,accepted,project,project-owned,NO,EP02_ONLY
GW-EN-0072,03_VISUALS/CARDS/GW_EN_CARD_NO_DATASET.png,27572,4aead39febb8497539d8d16c2172a9d1a175fb0344a356381544a39b236d1046,accepted,project,project-owned,NO,EP02_ONLY
GW-EN-0073,03_VISUALS/CARDS/GW_EN_CARD_ONE_OPERATOR.png,35716,9799cefd17236b771e0a2b0dc53eece5b99ace5838f7465a8884ac444782c63c,accepted,project,project-owned,NO,EP02_ONLY
GW-EN-0074,03_VISUALS/CARDS/GW_EN_CARD_OVERREACH.png,32834,c51bd28920d26818666c66c786b01b6d9105f8146a2aa4a6bc4f02a14609d400,timeline_selected,project,project-owned,NO,EP02_ONLY
GW-EN-0075,03_VISUALS/CARDS/GW_EN_CARD_PROOF_BOUNDARY.png,37696,b9fba13eb9c71b52f8db1cd0a1f3ed389d012ef52d88c161e116ff0420c3572e,timeline_selected,project,project-owned,NO,EP02_ONLY
GW-EN-0076,03_VISUALS/CARDS/GW_EN_CARD_RECOMMENDATION_JK.png,38956,20034783cd57bf03c0c2986f621b80fd1cc2c2138445a1ad6b7e885e7ad887e1,timeline_selected,project,project-owned,NO,EP02_ONLY
GW-EN-0077,03_VISUALS/CARDS/GW_EN_CARD_SOURCE_UNCERTAIN.png,44458,0110460d7450d94a791ab6f857e01d572273d71f3308b2dc29f311c73e43f9b0,timeline_selected,project,project-owned,NO,EP02_ONLY
GW-EN-0078,03_VISUALS/CARDS/GW_EN_CARD_STATE_NOT_INFO.png,30235,6a59530b54a15fd45355c49eae0dd84f865d88793200bbb9b1e3450af71d296c,accepted,project,project-owned,NO,EP02_ONLY
GW-EN-0079,03_VISUALS/CARDS/GW_EN_CARD_TEST_NOT_PROOF.png,31994,507bf25e0f829c1d00685bbdfb917d113976a9f84ec7f60d9a9f49a5139ca28e,timeline_selected,project,project-owned,NO,EP02_ONLY
GW-EN-0080,03_VISUALS/CARDS/GW_EN_CARD_THREE_INPUTS.png,49037,281eb242146c12db58c36da014af63600fcab22c9954b16b92f4f42011583652,accepted,project,project-owned,NO,EP02_ONLY
GW-EN-0081,03_VISUALS/CARDS/GW_EN_CARD_THREE_INPUTS_COMBINED.png,27516,f9d7f35fafbffc79cb18a0ed666a7495e411c37aed363bdee2bdd6e71c89931f,accepted,project,project-owned,NO,EP02_ONLY
GW-EN-0082,03_VISUALS/CARDS/GW_EN_CARD_TIME_COORDINATE.png,25765,1cf9b03978fa42df1c60558f61e9c47fc2af1187e163601443287acfa4256c93,timeline_selected,project,project-owned,NO,EP02_ONLY
GW-EN-0083,03_VISUALS/CARDS/GW_EN_CARD_WEAK_NOT_DISCARDED.png,38897,0a87edc9ca379e51ac39d616163241e4b1758ff92730357e8d9d0d550836fa37,timeline_selected,project,project-owned,NO,EP02_ONLY
GW-EN-0084,03_VISUALS/CLIPS/GW_EN_CLIP01_THREE_TIMES_RECOMMENDATION_H.json,313,2733f8685bc4247876047a88f3c26e1b0d8a87d6f886f723dc4335ca859c89d3,accepted,code-native,project-owned,NO,EP02_ONLY
GW-EN-0085,03_VISUALS/CLIPS/GW_EN_CLIP01_THREE_TIMES_RECOMMENDATION_H.mp4,1269156,91aa5be2dfab3dd7d072aac40cee4925ab677f29e0fcce2e4300eb46d63e19e9,timeline_selected,code-native,project-owned,NO,EP02_ONLY
GW-EN-0086,03_VISUALS/CLIPS/GW_EN_CLIP02_ARCHIVE_CHAIN.json,283,2b63380ce7a43d9dfbe4e051542a7f326faa9fee300648b313175fb8048d9123,accepted,code-native,project-owned,NO,EP02_ONLY
GW-EN-0087,03_VISUALS/CLIPS/GW_EN_CLIP02_ARCHIVE_CHAIN.mp4,698486,c45159ac3852d00da5cd2298fd8e8aedf79d8edc09dd8cb6a660f7ff96f324ed,timeline_selected,code-native,project-owned,NO,EP02_ONLY
GW-EN-0088,03_VISUALS/CLIPS/GW_EN_CLIP03_MONROE_EXIT.mp4,7363374,45c9806bb2d09f3401932d2a47a84eaba62d9fccba1a5d401d5577d2d35a9df7,timeline_selected,Vertex AI Veo 3.1,project-owned,NO,EP02_ONLY
GW-EN-0089,03_VISUALS/CLIPS/GW_EN_CLIP04_BEAT_RESONANCE.json,279,c1156012996a040aec1aaa67e7e6224988e35bf44e71076746113da50e22cb0f,accepted,code-native,project-owned,NO,EP02_ONLY
GW-EN-0090,03_VISUALS/CLIPS/GW_EN_CLIP04_BEAT_RESONANCE.mp4,1080839,4c452f5f57d2ead0a899408ae7f560a729ab25d94d5cf0c8ccab102b7400d964,timeline_selected,code-native,project-owned,NO,EP02_ONLY
GW-EN-0091,03_VISUALS/CLIPS/GW_EN_CLIP05_CROSSING.mp4,24248011,863e1a04a9273d572a8004f3fe4609066bdca90d7b8c781f78983389313d3d0e,timeline_selected,Vertex AI Veo 3.1,project-owned,NO,EP02_ONLY
GW-EN-0092,03_VISUALS/CLIPS/GW_EN_CLIP06_FOCUS_WHEEL.mp4,20623549,ae7049e4619263dae4cd31e03369baa73c94bd30b2799be047cf50da75e8fed8,timeline_selected,Vertex AI Veo 3.1,project-owned,NO,EP02_ONLY
GW-EN-0093,03_VISUALS/CLIPS/GW_EN_CLIP07_TEN_DIGITS.json,285,3869b442517f05b9543ffc99bd5456b96f469950ab037d646a264bb2f4ac4c56,accepted,code-native,project-owned,NO,EP02_ONLY
GW-EN-0094,03_VISUALS/CLIPS/GW_EN_CLIP07_TEN_DIGITS.mp4,1057685,8dffddc3296ae1c17bbff68b2c809c71cbd1e704757ad039ab45bf5540cc41bb,timeline_selected,code-native,project-owned,NO,EP02_ONLY
GW-EN-0095,03_VISUALS/CLIPS/GW_EN_CLIP09_NONPHYSICAL_PRESENCE_SAFE.json,664,147186f5f0f0dcd0d0f88fb165fdeda4882caaa50f08a48d8b4adfb21e554054,accepted,code-native,project-owned,NO,EP02_ONLY
GW-EN-0096,03_VISUALS/CLIPS/GW_EN_CLIP09_NONPHYSICAL_PRESENCE_SAFE.mp4,1290395,6db8b27ee7bf6bd7b668bd32c8fc71d12864779fd79ebbd04578087f0363499b,timeline_selected,code-native controlled motion,project-owned,NO,EP02_ONLY
GW-EN-0097,03_VISUALS/CLIPS/GW_EN_CLIP10_ZERO_ONE_HANDOFF.json,284,3973ae3dfc41924b95ce0451f30025efff8089485dbae7bb3aecb367d5e907fd,accepted,code-native,project-owned,NO,EP02_ONLY
GW-EN-0098,03_VISUALS/CLIPS/GW_EN_CLIP10_ZERO_ONE_HANDOFF.mp4,301952,1248b37b6e1ca4d11a32e8bbba3e3df489a2e4a40e86b556f6b0a21f411bb002,timeline_selected,code-native,project-owned,NO,EP02_ONLY
GW-EN-0099,03_VISUALS/CLIPS/GW_EN_CLIP12_THREE_INPUTS_PROGRESS.json,514,15290d5055277031b349f091d507523cc7dc29771319e13171920ae8ae5f6ae3,accepted,code-native,project-owned,NO,EP02_ONLY
GW-EN-0100,03_VISUALS/CLIPS/GW_EN_CLIP12_THREE_INPUTS_PROGRESS.mp4,1527959,7ffcb570b197ea89bf8c5baf7a7bd594d819dd42c9be66af994360d981d02a2e,timeline_selected,code-native controlled motion,project-owned,NO,EP02_ONLY
GW-EN-0101,03_VISUALS/DOCUMENT_CROPS/GW_EN_DOC01_ARMY_HEADER.png,634664,64bcc7089dd71b03e5697a2d6e708b9c3fce3e8278426bd8dec2a400e05d54b2,timeline_selected,source crop,inherits original document status,NO,EP02_ONLY
GW-EN-0102,03_VISUALS/DOCUMENT_CROPS/GW_EN_DOC02_MCDONNELL_SIGNATURE.png,294355,e2b2489fc66254d29465d61f617eab99371ce4be1330a2a1ae4422b094a5c1aa,timeline_selected,source crop,inherits original document status,NO,EP02_ONLY
GW-EN-0103,03_VISUALS/DOCUMENT_CROPS/GW_EN_DOC03_HEMISYNC.png,1299656,6830a76a84ec7b5ad29e4f3fee82e61682d51edc48f8a8f8eb98891eabf06833,timeline_selected,source crop,inherits original document status,NO,EP02_ONLY
GW-EN-0104,03_VISUALS/DOCUMENT_CROPS/GW_EN_DOC04_FREQUENCY_RESPONSE.png,1137230,bf2811caec30ecb08e8ea2bc24bcb2f83863bcaaadefdfb264d5ec7a86a20aa0,timeline_selected,source crop,inherits original document status,NO,EP02_ONLY
GW-EN-0105,03_VISUALS/DOCUMENT_CROPS/GW_EN_DOC05_RESONANCE.png,1178147,0df99606824357a28d084eaeb1caf20f623f65db4f1a47f31ee1ccb8323698f8,accepted,source crop,inherits original document status,NO,EP02_ONLY
GW-EN-0106,03_VISUALS/DOCUMENT_CROPS/GW_EN_DOC06_BODY_OSCILLATOR.png,740444,88f282ae552c31b947a43737699ab8180d0e3bc216dbbd2f1320d4074ec68281,accepted,source crop,inherits original document status,NO,EP02_ONLY
GW-EN-0107,03_VISUALS/DOCUMENT_CROPS/GW_EN_DOC07_TIME_SPACE.png,1103495,588ec895cb86288b097c58cf7a223b3c63e5c9fddbbc8dc4afd78bc70e1c3368,timeline_selected,source crop,inherits original document status,NO,EP02_ONLY
GW-EN-0108,03_VISUALS/DOCUMENT_CROPS/GW_EN_DOC08_OUT_OF_BODY_STATUS.png,971569,4a615ca27bac20b35a69603aa4ff3992a2e425cf030c7562fb0d8664e3ced761,accepted,source crop,inherits original document status,NO,EP02_ONLY
GW-EN-0109,03_VISUALS/DOCUMENT_CROPS/GW_EN_DOC09_FOCUS15.png,1134780,dbf8ecc63ffdcca0694e92d94cbacf47f987164ff09675f23aea139df5c15d6a,timeline_selected,source crop,inherits original document status,NO,EP02_ONLY
GW-EN-0110,03_VISUALS/DOCUMENT_CROPS/GW_EN_DOC10_FOCUS21.png,1180319,268c6b1200cd834c33b672652dfb8ece4a6b9b7ba8d60aac1c3c95d736c4f808,timeline_selected,source crop,inherits original document status,NO,EP02_ONLY
GW-EN-0111,03_VISUALS/DOCUMENT_CROPS/GW_EN_DOC11_ROLLOUT.png,1130958,962b625aec0adef759df64f9457de83dcf6c0530ee1a4e149881d95a36964c00,timeline_selected,source crop,inherits original document status,NO,EP02_ONLY
GW-EN-0112,03_VISUALS/DOCUMENT_CROPS/GW_EN_DOC12_TEN_DIGITS.png,707933,2666b52dc7c5c9aeb05080889255ca4921c88df77741a34262db32108c0bb79d,timeline_selected,source crop,inherits original document status,NO,EP02_ONLY
GW-EN-0113,03_VISUALS/DOCUMENT_CROPS/GW_EN_DOC13_DISTORTION.png,976943,04319ec5a917f09c0656533c78d5039e6e966dc2e66d8d9484cf66e7001f4fa4,timeline_selected,source crop,inherits original document status,NO,EP02_ONLY
GW-EN-0114,03_VISUALS/DOCUMENT_CROPS/GW_EN_DOC14_CONCLUSION.png,929370,7f2c61b63bbc77488c27f0cf66b8cd5729dab6e131fb6139b66ea68918f34333,timeline_selected,source crop,inherits original document status,NO,EP02_ONLY
GW-EN-0115,03_VISUALS/DOCUMENT_CROPS/GW_EN_DOC15_RECOMMENDATION_H.png,867834,4042059edc8148356cc766cf7b804fe60fb6c44e5723a3455a184eac43840cad,timeline_selected,source crop,inherits original document status,NO,EP02_ONLY
GW-EN-0116,03_VISUALS/DOCUMENT_CROPS/GW_EN_DOC16_RECOMMENDATIONS_JK.png,617868,d5c9b7c1e16a83291a44db84e010ad0ce908ce0a3308fd0264fef67e70c0145a,timeline_selected,source crop,inherits original document status,NO,EP02_ONLY
GW-EN-0117,03_VISUALS/DOCUMENT_CROPS/GW_EN_DOC17_BIBLIOGRAPHY.png,444894,642ff61749da37863f85491eb1860cca979de1d6ce7e2a23a1a55fc8ebaade67,timeline_selected,source crop,inherits original document status,NO,EP02_ONLY
GW-EN-0118,03_VISUALS/DOCUMENT_CROPS/GW_EN_DOC18_MONROE_PATENT.png,406801,0f640f15c6807b2337534d3a3424f5581aeb634df4877cd6d639a5b8926825b1,timeline_selected,source crop,inherits original document status,NO,EP02_ONLY
GW-EN-0119,03_VISUALS/DOCUMENT_CROPS/GW_EN_DOC19_NTSB_FLIGHT191.png,366518,0e54d4d0dd02722bb12ece8de442e0f326adb0049f1650c23a66bb31125baa81,timeline_selected,source crop,inherits original document status,NO,EP02_ONLY
GW-EN-0120,03_VISUALS/DOCUMENT_CROPS/GW_EN_DOC20_TASKING.png,634165,51d25fc710bfce15a9f80fb77ebeacc1b0d19436ff6edf534d5991cecc5b5de8,timeline_selected,source crop,inherits original document status,NO,EP02_ONLY
GW-EN-0121,03_VISUALS/DOCUMENT_CROPS/GW_EN_DOC21_HYPNOSIS.png,601464,e99fdd6dfec499c038fe5e79f513c0767c3a37c3bc583afed2e3961f96976a89,timeline_selected,source crop,inherits original document status,NO,EP02_ONLY
GW-EN-0122,03_VISUALS/DOCUMENT_CROPS/GW_EN_DOC22_TRANSCENDENTAL_MEDITATION.png,714686,5357c6b7433f2104da60adb3043756d1e1fdf3e2d654a59ade6bca6007acbdcb,accepted,source crop,inherits original document status,NO,EP02_ONLY
GW-EN-0123,03_VISUALS/DOCUMENT_CROPS/GW_EN_DOC23_BIOFEEDBACK.png,703067,534427cf4f98ae50b11df47951f71bd68519fd7c3368a2095b545e33a7f6a1f0,timeline_selected,source crop,inherits original document status,NO,EP02_ONLY
GW-EN-0124,03_VISUALS/DOCUMENT_CROPS/GW_EN_DOC24_GATEWAY_COMPARISON.png,797110,2ad90c74b324a76f45dcfc2c55499a15b2c19da9a8e5703f96e417902b5cb590,timeline_selected,source crop,inherits original document status,NO,EP02_ONLY
GW-EN-0125,03_VISUALS/DOCUMENT_CROPS/GW_EN_DOC25_FFR_DETAIL.png,904715,b0f0037e5257504ff11363ffc58857ee81fdaba7771c32dbb441f6f3e785723c,timeline_selected,source crop,inherits original document status,NO,EP02_ONLY
GW-EN-0126,03_VISUALS/DOCUMENT_CROPS/GW_EN_DOC26_ELECTROMAGNETIC_RESPONSE.png,799697,06a6a68ccd4a66617bc00c5ae5a0625b0a6c9dfa152315f81c24525aa7d0fd70,timeline_selected,source crop,inherits original document status,NO,EP02_ONLY
GW-EN-0127,03_VISUALS/DOCUMENT_CROPS/GW_EN_DOC27_BENTOV_CITATION.png,615962,150560d98eba02f1731b05e84ab59a7c283f981490f08823879921a4934f0b0c,accepted,source crop,inherits original document status,NO,EP02_ONLY
GW-EN-0128,03_VISUALS/DOCUMENT_CROPS/GW_EN_DOC28_BODY_RHYTHM.png,493420,613bd2e602f4318dba2cf93ee16df218a936a00fadb7443c7561590e01661b45,accepted,source crop,inherits original document status,NO,EP02_ONLY
GW-EN-0129,03_VISUALS/DOCUMENT_CROPS/GW_EN_DOC29_UNIVERSAL_HOLOGRAM.png,759104,0e91b1a4ef06a7dfb6ea7991b38aaa8d4b558c38e84d55a0855894e0d31175e3,accepted,source crop,inherits original document status,NO,EP02_ONLY
GW-EN-0130,03_VISUALS/DOCUMENT_CROPS/GW_EN_DOC30_CONSCIOUSNESS_MATRIX.png,839390,e34f83c179cc7402964cace1a6895b976ced97bfd4b53594179e7bf8bad443e0,accepted,source crop,inherits original document status,NO,EP02_ONLY
GW-EN-0131,03_VISUALS/DOCUMENT_CROPS/GW_EN_DOC31_TIME_SPACE_DETAIL.png,626607,ea5fedd7c3ef257595ccebfb94c1e662fbf78e387767da182454ad5d162352c6,timeline_selected,source crop,inherits original document status,NO,EP02_ONLY
GW-EN-0132,03_VISUALS/DOCUMENT_CROPS/GW_EN_DOC32_CLICKING_OUT.png,454438,8022e37b2ef2832f91eaffeab8004dd01f23359d38f51f403ff23d39fa64ab2e,timeline_selected,source crop,inherits original document status,NO,EP02_ONLY
GW-EN-0133,03_VISUALS/DOCUMENT_CROPS/GW_EN_DOC33_OBE_DETAIL.png,523337,0606456881dd751baae1043f3f1f30acbd6f117f15c49281dd42718d831cafa8,accepted,source crop,inherits original document status,NO,EP02_ONLY
GW-EN-0134,03_VISUALS/DOCUMENT_CROPS/GW_EN_DOC34_FOCUS_DIFFICULTY.png,228538,af642d84d59d705efebf2181765dbd02aaffa4a335dc10a33c17bcba0a4a15c9,accepted,source crop,inherits original document status,NO,EP02_ONLY
GW-EN-0135,03_VISUALS/DOCUMENT_CROPS/GW_EN_DOC35_DIGIT_PROCEDURE.png,134885,bca3e6771194e5a821e58418de9cf669d37d63c64aad2cfd78cdab9f7d9dafef,timeline_selected,source crop,inherits original document status,NO,EP02_ONLY
GW-EN-0136,03_VISUALS/DOCUMENT_CROPS/GW_EN_DOC36_DIGIT_FAILURE.png,130087,b62939c848150adcfff226b21769555d45d2a890b838e74386672cdf84368dfc,timeline_selected,source crop,inherits original document status,NO,EP02_ONLY
GW-EN-0137,03_VISUALS/DOCUMENT_CROPS/GW_EN_DOC37_DISTORTION_DETAIL.png,325212,b97366ed64ca0f152e6986533cd9576b27bab3fb60676d159ee74175b01170cc,timeline_selected,source crop,inherits original document status,NO,EP02_ONLY
GW-EN-0138,03_VISUALS/DOCUMENT_CROPS/GW_EN_DOC38_MULTIFOCUS_DETAIL.png,620312,9a2ef863e41d3fbb9f48f513793815393e1deb96fb6dc79212deca915b9a7b4a,timeline_selected,source crop,inherits original document status,NO,EP02_ONLY
GW-EN-0139,03_VISUALS/DOCUMENT_CROPS/GW_EN_DOC39_NONCORPOREAL_DETAIL.png,422633,5e67220f222ee52c79a488cfcb2a00bc7b040ac2f836876153657c2f13e77798,timeline_selected,source crop,inherits original document status,NO,EP02_ONLY
GW-EN-0140,03_VISUALS/DOCUMENT_CROPS/GW_EN_DOC40_HOLOGRAPHIC_DEFENCE.png,260278,1f67cbb661fd074952c615f75a639d70694d21d4946387e74d07e0caf74a081f,timeline_selected,source crop,inherits original document status,NO,EP02_ONLY
GW-EN-0141,03_VISUALS/DOCUMENT_CROPS/GW_EN_DOC41_RECOMMENDATION_INTRO.png,631839,28877c816022b8ad2e4a880861b4aa5e05242815383a335fdc1d0cf61270730c,timeline_selected,source crop,inherits original document status,NO,EP02_ONLY
GW-EN-0142,03_VISUALS/DOCUMENT_CROPS/GW_EN_DOC42_STUDY_LIMIT.png,819965,d4f06dd924f00d9dc1b6dff0d72c1fe56c66f86ed1423d5182fb2ca3bd926545,timeline_selected,source crop,inherits original document status,NO,EP02_ONLY
GW-EN-0143,03_VISUALS/DOCUMENT_CROPS/GW_EN_DOC43_RECIPIENT.png,421293,bf9ebf59534d6e2fa46978c939017e9e632c02f57109cd8b48ba21dc2f5eebd1,accepted,source crop,inherits original document status,NO,EP02_ONLY
GW-EN-0144,03_VISUALS/DOCUMENT_CROPS/GW_EN_DOC44_DATE.png,78755,1794622cde0044b38b0c7e5dc10a1b639516ace576dd323d80bd7375d25d9631,timeline_selected,source crop,inherits original document status,NO,EP02_ONLY
GW-EN-0145,03_VISUALS/DOCUMENT_CROPS/GW_EN_DOC45_FOCUS15_RECAP.png,768437,e477d63bd6655a6b3c5c4146044c24dc7490a2b4e7274430ab6f9ebe44426093,timeline_selected,source crop,inherits original document status,NO,EP02_ONLY
GW-EN-0146,03_VISUALS/DOCUMENT_CROPS/GW_EN_DOC46_DIGIT_RECAP.png,158096,911b7fb768ba7f27b4fc1da0fd11152528f4477f613baaac4f8392e66f8a5e53,timeline_selected,source crop,inherits original document status,NO,EP02_ONLY
GW-EN-0147,03_VISUALS/DOCUMENT_CROPS/GW_EN_DOC47_ARMY_HEADER_RECAP.png,190454,96c75ae5268d6e36e503693b3b392179d22274c64f8bf123da6c43f2e02f5bc2,timeline_selected,source crop,inherits original document status,NO,EP02_ONLY
GW-EN-0148,03_VISUALS/DOCUMENT_CROPS/GW_EN_DOC48_CONCLUSION_RECAP.png,581644,af108c68bc9cde1d545c27bae59cfc7434d18263c14cf1787a00a4c805402df0,timeline_selected,source crop,inherits original document status,NO,EP02_ONLY
GW-EN-0149,03_VISUALS/DOCUMENT_CROPS/GW_EN_DOC49_ROLL_OUT_DETAIL.png,93829,ff8e649b093e1608199a7b53ae692e47652ff65ad6c0b83cc6b57fa7db90a4be,timeline_selected,source crop,inherits original document status,NO,EP02_ONLY
GW-EN-0150,03_VISUALS/DOCUMENT_CROPS/GW_EN_DOC50_RISE_DETAIL.png,317606,d8f973d8852e34592ea6a13dbb5ae06a6c0576fb42ea8affb65230883dc31fc8,accepted,source crop,inherits original document status,NO,EP02_ONLY
GW-EN-0151,03_VISUALS/DOCUMENT_CROPS/GW_EN_DOC51_OPENING_DETAIL.png,712273,d1b7c83eec50bcdc1f10b6ecf3abcc3d847d93f7c51cec15bdb694b34954413a,timeline_selected,source crop,inherits original document status,NO,EP02_ONLY
GW-EN-0152,03_VISUALS/DOCUMENT_CROPS/GW_EN_DOC52_NESTED_SYSTEMS.png,623010,155c982f1ecfd0b1695749b6820150e0625ec030693ff2771448d972f9d60f8a,timeline_selected,source crop,inherits original document status,NO,EP02_ONLY
GW-EN-0153,03_VISUALS/DOCUMENT_CROPS/GW_EN_DOC53_NONCORPOREAL_RECAP.png,527666,b61456731027a79df8e0cf6df584c65726221277c7a9ebd489b152aa9833f90b,timeline_selected,source crop,inherits original document status,NO,EP02_ONLY
GW-EN-0154,03_VISUALS/DOCUMENT_CROPS/GW_EN_DOC54_SUBJECT_RECAP.png,344291,7a7d6812567ab9f29d08147ce357c224995b9c01deff6d5552ce280e092a957b,timeline_selected,source crop,inherits original document status,NO,EP02_ONLY
GW-EN-0155,03_VISUALS/DOCUMENT_CROPS/GW_EN_DOC55_AUTHOR_RECAP.png,558029,20006ceac9d1f61f6adaa9e4ff1696270561b825a213f6f870c9b5f15f4381aa,timeline_selected,source crop,inherits original document status,NO,EP02_ONLY
GW-EN-0156,03_VISUALS/DOCUMENT_CROPS/GW_EN_DOC56_FOCUS_RECAP_ALT.png,674928,f9755aadec96fd2c529615dd231e03bc18595228314401a232bdec931e309e56,timeline_selected,source crop,inherits original document status,NO,EP02_ONLY
GW-EN-0157,03_VISUALS/DOCUMENT_CROPS/GW_EN_DOC57_MATCHING_DIGITS.png,762882,850908dcde7e1758fff5dcc5c31f8d7a602faa170344f8cd5883c7400e05c14d,timeline_selected,source crop,inherits original document status,NO,EP02_ONLY
GW-EN-0158,03_VISUALS/DOCUMENT_CROPS/GW_EN_DOC58_BENTOV_REAPPEARS.png,706065,c4165966de1867e7473b9d2385242bfc460db0e31be29ddadc0a3c2decde6da8,timeline_selected,source crop,inherits original document status,NO,EP02_ONLY
GW-EN-0159,03_VISUALS/DOCUMENT_CROPS/GW_EN_DOC59_FFR_MODERN_BOUNDARY.png,606119,a896c11fc0700cd3845515470e25aebaff4bf8dfe642f69d0702e6a3c95fe8d2,timeline_selected,source crop,inherits original document status,NO,EP02_ONLY
GW-EN-0160,03_VISUALS/DOCUMENT_CROPS/GW_EN_DOC60_FIELD_INFORMATION_DETAIL.png,227054,813a7e84116a08f38a8b77105e6de0e4f08ec7ff8645f295646bc6dfc8de05f0,timeline_selected,source crop,inherits original document status,NO,EP02_ONLY
GW-EN-0161,03_VISUALS/DOCUMENT_CROPS/GW_EN_DOC61_NONCORPOREAL_CONTEXT.png,269151,ce0a7fbeab309d7be4f0c84a7aaebbda9fdec4d4fc510d32f8208f0c00a29397,accepted,source crop,inherits original document status,NO,EP02_ONLY
GW-EN-0162,03_VISUALS/DOCUMENT_CROPS/GW_EN_DOC62_DEFENCE_CONTEXT.png,182325,a0ff83ffb83014a55748c751e0fdd2eaa265c6fbb9ab6d474b8429067b716765,accepted,source crop,inherits original document status,NO,EP02_ONLY
GW-EN-0163,03_VISUALS/DOCUMENT_CROPS/GW_EN_DOC63_MATCHING_DIGITS_CONTEXT.png,224189,f53d40d3a60e443cfc073eaaf1ccab726f87ee12b791b23e0ab62e3fad6ff297,accepted,source crop,inherits original document status,NO,EP02_ONLY
GW-EN-0164,03_VISUALS/DOCUMENT_CROPS/GW_EN_DOC64_MONROE_INVENTOR.png,324303,82a15bf38435e39515fee8f96fa1a97073cc9a4279122fe4163ee710145c6d73,timeline_selected,source crop,inherits original document status,NO,EP02_ONLY
GW-EN-0165,03_VISUALS/DOCUMENT_CROPS/GW_EN_DOC65_BENTOV_INVENTOR.png,260933,ba9979968f01d1385f2d5cd83f69635ef8d951587b426ae2c07f46b779c6ccad,timeline_selected,source crop,inherits original document status,NO,EP02_ONLY
GW-EN-0166,03_VISUALS/GENERATED/INNER/GW_EN_INNER01_MONROE_EXIT_NATIVE.png,1754523,26a1e327eab36fca37654b80113ca20434e9509510428af59a2fedab8323a593,accepted,Native ImageGen,project-owned,NO,EP02_ONLY
GW-EN-0167,03_VISUALS/GENERATED/INNER/GW_EN_INNER02_ACOUSTICS_COSMOLOGY_NATIVE.png,1901606,73cdf62ca71548232cc0dad63ccbd1be95df3bff0d017cff0171866a94bf4e55,accepted,Native ImageGen,project-owned,NO,EP02_ONLY
GW-EN-0168,03_VISUALS/GENERATED/INNER/GW_EN_INNER03_FOCUS_WHEEL_NATIVE.png,2095576,d0630a3c57c702558184e29219052b9bbf4857549438d67a01645d855427fea0,accepted,Native ImageGen,project-owned,NO,EP02_ONLY
GW-EN-0169,03_VISUALS/GENERATED/INNER/GW_EN_INNER04_NONPHYSICAL_PRESENCE_NATIVE.png,2049644,f67e176e7b4aecced7337c0aea4649c10084d304bbe7df89601f809f2417f0be,accepted,Native ImageGen,project-owned,NO,EP02_ONLY
GW-EN-0170,03_VISUALS/GENERATED/INNER/GW_EN_INNER05_BODY_RESONANCE_NATIVE.png,2349473,38ad4783bb3f49b2f13ab9d63ab8a24496a67df92eb91f3048e9fef1a61b16f0,timeline_selected,Native ImageGen,project-owned,NO,EP02_ONLY
GW-EN-0171,03_VISUALS/GENERATED/INNER/GW_EN_INNER06_COHERENT_FIELD_NATIVE.png,2041348,770fc70623941f5095630d807227b31b3b1018f34109dd68bac0d92f6cf83283,timeline_selected,Native ImageGen,project-owned,NO,EP02_ONLY
GW-EN-0172,03_VISUALS/GENERATED/INNER/GW_EN_INNER07_FOCUS12_EXPANSION_NATIVE.png,1610703,fea5c7a2688108f1b983aa8668bc7f47dca9d4323c6e692d93e1288f35d45b3c,timeline_selected,Native ImageGen,project-owned,NO,EP02_ONLY
GW-EN-0173,03_VISUALS/GENERATED/INNER/GW_EN_INNER08_FOCUS21_THRESHOLD_NATIVE.png,1555291,461d52d707a05926951815caf5b2c37432f0704a4f9a78ac98bcfe451fe625f8,timeline_selected,Native ImageGen,project-owned,NO,EP02_ONLY
GW-EN-0174,03_VISUALS/GENERATED/INNER/GW_EN_INNER09_RISE_UPWARD_NATIVE.png,1702110,fa199eb943db3c3f188db09518e2d887502017e835bd361c8ce9992c9ebae82b,timeline_selected,Native ImageGen,project-owned,NO,EP02_ONLY
GW-EN-0175,03_VISUALS/GENERATED/INNER/GW_EN_INNER10_DISTORTION_BLEND_NATIVE.png,1816485,129fc081a80a3d3d5926b72961c3dab08fd7c8772316609be5a0891b79014d82,timeline_selected,Native ImageGen,project-owned,NO,EP02_ONLY
GW-EN-0176,03_VISUALS/GENERATED/INNER/GW_EN_INNER11_DEFENSIVE_PERIMETER_NATIVE.png,1825720,c0617f95067daec1fe5a45178307d7e87122718ce1d11758a3753ac5a607fbc7,timeline_selected,Native ImageGen,project-owned,NO,EP02_ONLY
GW-EN-0177,03_VISUALS/GENERATED/INNER/GW_EN_INNER12_STATE_NOT_INFORMATION_NATIVE.png,1482315,96cac93a8e74d8dbd5566ed44710078183a7a49b2e84fee75db37a3e249faa72,timeline_selected,Native ImageGen,project-owned,NO,EP02_ONLY
GW-EN-0178,03_VISUALS/GENERATED/INNER/GW_EN_INNER13_UNANSWERED_ANOMALY_NATIVE.png,1853674,79e96f081b6a85acee44ffe8f2f3e0511a98d475199b6afb42842fd47c28e5ab,timeline_selected,Native ImageGen,project-owned,NO,EP02_ONLY
GW-EN-0179,03_VISUALS/GENERATED/INNER/GW_EN_INNER14_RECOMMENDATION_H_TRIAL_NATIVE.png,1765171,41814a0988419275692286f57e9d274fcf5d2f49c058292b32dbb5ef4201aef3,timeline_selected,Native ImageGen,project-owned,NO,EP02_ONLY
GW-EN-0180,03_VISUALS/GENERATED/INNER/GW_EN_INNER15_NONPHYSICAL_PRESENCE_NATIVE.png,1643862,c307f910562cd349f2686b19cd408d96e41fb98d02562931c8184f52f430c6c0,timeline_selected,Native ImageGen,project-owned,NO,EP02_ONLY
GW-EN-0181,03_VISUALS/GENERATED/INNER/GW_EN_INNER16_BODY_TURN_DIFFICULTY_NATIVE.png,1305863,24b40a20a6ac964acbcc1df0d4625940a2c443588e22c31cfc82bc1e8f9e01cd,timeline_selected,Native ImageGen,project-owned,NO,EP02_ONLY
GW-EN-0182,03_VISUALS/GENERATED/INNER/GW_EN_INNER17_INFORMATION_FIELD_NATIVE.png,2133322,cea6910967a24f67a643cf912bd3e55693a5d65bd29e922223083344878633aa,timeline_selected,Native ImageGen,project-owned,NO,EP02_ONLY
GW-EN-0183,03_VISUALS/GENERATED/PREVIEWS/GW_EN_FILMIC06_MONROE_RADIO_STUDIO_PREVIEW.json,1870,345bb169d81e65874eac4c0e7fba07fb8834e7a35609b4715a68081f61ba97c6,rejected_preview,Vertex AI,project-owned,NO,EP02_ONLY
GW-EN-0184,03_VISUALS/GENERATED/PREVIEWS/GW_EN_FILMIC06_MONROE_RADIO_STUDIO_PREVIEW.png,1241407,fa55e9434153b328420901d35f6e63e609ffe84c57488fdc0143d69be5b89443,rejected_preview,Vertex AI,project-owned,NO,EP02_ONLY
GW-EN-0185,03_VISUALS/GENERATED/PREVIEWS/GW_EN_FILMIC07_MONROE_LAB_BUILDER_PREVIEW.json,1849,611819832de56842787fe17410e04b143a0998779b9614850c5ce1c98945fedb,rejected_preview,Vertex AI,project-owned,NO,EP02_ONLY
GW-EN-0186,03_VISUALS/GENERATED/PREVIEWS/GW_EN_FILMIC07_MONROE_LAB_BUILDER_PREVIEW.png,1366510,cd3378a76c279f7914cadc93aced383909fd74dea89efcf36c3b9e3f8ec40e50,rejected_preview,Vertex AI,project-owned,NO,EP02_ONLY
GW-EN-0187,03_VISUALS/GENERATED/PREVIEWS/GW_EN_FILMIC08_GATEWAY_TRAINING_SESSION_PREVIEW.json,1840,ae5e12077640279109d2593eb0f1f08d1f468319aef9f78daf1a0c93e317e705,rejected_preview,Vertex AI,project-owned,NO,EP02_ONLY
GW-EN-0188,03_VISUALS/GENERATED/PREVIEWS/GW_EN_FILMIC08_GATEWAY_TRAINING_SESSION_PREVIEW.png,1465572,55cb8411e11b7de05e8c9615f728b2ece763841d954cf6b192c40586c0753a78,rejected_preview,Vertex AI,project-owned,NO,EP02_ONLY
GW-EN-0189,03_VISUALS/GENERATED/PREVIEWS/GW_EN_FILMIC09_BENTOV_CATHETER_BENCH_PREVIEW.json,1835,6ddd4d64b82663c1922b12ce90866b643b5b8dd4084046c9279fb1dd63249aa6,rejected_preview,Vertex AI,project-owned,NO,EP02_ONLY
GW-EN-0190,03_VISUALS/GENERATED/PREVIEWS/GW_EN_FILMIC09_BENTOV_CATHETER_BENCH_PREVIEW.png,1379924,62f05039bdf21ef8dbc91f766dcd2bb41d222209243700a178f9e5a560a7a86c,rejected_preview,Vertex AI,project-owned,NO,EP02_ONLY
GW-EN-0191,03_VISUALS/GENERATED/PREVIEWS/GW_EN_FILMIC10_BODY_OSCILLATION_TEST_PREVIEW.json,1854,58dc1debb8c5a10015f34c2e4ff67561c02e409923f0bb1e73d4af4354d11baf,rejected_preview,Vertex AI,project-owned,NO,EP02_ONLY
GW-EN-0192,03_VISUALS/GENERATED/PREVIEWS/GW_EN_FILMIC10_BODY_OSCILLATION_TEST_PREVIEW.png,1226398,4b50889e21492bf0341c9370b5861f4dbf3d5397e6acbb8f4869d379c097795a,rejected_preview,Vertex AI,project-owned,NO,EP02_ONLY
GW-EN-0193,03_VISUALS/GENERATED/PREVIEWS/GW_EN_FILMIC12_RIGHT_EAR_HEADPHONE_MACRO_PREVIEW.json,1788,3e225fb38a39dc412d30c84e1ef3b840127947b97da047e215a134718f2b42d3,rejected_preview,Vertex AI,project-owned,NO,EP02_ONLY
GW-EN-0194,03_VISUALS/GENERATED/PREVIEWS/GW_EN_FILMIC12_RIGHT_EAR_HEADPHONE_MACRO_PREVIEW.png,1444959,d72ad8cd02aa5b23fb5cf93f9d325bd72ddd585d8e445151a7efc520af97903e,rejected_preview,Vertex AI,project-owned,NO,EP02_ONLY
GW-EN-0195,03_VISUALS/GENERATED/PREVIEWS/GW_EN_STILL01_MCDONNELL_REPORT_PREVIEW.json,1966,580327c155bec392bc4e3a2da898965ed22825a15286043d2d235ab0ccc47ff3,rejected_preview,Vertex AI,project-owned,NO,EP02_ONLY
GW-EN-0196,03_VISUALS/GENERATED/PREVIEWS/GW_EN_STILL01_MCDONNELL_REPORT_PREVIEW.png,1405123,c0c4cc6ee85f49393f90721c0637b650f0244af0d0bd60e5a3e4e3f20b3e5338,rejected_preview,Vertex AI,project-owned,NO,EP02_ONLY
GW-EN-0197,03_VISUALS/GENERATED/PREVIEWS/GW_EN_STILL01_MCDONNELL_REPORT_V2_PREVIEW.json,1988,7187e2c89548feeb358906beac305fa8e0bff73be14089d54e61a85e5c460be4,rejected_preview,Vertex AI,project-owned,NO,EP02_ONLY
GW-EN-0198,03_VISUALS/GENERATED/PREVIEWS/GW_EN_STILL01_MCDONNELL_REPORT_V2_PREVIEW.png,1418764,caabbe4a60409bd14c4988e9ff1b2e34b0c946b8984296060c284a10fbf33040,rejected_preview,Vertex AI,project-owned,NO,EP02_ONLY
GW-EN-0199,03_VISUALS/GENERATED/PREVIEWS/GW_EN_STILL02_BENTOV_OSCILLATOR_OBJECT_V4_PREVIEW.json,2033,8d32064f01607e902f2ea957c1fd36e779d706b231158b7ef5d0ced190b540cc,rejected_preview,Vertex AI,project-owned,NO,EP02_ONLY
GW-EN-0200,03_VISUALS/GENERATED/PREVIEWS/GW_EN_STILL02_BENTOV_OSCILLATOR_OBJECT_V4_PREVIEW.png,1215364,4a710a3104ce6b20ee34d394159ae0214c19ea9488fe392acb59247d3ace439d,rejected_preview,Vertex AI,project-owned,NO,EP02_ONLY
GW-EN-0201,03_VISUALS/GENERATED/PREVIEWS/GW_EN_STILL02_BENTOV_WORKBENCH_PREVIEW.json,1836,65ff882fabd90ab8a65a1f61baaabc4ff52929987e23096dd99e191f8beaea71,rejected_preview,Vertex AI,project-owned,NO,EP02_ONLY
GW-EN-0202,03_VISUALS/GENERATED/PREVIEWS/GW_EN_STILL02_BENTOV_WORKBENCH_PREVIEW.png,1303357,0f1de31030afdb7c81e5a9e11945c147c04a6783fe384295ee23a9392fa22b49,rejected_preview,Vertex AI,project-owned,NO,EP02_ONLY
GW-EN-0203,03_VISUALS/GENERATED/PREVIEWS/GW_EN_STILL02_BENTOV_WORKBENCH_V2_PREVIEW.json,1943,b91ead776dcb406aadd68b085de46e4f73c2332f7b432eaad72e0d892250d084,rejected_preview,Vertex AI,project-owned,NO,EP02_ONLY
GW-EN-0204,03_VISUALS/GENERATED/PREVIEWS/GW_EN_STILL02_BENTOV_WORKBENCH_V2_PREVIEW.png,1505845,0d8cc8d8f67dcae6d43bdd856c0680bd67424830669e7b61992ba48904b62078,rejected_preview,Vertex AI,project-owned,NO,EP02_ONLY
GW-EN-0205,03_VISUALS/GENERATED/PREVIEWS/GW_EN_STILL02_BENTOV_WORKBENCH_V3_PREVIEW.json,2042,8b98792c9bdb21e81cc1810c8236fc32205c7de3a2e1d3a52b84917a831ccc44,rejected_preview,Vertex AI,project-owned,NO,EP02_ONLY
GW-EN-0206,03_VISUALS/GENERATED/PREVIEWS/GW_EN_STILL02_BENTOV_WORKBENCH_V3_PREVIEW.png,1399953,f02f6a6e69f89fa88706c5037f827bff2eae4ac9d0b3fa13461e99b7723af95a,rejected_preview,Vertex AI,project-owned,NO,EP02_ONLY
GW-EN-0207,03_VISUALS/GENERATED/PREVIEWS/GW_EN_STILL03_TEN_DIGIT_PARTICIPANT_PREVIEW.json,1856,a0ed2b8dc503c50d5c2eb89d2d9fc5263d39b1b272d1166f2b4adfb04bb7b1a0,rejected_preview,Vertex AI,project-owned,NO,EP02_ONLY
GW-EN-0208,03_VISUALS/GENERATED/PREVIEWS/GW_EN_STILL03_TEN_DIGIT_PARTICIPANT_PREVIEW.png,1367987,3d9bb005eab0f5496d0c3bba307654e574046402df940be0495945f54d094ad8,rejected_preview,Vertex AI,project-owned,NO,EP02_ONLY
GW-EN-0209,03_VISUALS/GENERATED/PREVIEWS/GW_EN_STILL03_TEN_DIGIT_PARTICIPANT_V2_PREVIEW.json,1966,5342fe168e0d367c8b2bca2768a2b8318124a789b1a31da5813b159ca91b5949,rejected_preview,Vertex AI,project-owned,NO,EP02_ONLY
GW-EN-0210,03_VISUALS/GENERATED/PREVIEWS/GW_EN_STILL03_TEN_DIGIT_PARTICIPANT_V2_PREVIEW.png,1406039,9816cfc13a1e463eb8f1ccbeefa15d5a3a283cdef334657d9757977c17423288,rejected_preview,Vertex AI,project-owned,NO,EP02_ONLY
GW-EN-0211,03_VISUALS/GENERATED/PREVIEWS/GW_EN_STILL04_REPORTS_SIDE_BY_SIDE_PREVIEW.json,1855,03a8eb8552e55bedd92c767b6dfd21b93bd953073405cab73dfebf3ce71247ee,rejected_preview,Vertex AI,project-owned,NO,EP02_ONLY
GW-EN-0212,03_VISUALS/GENERATED/PREVIEWS/GW_EN_STILL04_REPORTS_SIDE_BY_SIDE_PREVIEW.png,1576057,ca370d20a4bd1cfabc363bee2f85473d4e7e19d6041ca4076f9fe4ab46d95c3a,rejected_preview,Vertex AI,project-owned,NO,EP02_ONLY
GW-EN-0213,03_VISUALS/GENERATED/PREVIEWS/GW_EN_STILL04_REPORTS_SIDE_BY_SIDE_V2_PREVIEW.json,1932,91f2b26f03245e453d1dad38f42c4907606871eaa4c281bee4f30bf29ff7f109,rejected_preview,Vertex AI,project-owned,NO,EP02_ONLY
GW-EN-0214,03_VISUALS/GENERATED/PREVIEWS/GW_EN_STILL04_REPORTS_SIDE_BY_SIDE_V2_PREVIEW.png,1309389,63328802f163aac61d1c7842400ba91b0262b7656c88913a9915bdaa5d1b2275,rejected_preview,Vertex AI,project-owned,NO,EP02_ONLY
GW-EN-0215,03_VISUALS/GENERATED/PREVIEWS/GW_EN_STILL05_THREE_OBSERVERS_PREVIEW.json,1913,70269efe28186e214c60aab521023c5a385941a773239bf6335b8536f2a75287,rejected_preview,Vertex AI,project-owned,NO,EP02_ONLY
GW-EN-0216,03_VISUALS/GENERATED/PREVIEWS/GW_EN_STILL05_THREE_OBSERVERS_PREVIEW.png,840188,4343e62ca2cfd03a38aa5d5d847c2bee0f80c1bb89980b0593ea8d3055db6390,rejected_preview,Vertex AI,project-owned,NO,EP02_ONLY
GW-EN-0217,03_VISUALS/GENERATED/PREVIEWS/GW_EN_STILL05_THREE_OBSERVERS_V2_PREVIEW.json,2055,37f57fc482da40828ee10bdea5899f1a80c7edcce2e15f19d7196fec1c00f311,rejected_preview,Vertex AI,project-owned,NO,EP02_ONLY
GW-EN-0218,03_VISUALS/GENERATED/PREVIEWS/GW_EN_STILL05_THREE_OBSERVERS_V2_PREVIEW.png,1269745,e74800442158a3fb177fb044305bc648100d77c00eb2efa4bf6cfc60659b001e,rejected_preview,Vertex AI,project-owned,NO,EP02_ONLY
GW-EN-0219,03_VISUALS/GENERATED/STILLS/GW_EN_FILMIC06_MONROE_RADIO_STUDIO_FINAL.png,1241407,fa55e9434153b328420901d35f6e63e609ffe84c57488fdc0143d69be5b89443,timeline_selected,Vertex AI Nano Banana Pro,project-owned,NO,EP02_ONLY
GW-EN-0220,03_VISUALS/GENERATED/STILLS/GW_EN_FILMIC07_MONROE_LAB_BUILDER_FINAL.png,1366510,cd3378a76c279f7914cadc93aced383909fd74dea89efcf36c3b9e3f8ec40e50,timeline_selected,Vertex AI Nano Banana Pro,project-owned,NO,EP02_ONLY
GW-EN-0221,03_VISUALS/GENERATED/STILLS/GW_EN_FILMIC08_GATEWAY_TRAINING_SESSION_FINAL.png,1465572,55cb8411e11b7de05e8c9615f728b2ece763841d954cf6b192c40586c0753a78,timeline_selected,Vertex AI Nano Banana Pro,project-owned,NO,EP02_ONLY
GW-EN-0222,03_VISUALS/GENERATED/STILLS/GW_EN_FILMIC09_BENTOV_CATHETER_BENCH_FINAL.png,1379924,62f05039bdf21ef8dbc91f766dcd2bb41d222209243700a178f9e5a560a7a86c,timeline_selected,Vertex AI Nano Banana Pro,project-owned,NO,EP02_ONLY
GW-EN-0223,03_VISUALS/GENERATED/STILLS/GW_EN_FILMIC10_BODY_OSCILLATION_TEST_FINAL.png,1226398,4b50889e21492bf0341c9370b5861f4dbf3d5397e6acbb8f4869d379c097795a,timeline_selected,Vertex AI Nano Banana Pro,project-owned,NO,EP02_ONLY
GW-EN-0224,03_VISUALS/GENERATED/STILLS/GW_EN_FILMIC12_RIGHT_EAR_HEADPHONE_MACRO_FINAL.png,1444959,d72ad8cd02aa5b23fb5cf93f9d325bd72ddd585d8e445151a7efc520af97903e,timeline_selected,Vertex AI Nano Banana Pro,project-owned,NO,EP02_ONLY
GW-EN-0225,03_VISUALS/GENERATED/STILLS/GW_EN_FILMIC19_PARTIAL_DIGIT_NOTES_NATIVE.png,1835744,1c0436257ca16dce6b797568140810a10c65199d5db8bc912d6842e0c88e23e6,timeline_selected,Native ImageGen,project-owned,NO,EP02_ONLY
GW-EN-0226,03_VISUALS/GENERATED/STILLS/GW_EN_FILMIC20_AUTHORIZATION_HAND_NATIVE.png,1618119,092a0fa3f3e0c35c229fd6dde8f9d2f9ab791176c7831a475f315c0eee4e1e0e,timeline_selected,Native ImageGen,project-owned,NO,EP02_ONLY
GW-EN-0227,03_VISUALS/GENERATED/STILLS/GW_EN_FILMIC22_MODERN_EEG_LAB_NATIVE.png,1674942,0f82f6e2435828e8b1b6b259000a7255676668c75fd424c262a6d0e6a035d346,timeline_selected,Native ImageGen,project-owned,NO,EP02_ONLY
GW-EN-0228,03_VISUALS/GENERATED/STILLS/GW_EN_FILMIC23_NO_DATASET_EMPTY_LAB_NATIVE.png,1782473,dc8a9aff32df3e868f1b174c3fd22f01e4591dc2593c2839b8b7c204d0eb3331,timeline_selected,Native ImageGen,project-owned,NO,EP02_ONLY
GW-EN-0229,03_VISUALS/GENERATED/STILLS/GW_EN_FILMIC24_THREE_INPUTS_NATIVE.png,2046731,631f7c28be2c08a140bcd5a7300e0f144fa3446f37c123125bc4dd13c194568f,accepted,Native ImageGen,project-owned,NO,EP02_ONLY
GW-EN-0230,03_VISUALS/GENERATED/STILLS/GW_EN_FILMIC25_COLD_WAR_DESPERATION_NATIVE.png,1896570,ab50d896a5dd7dddbfba288de51dcd35c83604ede2a245daeca23a77ad6ea95d,timeline_selected,Native ImageGen,project-owned,NO,EP02_ONLY
GW-EN-0231,03_VISUALS/GENERATED/STILLS/GW_EN_FILMIC27_ANONYMOUS_OPERATOR_NATIVE.png,1660899,6c15b01c19cf1270cec4543302d651548eecf4acf3cdb163f786d6c757881327,timeline_selected,Native ImageGen,project-owned,NO,EP02_ONLY
GW-EN-0232,03_VISUALS/GENERATED/STILLS/GW_EN_STILL01_MCDONNELL_REPORT_V2_FINAL.json,1979,32be024e57fdda41ec3b5e638d7de25b7147df6366a718e1ab73b149b760d7e2,accepted,Vertex AI Nano Banana Pro,project-owned,NO,EP02_ONLY
GW-EN-0233,03_VISUALS/GENERATED/STILLS/GW_EN_STILL01_MCDONNELL_REPORT_V2_FINAL.png,7008324,46313f5c640d25f88d5e65c3d9ecadb112f9dc028cb3b1be1200fff0b3382a09,timeline_selected,Vertex AI Nano Banana Pro,project-owned,NO,EP02_ONLY
GW-EN-0234,03_VISUALS/GENERATED/STILLS/GW_EN_STILL02_BENTOV_OSCILLATOR_OBJECT_V4_FINAL.json,2024,a5a669c4a4ae1f23934dedc3363b3aed95ea0e6663b86ac6de8cf40931dc9ed9,accepted,Vertex AI Nano Banana Pro,project-owned,NO,EP02_ONLY
GW-EN-0235,03_VISUALS/GENERATED/STILLS/GW_EN_STILL02_BENTOV_OSCILLATOR_OBJECT_V4_FINAL.png,6513877,e3359c88584f721afea752c2b7980fbbad7c9b588c35e7f458fd23c95aeaf8a5,timeline_selected,Vertex AI Nano Banana Pro,project-owned,NO,EP02_ONLY
GW-EN-0236,03_VISUALS/GENERATED/STILLS/GW_EN_STILL03_TEN_DIGIT_PARTICIPANT_V2_FINAL.json,1956,ca9848ebfc6efe995eea0f365645df4a74e19e1afe82c8e49e9659b79437f85d,accepted,Vertex AI Nano Banana Pro,project-owned,NO,EP02_ONLY
GW-EN-0237,03_VISUALS/GENERATED/STILLS/GW_EN_STILL03_TEN_DIGIT_PARTICIPANT_V2_FINAL.png,7621012,cd6e8eb73512961c4f7ce411139c72f8a310c4dd6b8047aafff8ebe780cce78f,timeline_selected,Vertex AI Nano Banana Pro,project-owned,NO,EP02_ONLY
GW-EN-0238,03_VISUALS/GENERATED/STILLS/GW_EN_STILL04_REPORTS_SIDE_BY_SIDE_V2_FINAL.json,1923,f1ae001ba39a3656f265a06d2bba30ff46c48ce6607c9b870ec8df09f2b22690,accepted,Vertex AI Nano Banana Pro,project-owned,NO,EP02_ONLY
GW-EN-0239,03_VISUALS/GENERATED/STILLS/GW_EN_STILL04_REPORTS_SIDE_BY_SIDE_V2_FINAL.png,6996852,d0566bb44bb99552b2a89d1bbcaf8abe8afe296fb3dc805d3679bff70b0246c8,timeline_selected,Vertex AI Nano Banana Pro,project-owned,NO,EP02_ONLY
GW-EN-0240,03_VISUALS/GENERATED/STILLS/GW_EN_STILL05_THREE_OBSERVERS_V2_FINAL.json,2043,1c2610fc514a333fa924a311fd053752da62b04448faad10d458c5cb73b6d7d8,accepted,Vertex AI Nano Banana Pro,project-owned,NO,EP02_ONLY
GW-EN-0241,03_VISUALS/GENERATED/STILLS/GW_EN_STILL05_THREE_OBSERVERS_V2_FINAL.png,6901184,537bde18d15ff75a3064b6a500d1feb1f0df6b6f1c9980986cb27f22af75735f,timeline_selected,Vertex AI Nano Banana Pro,project-owned,NO,EP02_ONLY
GW-EN-0242,03_VISUALS/GENERATED/VERTEX_GENERATION_LOG.jsonl,43449,8783b3544986d520c04208157283d92660f6100a42fc7271e80ad743477d6cc3,accepted,project,project-owned,NO,EP02_ONLY
GW-EN-0243,03_VISUALS/MAPS/GW_EN_MAP01_FORT_MEADE_CONTEXT.png,52834,94f9011ecefeaac03dabe803ec5533c1cd0468f42f828a3844bb08d090be32c5,timeline_selected,Ken Lund via Wikimedia Commons,CC BY-SA 2.0,NO,EP02_ONLY
GW-EN-0244,03_VISUALS/MAPS/GW_EN_MAP02_FLIGHT191_ROUTE_CONTEXT.png,82038,741f5085b81a992783e04071af03d53f61e8a155ed9740f26e4c7709024ae3b4,timeline_selected,code-native / Census data,project-owned rendering; Census public-domain data,NO,EP02_ONLY
GW-EN-0245,03_VISUALS/METADATA/GW_EN_GENERATION_LEDGER.md,6169,7e9b8da4c648079d9e490fd58dedc72764e3ce0a1bd43ff4efc94301c3255f25,accepted,project,project-owned,NO,EP02_ONLY
GW-EN-0246,03_VISUALS/METADATA/NATIVE_IMAGEGEN_MANIFEST.json,2039,b32c173985c9ee7c59951c7979c5c0ca81c417a6618b779613e10ba7ca0d704e,accepted,project,project-owned,NO,EP02_ONLY
GW-EN-0247,03_VISUALS/METADATA/NATIVE_IMAGEGEN_MANIFEST.md,1657,7d1be17765fa7922ddfc23490f70a1d855f42b4c2c258872bc8dc9302443ce11,accepted,project,project-owned,NO,EP02_ONLY
GW-EN-0248,03_VISUALS/METADATA/VEO/operations.json,6651,542b6571663c37081b6c22fd16809e282b9e61fd6d03f22de226c7ec4294068f,accepted,project,project-owned,NO,EP02_ONLY
GW-EN-0249,03_VISUALS/PREPRODUCTION_VISUAL_LOCK.md,6597,80dd0f99c95596f9e5f13b6cb7825d82cba901a95312bc9d0a9a96d5572fa2be,accepted,project,project-owned,NO,EP02_ONLY
GW-EN-0250,03_VISUALS/QA/AUDIO_PROBES/GW_EN_MIX_PROBE_CLOSING.wav,4992106,9118fc9c8213052d9600e67ec13c61c84d36bc43f646b1d742757cc6a2340f85,accepted,project,project-owned,NO,EP02_ONLY
GW-EN-0251,03_VISUALS/QA/AUDIO_PROBES/GW_EN_MIX_PROBE_DENSE_MUSIC_SFX.wav,4800106,ed6edb3f82af60bee9a0b39c378fd5bca4154069459151086627fca7edaa6a2d,accepted,project,project-owned,NO,EP02_ONLY
GW-EN-0252,03_VISUALS/QA/AUDIO_PROBES/GW_EN_MIX_PROBE_HOOK.wav,6144106,f402862afd3ce545360f6749b53c8379d0f67bf0306a89599f5b5b88b82eb06d,accepted,project,project-owned,NO,EP02_ONLY
GW-EN-0253,03_VISUALS/QA/CLIP_FRAMES/GW_EN_CLIP01_THREE_TIMES_RECOMMENDATION_H_FINAL.png,1759261,c051790f6c24848e108169606c64bfe5703da93c30e75003f62fe8f406c6708f,accepted,project,project-owned,NO,EP02_ONLY
GW-EN-0254,03_VISUALS/QA/CLIP_FRAMES/GW_EN_CLIP01_THREE_TIMES_RECOMMENDATION_H_FIRST.png,1580002,6ebb9534eafef8ee68e953b133cbd3d4025eaab305d87369f556a51ad1353135,accepted,project,project-owned,NO,EP02_ONLY
GW-EN-0255,03_VISUALS/QA/CLIP_FRAMES/GW_EN_CLIP01_THREE_TIMES_RECOMMENDATION_H_MIDDLE.png,1605567,7a8f144d9651e39b434698bc622e05f32d76876a2d8c0ca03a8216acf2c9f3e6,accepted,project,project-owned,NO,EP02_ONLY
GW-EN-0256,03_VISUALS/QA/CLIP_FRAMES/GW_EN_CLIP02_ARCHIVE_CHAIN_FINAL.png,152945,0a402138203fd11f20368a2870f7996a5d816e4f93f8edd9ae85b0db62f3b7c8,accepted,project,project-owned,NO,EP02_ONLY
GW-EN-0257,03_VISUALS/QA/CLIP_FRAMES/GW_EN_CLIP02_ARCHIVE_CHAIN_FIRST.png,664553,06ed0127e9286c1d8c31f6faf1050337e2e68bffb25ef542cf5d62c1d0b0a2b3,accepted,project,project-owned,NO,EP02_ONLY
GW-EN-0258,03_VISUALS/QA/CLIP_FRAMES/GW_EN_CLIP02_ARCHIVE_CHAIN_MIDDLE.png,664635,675ebdd805434591c98d83ec32b30fe4ff746049266ef5376d9f2de4f5c52d57,accepted,project,project-owned,NO,EP02_ONLY
GW-EN-0259,03_VISUALS/QA/CLIP_FRAMES/GW_EN_CLIP04_BEAT_RESONANCE_FINAL.png,254429,8905a52947952db8018f038ee354f704e6e33a86afcf7f5655c5d6cf299c7ff6,accepted,project,project-owned,NO,EP02_ONLY
GW-EN-0260,03_VISUALS/QA/CLIP_FRAMES/GW_EN_CLIP04_BEAT_RESONANCE_FIRST.png,95766,db4d0eb6bd8740fede42232ff856b14e02d8d33cacd06f19a8bbec30596df111,accepted,project,project-owned,NO,EP02_ONLY
GW-EN-0261,03_VISUALS/QA/CLIP_FRAMES/GW_EN_CLIP04_BEAT_RESONANCE_MIDDLE.png,164613,fc7bb230ff708b37b37a002d855d90e5dd8e7ca5109ef712fa57ac6792a3031d,accepted,project,project-owned,NO,EP02_ONLY
GW-EN-0262,03_VISUALS/QA/CLIP_FRAMES/GW_EN_CLIP07_TEN_DIGITS_FINAL.png,1332515,d4f01bacac389704523352a1566248172472b205a8da3145304ee2388b720123,accepted,project,project-owned,NO,EP02_ONLY
GW-EN-0263,03_VISUALS/QA/CLIP_FRAMES/GW_EN_CLIP07_TEN_DIGITS_FIRST.png,1297159,3c2ced6b9669f5f1176bd326e2e75e0b650d97a872f50a32a9c4aca81d761659,accepted,project,project-owned,NO,EP02_ONLY
GW-EN-0264,03_VISUALS/QA/CLIP_FRAMES/GW_EN_CLIP07_TEN_DIGITS_MIDDLE.png,1311787,2bfd35a933650d19ea324b57b142b3a69b7e50d691058d8ac832144bcc0820b2,accepted,project,project-owned,NO,EP02_ONLY
GW-EN-0265,03_VISUALS/QA/CLIP_FRAMES/GW_EN_CLIP10_ZERO_ONE_HANDOFF_FINAL.png,124794,d7bc0d4882a8614d2ae5d8a9d46302d00034bec69bb333ead370300470cab1cc,accepted,project,project-owned,NO,EP02_ONLY
GW-EN-0266,03_VISUALS/QA/CLIP_FRAMES/GW_EN_CLIP10_ZERO_ONE_HANDOFF_FIRST.png,152759,20d41bfdd326597b74f576cfa6aa94e446b8d407f78331cb2d329fe9679199bb,accepted,project,project-owned,NO,EP02_ONLY
GW-EN-0267,03_VISUALS/QA/CLIP_FRAMES/GW_EN_CLIP10_ZERO_ONE_HANDOFF_MIDDLE.png,135978,f9d643a255c40bac79828e8f74e984fadd5fe1fa7062166c6c0336381873d170,accepted,project,project-owned,NO,EP02_ONLY
GW-EN-0268,03_VISUALS/QA/GW_EN_ARCHIVE_CONTACT_SHEET.png,1350503,d5a0c8a804d21a16fbab8362d883874e59674e5893d49dc903d9bcfa673e16b1,accepted,project,project-owned,NO,EP02_ONLY
GW-EN-0269,03_VISUALS/QA/GW_EN_CARDS_MOBILE_246PX_PROOF.png,372194,30ea5725b785e9db325ca83b6f72e1a98683c4fa14db26aabda2834e3dd16394,accepted,project,project-owned,NO,EP02_ONLY
GW-EN-0270,03_VISUALS/QA/GW_EN_CODE_CLIPS_FIRST_MIDDLE_FINAL.png,736154,ed19e584a15506b6ecbe3145e35b5678eac95faf668044ee30208108f0365d21,accepted,project,project-owned,NO,EP02_ONLY
GW-EN-0271,03_VISUALS/QA/GW_EN_DOCUMENT_CARD_CONTACT_SHEET.png,816691,beb67f0f9f6a5d8967c333d85515dc244af06f833e130b70b839252ab37c7c5c,accepted,project,project-owned,NO,EP02_ONLY
GW-EN-0272,03_VISUALS/QA/GW_EN_FILMIC_VERTEX_PREVIEWS_CONTACT.png,2006722,247b78cedd91c2ef4ed73ce17efd03de607a7687632a01ac56eb264f50b9e24d,accepted,project,project-owned,NO,EP02_ONLY
GW-EN-0273,03_VISUALS/QA/GW_EN_FINAL_MIX_SPECTROGRAM.png,1706195,beeb7a7b80e38a6f10baf5b68faff9d643f5964d5457acc3227442daeed4ca9b,accepted,project,project-owned,NO,EP02_ONLY
GW-EN-0274,03_VISUALS/QA/GW_EN_FINAL_MIX_WAVEFORM.png,13551,b6eb4cbcbb75d6eaf9cfa323ccf263dfe7488d3130335b9e05aa4ad36629df96,accepted,project,project-owned,NO,EP02_ONLY
GW-EN-0275,03_VISUALS/QA/GW_EN_FULL_20S_COVERAGE_SHEET.png,1602483,6fb78c8c55d09b4aeb38000798ba7cbded6a3ead941f5b075b7d1ff594572a97,accepted,project,project-owned,NO,EP02_ONLY
GW-EN-0276,03_VISUALS/QA/GW_EN_FULL_RENDER_4S_COVERAGE.csv,3246,e4651a335926baa10dd813ef592d5862fcf639beebc86336957d23dcb55cc7ab,accepted,project,project-owned,NO,EP02_ONLY
GW-EN-0277,03_VISUALS/QA/GW_EN_FULL_RENDER_4S_PAGE_01_000-096s.png,1624222,0282e6d56515e492fa9f07082574b50c78de718e0cca125c9575817e315a7b2d,accepted,project,project-owned,NO,EP02_ONLY
GW-EN-0278,03_VISUALS/QA/GW_EN_FULL_RENDER_4S_PAGE_02_100-196s.png,2050549,48ad5389bc062a3586ba1846570c2863cca134ce4ef47753835f7d77ee32274e,accepted,project,project-owned,NO,EP02_ONLY
GW-EN-0279,03_VISUALS/QA/GW_EN_FULL_RENDER_4S_PAGE_03_200-296s.png,1619330,6e808e3fbb56532d7544915439f533afe95a35ce3c600cbc89e3e55f7e7f1f91,accepted,project,project-owned,NO,EP02_ONLY
GW-EN-0280,03_VISUALS/QA/GW_EN_FULL_RENDER_4S_PAGE_04_300-396s.png,1621896,ce493ba9b0d7c12ac67f7468398ddc4183a25d921f1fb61c9a34c16d3ea36b49,accepted,project,project-owned,NO,EP02_ONLY
GW-EN-0281,03_VISUALS/QA/GW_EN_FULL_RENDER_4S_PAGE_05_400-480s.png,949837,b1cd9f97ece9f1317ff479ad74c821c0ae1d4aa37a1ad572a9ffd8dc890c8cbc,accepted,project,project-owned,NO,EP02_ONLY
GW-EN-0282,03_VISUALS/QA/GW_EN_FULL_RENDER_AV_QA.json,5976,f04cf452caa229f5d0daebfc49348cbb066740df50cfcf0edb3e278e37339e3e,accepted,project,project-owned,NO,EP02_ONLY
GW-EN-0283,03_VISUALS/QA/GW_EN_HOOK_2_5S_CONTACT_SHEET.png,681450,145f47369b71fc754e3bb176f9978ac5e64634c89e3bcc387c52952f791c0a20,accepted,project,project-owned,NO,EP02_ONLY
GW-EN-0284,03_VISUALS/QA/GW_EN_MIXED_SPEECH_QA.json,3804,90d1d267303ce2b6e6728c5454b19cfe9daecc7365ecad1dc487e80c455db7af,accepted,project,project-owned,NO,EP02_ONLY
GW-EN-0285,03_VISUALS/QA/GW_EN_PICTURE_LOCK_QA.json,2210,1f22b6ae39cf87d9c437b341d4895c30f24d2782d4f17f18620a29e41431f8dd,accepted,project,project-owned,NO,EP02_ONLY
GW-EN-0286,03_VISUALS/QA/GW_EN_RENDER_T001.png,1247955,da0991c633ad368df39c8ee7d51ad227e65ccd66ef4ca2d07716b92c4950a6e2,accepted,project,project-owned,NO,EP02_ONLY
GW-EN-0287,03_VISUALS/QA/GW_EN_RENDER_TRANSITION_QA.csv,14085,204d63b5b2a92555630195dabe75fd31e623e2509b45158cbe8075aad4f9bbb0,accepted,project,project-owned,NO,EP02_ONLY
GW-EN-0288,03_VISUALS/QA/GW_EN_SELECTED_CLIPS_5_POINT_CONTACT_SHEET.png,4969274,f82386041fafbee697f2c9f28a574201a7ae37fd8af9515aaffc102ca975f489,accepted,project,project-owned,NO,EP02_ONLY
GW-EN-0289,03_VISUALS/QA/GW_EN_SELECTED_CLIPS_MOTION_QA.json,3604,74b62668adf59966b98b01e5a2d68f6119b1c4b75c52407c36bc74824d14ae81,accepted,project,project-owned,NO,EP02_ONLY
GW-EN-0290,03_VISUALS/QA/GW_EN_TRANSITIONS_PAGE_01_011-102s.png,757961,986108fc28beb795bacad46b1b2b6319fbd86c6fe157c5311d9770e38ec0f1b4,accepted,project,project-owned,NO,EP02_ONLY
GW-EN-0291,03_VISUALS/QA/GW_EN_TRANSITIONS_PAGE_02_105-206s.png,1046833,c27b294ddb774f6eba31159919a5ef26e441cf13ec8bed7533bee63b437f2e3e,accepted,project,project-owned,NO,EP02_ONLY
GW-EN-0292,03_VISUALS/QA/GW_EN_TRANSITIONS_PAGE_03_207-291s.png,882461,3eda4936019dac4077c130fcbf32ff424da29be0dd76e74f415ab03fea76b1d5,accepted,project,project-owned,NO,EP02_ONLY
GW-EN-0293,03_VISUALS/QA/GW_EN_TRANSITIONS_PAGE_04_293-396s.png,840288,dbf121ab3586d0532a723734e7ddbed2bcb04e121f0a9960fabe0b8edb5c132d,accepted,project,project-owned,NO,EP02_ONLY
GW-EN-0294,03_VISUALS/QA/GW_EN_TRANSITIONS_PAGE_05_402-477s.png,589148,4e811c2194c8bafd777179a707e978bad803c27cdbdb23a3768c523cf7742712,accepted,project,project-owned,NO,EP02_ONLY
GW-EN-0295,03_VISUALS/QA/GW_EN_VEO_CLIPS_FIRST_MIDDLE_FINAL.png,2080357,d951d4436ff2f38dcb94007666ddf1237d11d8fa6fba9e8cb71651fe9699475d,accepted,project,project-owned,NO,EP02_ONLY
GW-EN-0296,03_VISUALS/QA/GW_EN_VERTEX_FINAL_CONTACT_SHEET.png,1423997,6b187252b7fb58817fcfda219d1eab640cfad975f1c3d5d8c1aebc8c18375fa7,accepted,project,project-owned,NO,EP02_ONLY
GW-EN-0297,03_VISUALS/QA/GW_EN_VERTEX_PREVIEW_CONTACT_SHEET.png,754877,db5ca10026837aec2a303500aeeb17595b6dac38d6f5e2e5334a404b76995c71,accepted,project,project-owned,NO,EP02_ONLY
GW-EN-0298,03_VISUALS/QA/GW_EN_VERTEX_PREVIEW_V2_CONTACT_SHEET.png,778101,57f2e284e67ca9ad0234706b3f396619468530a72ffd405ea2132f99e64ac2d8,accepted,project,project-owned,NO,EP02_ONLY
GW-EN-0299,03_VISUALS/QA/OBSOLETE_PARTIAL/GW_EN_FULL_RENDER_12S_CONTACT.INVALID_PARTIAL.png,1117506,9723b935220c9b97dac30e45b92d6625a36763c5250dc2d7b2f83102b72f737d,accepted,project,project-owned,NO,EP02_ONLY
GW-EN-0300,03_VISUALS/QA/OBSOLETE_PARTIAL/GW_EN_FULL_RENDER_4S_CONTACT.INVALID_PARTIAL.png,1009343,7d58915c9500fadd571607adfed0a9151fd390ea785a04718b414a25181895ad,accepted,project,project-owned,NO,EP02_ONLY
GW-EN-0301,03_VISUALS/QA/OBSOLETE_PARTIAL/GW_EN_FULL_RENDER_DECODED_8S_CONTACT.INVALID_PARTIAL.png,4326659,c42bae80737fb16d7ef91cb8c24a9cf69493c8fe7ce189960b1dc19be099f040,accepted,project,project-owned,NO,EP02_ONLY
GW-EN-0302,03_VISUALS/QA/TIMELINE_FRAMES/GW_EN_FULL_20S_COVERAGE_SHEET_0000.0.png,1605567,7a8f144d9651e39b434698bc622e05f32d76876a2d8c0ca03a8216acf2c9f3e6,accepted,project,project-owned,NO,EP02_ONLY
GW-EN-0303,03_VISUALS/QA/TIMELINE_FRAMES/GW_EN_FULL_20S_COVERAGE_SHEET_0040.0.png,1906401,0e2d1e2a1b8e3d30475f15b938728f6c10966de42cc7344d5a0468d754fbd32f,accepted,project,project-owned,NO,EP02_ONLY
GW-EN-0304,03_VISUALS/QA/TIMELINE_FRAMES/GW_EN_FULL_20S_COVERAGE_SHEET_0200.0.png,2588420,9e8d9efe777580486a102138d4fa6504573eaf84346a21d40e50128b2c97184e,accepted,project,project-owned,NO,EP02_ONLY
GW-EN-0305,03_VISUALS/QA/TIMELINE_FRAMES/GW_EN_FULL_20S_COVERAGE_SHEET_0260.0.png,2296271,80ffa21bce8b83fbe5f0afb8d07a5a0f8e3eccb2b1a361c7ca06b4213ba73f47,accepted,project,project-owned,NO,EP02_ONLY
GW-EN-0306,03_VISUALS/QA/TIMELINE_FRAMES/GW_EN_FULL_20S_COVERAGE_SHEET_0300.0.png,1311787,2bfd35a933650d19ea324b57b142b3a69b7e50d691058d8ac832144bcc0820b2,accepted,project,project-owned,NO,EP02_ONLY
GW-EN-0307,03_VISUALS/QA/TIMELINE_FRAMES/GW_EN_FULL_20S_COVERAGE_SHEET_0360.0.png,2344160,3b8bc1b68c2c069c248f571460bca67d571bffd5ffe33b81549aa00f84751f1b,accepted,project,project-owned,NO,EP02_ONLY
GW-EN-0308,03_VISUALS/QA/TIMELINE_FRAMES/GW_EN_FULL_20S_COVERAGE_SHEET_0480.0.png,135978,f9d643a255c40bac79828e8f74e984fadd5fe1fa7062166c6c0336381873d170,accepted,project,project-owned,NO,EP02_ONLY
GW-EN-0309,03_VISUALS/QA/TIMELINE_FRAMES/GW_EN_HOOK_2_5S_CONTACT_SHEET_0000.0.png,1605567,7a8f144d9651e39b434698bc622e05f32d76876a2d8c0ca03a8216acf2c9f3e6,accepted,project,project-owned,NO,EP02_ONLY
GW-EN-0310,03_VISUALS/QA/TIMELINE_FRAMES/GW_EN_HOOK_2_5S_CONTACT_SHEET_0002.5.png,1605567,7a8f144d9651e39b434698bc622e05f32d76876a2d8c0ca03a8216acf2c9f3e6,accepted,project,project-owned,NO,EP02_ONLY
GW-EN-0311,03_VISUALS/QA/TIMELINE_FRAMES/GW_EN_HOOK_2_5S_CONTACT_SHEET_0005.0.png,1605567,7a8f144d9651e39b434698bc622e05f32d76876a2d8c0ca03a8216acf2c9f3e6,accepted,project,project-owned,NO,EP02_ONLY
GW-EN-0312,03_VISUALS/QA/TIMELINE_FRAMES/GW_EN_HOOK_2_5S_CONTACT_SHEET_0007.5.png,1605567,7a8f144d9651e39b434698bc622e05f32d76876a2d8c0ca03a8216acf2c9f3e6,accepted,project,project-owned,NO,EP02_ONLY
GW-EN-0313,03_VISUALS/QA/TIMELINE_FRAMES/GW_EN_HOOK_2_5S_CONTACT_SHEET_0010.0.png,1605567,7a8f144d9651e39b434698bc622e05f32d76876a2d8c0ca03a8216acf2c9f3e6,accepted,project,project-owned,NO,EP02_ONLY
GW-EN-0314,03_VISUALS/QA/TIMELINE_FRAMES/GW_EN_HOOK_2_5S_CONTACT_SHEET_0025.0.png,664635,675ebdd805434591c98d83ec32b30fe4ff746049266ef5376d9f2de4f5c52d57,accepted,project,project-owned,NO,EP02_ONLY
GW-EN-0315,03_VISUALS/QA/TIMELINE_FRAMES/GW_EN_HOOK_2_5S_CONTACT_SHEET_0027.5.png,664635,675ebdd805434591c98d83ec32b30fe4ff746049266ef5376d9f2de4f5c52d57,accepted,project,project-owned,NO,EP02_ONLY
GW-EN-0316,03_VISUALS/QA/TIMELINE_FRAMES/GW_EN_HOOK_2_5S_CONTACT_SHEET_0030.0.png,664635,675ebdd805434591c98d83ec32b30fe4ff746049266ef5376d9f2de4f5c52d57,accepted,project,project-owned,NO,EP02_ONLY
GW-EN-0317,03_VISUALS/QA/TIMELINE_FRAMES/GW_EN_HOOK_2_5S_CONTACT_SHEET_0032.5.png,664635,675ebdd805434591c98d83ec32b30fe4ff746049266ef5376d9f2de4f5c52d57,accepted,project,project-owned,NO,EP02_ONLY
GW-EN-0318,03_VISUALS/QA/TIMELINE_FRAMES/GW_EN_HOOK_2_5S_CONTACT_SHEET_0035.0.png,664635,675ebdd805434591c98d83ec32b30fe4ff746049266ef5376d9f2de4f5c52d57,accepted,project,project-owned,NO,EP02_ONLY
GW-EN-0319,03_VISUALS/QA/TIMELINE_FRAMES/GW_EN_HOOK_2_5S_CONTACT_SHEET_0040.0.png,1906401,0e2d1e2a1b8e3d30475f15b938728f6c10966de42cc7344d5a0468d754fbd32f,accepted,project,project-owned,NO,EP02_ONLY
GW-EN-0320,03_VISUALS/QA/TIMELINE_FRAMES/GW_EN_HOOK_2_5S_CONTACT_SHEET_0042.5.png,1906401,0e2d1e2a1b8e3d30475f15b938728f6c10966de42cc7344d5a0468d754fbd32f,accepted,project,project-owned,NO,EP02_ONLY
GW-EN-0321,03_VISUALS/QA/TIMELINE_FRAMES/GW_EN_HOOK_2_5S_CONTACT_SHEET_0045.0.png,1906401,0e2d1e2a1b8e3d30475f15b938728f6c10966de42cc7344d5a0468d754fbd32f,accepted,project,project-owned,NO,EP02_ONLY
GW-EN-0322,03_VISUALS/QA/TIMELINE_FRAMES/GW_EN_HOOK_2_5S_CONTACT_SHEET_0050.0.png,164613,fc7bb230ff708b37b37a002d855d90e5dd8e7ca5109ef712fa57ac6792a3031d,accepted,project,project-owned,NO,EP02_ONLY
GW-EN-0323,03_VISUALS/QA/TIMELINE_FRAMES/GW_EN_HOOK_2_5S_CONTACT_SHEET_0055.0.png,1311787,2bfd35a933650d19ea324b57b142b3a69b7e50d691058d8ac832144bcc0820b2,accepted,project,project-owned,NO,EP02_ONLY
GW-EN-0324,03_VISUALS/QA/VEO_FRAMES/GW_EN_CLIP01_THREE_TIMES_RECOMMENDATION_H_FINAL.png,1759261,c051790f6c24848e108169606c64bfe5703da93c30e75003f62fe8f406c6708f,accepted,project,project-owned,NO,EP02_ONLY
GW-EN-0325,03_VISUALS/QA/VEO_FRAMES/GW_EN_CLIP01_THREE_TIMES_RECOMMENDATION_H_FIRST.png,1582762,42d8a76f1df935093365ca9a1c4dbd982e1a782bc1c683b5464fd0843fc38fee,accepted,project,project-owned,NO,EP02_ONLY
GW-EN-0326,03_VISUALS/QA/VEO_FRAMES/GW_EN_CLIP01_THREE_TIMES_RECOMMENDATION_H_MIDDLE.png,1605567,7a8f144d9651e39b434698bc622e05f32d76876a2d8c0ca03a8216acf2c9f3e6,accepted,project,project-owned,NO,EP02_ONLY
GW-EN-0327,03_VISUALS/QA/VEO_FRAMES/GW_EN_CLIP01_THREE_TIMES_RECOMMENDATION_H_Q1.png,1592078,333931efb372b82a1c47310eefe2faa7352953d6102f3a12f291ebd588354660,accepted,project,project-owned,NO,EP02_ONLY
GW-EN-0328,03_VISUALS/QA/VEO_FRAMES/GW_EN_CLIP01_THREE_TIMES_RECOMMENDATION_H_Q3.png,1616124,817600bf744dc9ab16d3e906a664c177a486c9d744c21668619563accbbb9856,accepted,project,project-owned,NO,EP02_ONLY
GW-EN-0329,03_VISUALS/QA/VEO_FRAMES/GW_EN_CLIP02_ARCHIVE_CHAIN_FINAL.png,152943,21da6e4b6ebcf8f86921e2b99574216342b18897d7771809fbdae529c539d2b9,accepted,project,project-owned,NO,EP02_ONLY
GW-EN-0330,03_VISUALS/QA/VEO_FRAMES/GW_EN_CLIP02_ARCHIVE_CHAIN_FIRST.png,664578,fa6ccb865a226c0e83d82911352d3d6d1124a3ce025a29d0a38f5cab50d9fef8,accepted,project,project-owned,NO,EP02_ONLY
GW-EN-0331,03_VISUALS/QA/VEO_FRAMES/GW_EN_CLIP02_ARCHIVE_CHAIN_MIDDLE.png,664635,675ebdd805434591c98d83ec32b30fe4ff746049266ef5376d9f2de4f5c52d57,accepted,project,project-owned,NO,EP02_ONLY
GW-EN-0332,03_VISUALS/QA/VEO_FRAMES/GW_EN_CLIP02_ARCHIVE_CHAIN_Q1.png,664634,3c23dfc7597c0b99e1f36562601fd5e2ddd74391c2cc00e91a16e85246203af7,accepted,project,project-owned,NO,EP02_ONLY
GW-EN-0333,03_VISUALS/QA/VEO_FRAMES/GW_EN_CLIP02_ARCHIVE_CHAIN_Q3.png,571481,d68eb333c583ceaf8743b1c9c9671023108ac755afd437a890b2db781ac7fbbf,accepted,project,project-owned,NO,EP02_ONLY
GW-EN-0334,03_VISUALS/QA/VEO_FRAMES/GW_EN_CLIP03_MONROE_EXIT_FINAL.png,1917699,4b06c8c10270f6eabcacde8e2630e1cce8054f7993347aae01e92226b2ad5013,accepted,project,project-owned,NO,EP02_ONLY
GW-EN-0335,03_VISUALS/QA/VEO_FRAMES/GW_EN_CLIP03_MONROE_EXIT_FIRST.png,1478075,ab1b688bf96e9846e6a63ef1818226345f777c7ae48c57d96e60bbf84263aa10,accepted,project,project-owned,NO,EP02_ONLY
GW-EN-0336,03_VISUALS/QA/VEO_FRAMES/GW_EN_CLIP03_MONROE_EXIT_MIDDLE.png,1816616,3d2dd55f81dffb52980f99536b726f739d093383cee3bd483874d25fbb982a21,accepted,project,project-owned,NO,EP02_ONLY
GW-EN-0337,03_VISUALS/QA/VEO_FRAMES/GW_EN_CLIP03_MONROE_EXIT_Q1.png,1544542,057d88780c004f6f25a19c9eac71dff8d0d0ceae4914ccf8e3bc6b93aaa00450,accepted,project,project-owned,NO,EP02_ONLY
GW-EN-0338,03_VISUALS/QA/VEO_FRAMES/GW_EN_CLIP03_MONROE_EXIT_Q3.png,1947479,9bf92b05cb63c646ca3c815e20a4a1f3b67ea9e692b94e1ebdb7bb67d2095478,accepted,project,project-owned,NO,EP02_ONLY
GW-EN-0339,03_VISUALS/QA/VEO_FRAMES/GW_EN_CLIP04_BEAT_RESONANCE_FINAL.png,252446,33e4a02380ac876d801babc8d5967c97880da76756907f4a8ed4b880a18b8a3b,accepted,project,project-owned,NO,EP02_ONLY
GW-EN-0340,03_VISUALS/QA/VEO_FRAMES/GW_EN_CLIP04_BEAT_RESONANCE_FIRST.png,80403,f22e245d074ba2cd2776d509643e8e1c19bd66405eca078fa6c076cd879a99c5,accepted,project,project-owned,NO,EP02_ONLY
GW-EN-0341,03_VISUALS/QA/VEO_FRAMES/GW_EN_CLIP04_BEAT_RESONANCE_MIDDLE.png,164613,fc7bb230ff708b37b37a002d855d90e5dd8e7ca5109ef712fa57ac6792a3031d,accepted,project,project-owned,NO,EP02_ONLY
GW-EN-0342,03_VISUALS/QA/VEO_FRAMES/GW_EN_CLIP04_BEAT_RESONANCE_Q1.png,135443,0fe04afc467994c250d469c2d3718b27c2ccc6db9122123ee6f0cba5095869af,accepted,project,project-owned,NO,EP02_ONLY
GW-EN-0343,03_VISUALS/QA/VEO_FRAMES/GW_EN_CLIP04_BEAT_RESONANCE_Q3.png,258323,2cec2fe1e4f129165d7c5a6a76362c9d30bd84d83008e26accd8526f8ccaafcb,accepted,project,project-owned,NO,EP02_ONLY
GW-EN-0344,03_VISUALS/QA/VEO_FRAMES/GW_EN_CLIP05_CROSSING_FINAL.png,3081155,8fb4f9af881a2b59afc2f57d8cf806b8f09dea4f6259e420586bf0cb21383068,accepted,project,project-owned,NO,EP02_ONLY
GW-EN-0345,03_VISUALS/QA/VEO_FRAMES/GW_EN_CLIP05_CROSSING_FIRST.png,1404362,98074fc80870d266d9cbbc833eca5e73a925d9f66325b0fec8e05aebb42c568a,accepted,project,project-owned,NO,EP02_ONLY
GW-EN-0346,03_VISUALS/QA/VEO_FRAMES/GW_EN_CLIP05_CROSSING_MIDDLE.png,2588420,9e8d9efe777580486a102138d4fa6504573eaf84346a21d40e50128b2c97184e,accepted,project,project-owned,NO,EP02_ONLY
GW-EN-0347,03_VISUALS/QA/VEO_FRAMES/GW_EN_CLIP05_CROSSING_Q1.png,1661337,310cc9297a721ba55835e2ab2f7bafdedd3341d3f2d6b63642cb64ae0774a355,accepted,project,project-owned,NO,EP02_ONLY
GW-EN-0348,03_VISUALS/QA/VEO_FRAMES/GW_EN_CLIP05_CROSSING_Q3.png,3060687,825fe7e364cd3193da507b97d97340367dda9ead095a03740e452b1964fb9374,accepted,project,project-owned,NO,EP02_ONLY
GW-EN-0349,03_VISUALS/QA/VEO_FRAMES/GW_EN_CLIP06_FOCUS_WHEEL_FINAL.png,2482035,83ab9ae2c645b110ea6fc59354e58097c09409e455b4959056116711d9d2c6ec,accepted,project,project-owned,NO,EP02_ONLY
GW-EN-0350,03_VISUALS/QA/VEO_FRAMES/GW_EN_CLIP06_FOCUS_WHEEL_FIRST.png,2047973,034059dc13d133d1be4b1366d8bc948c66d5e2a1de30fdcadd4563612f592006,accepted,project,project-owned,NO,EP02_ONLY
GW-EN-0351,03_VISUALS/QA/VEO_FRAMES/GW_EN_CLIP06_FOCUS_WHEEL_MIDDLE.png,2296271,80ffa21bce8b83fbe5f0afb8d07a5a0f8e3eccb2b1a361c7ca06b4213ba73f47,accepted,project,project-owned,NO,EP02_ONLY
GW-EN-0352,03_VISUALS/QA/VEO_FRAMES/GW_EN_CLIP06_FOCUS_WHEEL_Q1.png,2269396,c9585540a93257ea81ed4aaca21dcf33c154d183aaaf3456b79305cf3afb1adb,accepted,project,project-owned,NO,EP02_ONLY
GW-EN-0353,03_VISUALS/QA/VEO_FRAMES/GW_EN_CLIP06_FOCUS_WHEEL_Q3.png,2424210,3462b83115adad73e4177ed8708cfcfb6dce7195c533979c00f2c358bdad3860,accepted,project,project-owned,NO,EP02_ONLY
GW-EN-0354,03_VISUALS/QA/VEO_FRAMES/GW_EN_CLIP07_TEN_DIGITS_FINAL.png,1332438,a029e8459867b50b980b79491179f8ad73ae4ab7d8688b9d950dc54c9862354a,accepted,project,project-owned,NO,EP02_ONLY
GW-EN-0355,03_VISUALS/QA/VEO_FRAMES/GW_EN_CLIP07_TEN_DIGITS_FIRST.png,1300170,b75268d636d7f02b0523172755dc6372c0a51d3fbcb9a38bdef43cf7c9f23dc3,accepted,project,project-owned,NO,EP02_ONLY
GW-EN-0356,03_VISUALS/QA/VEO_FRAMES/GW_EN_CLIP07_TEN_DIGITS_MIDDLE.png,1311787,2bfd35a933650d19ea324b57b142b3a69b7e50d691058d8ac832144bcc0820b2,accepted,project,project-owned,NO,EP02_ONLY
GW-EN-0357,03_VISUALS/QA/VEO_FRAMES/GW_EN_CLIP07_TEN_DIGITS_Q1.png,1305383,caf6c9fc6cbd8e01750260af1b4952b13cf59141b2c699d6a56ee90d1f49dc30,accepted,project,project-owned,NO,EP02_ONLY
GW-EN-0358,03_VISUALS/QA/VEO_FRAMES/GW_EN_CLIP07_TEN_DIGITS_Q3.png,1340736,852e27ac89d079113677e793b54117d5ef5bd1ebb365a60ac8739329469aede2,accepted,project,project-owned,NO,EP02_ONLY
GW-EN-0359,03_VISUALS/QA/VEO_FRAMES/GW_EN_CLIP09_NONPHYSICAL_DOCTRINE_FINAL.png,2294787,c73d422e20ae6830c76a91a480ad9f66d2a643521dece7c0b752c215f6e4584f,accepted,project,project-owned,NO,EP02_ONLY
GW-EN-0360,03_VISUALS/QA/VEO_FRAMES/GW_EN_CLIP09_NONPHYSICAL_DOCTRINE_FIRST.png,2027569,e96e9ed9d22263450075f9e368ece1a1538efc0ac00cbb0f95e72deb4fec83a6,accepted,project,project-owned,NO,EP02_ONLY
GW-EN-0361,03_VISUALS/QA/VEO_FRAMES/GW_EN_CLIP09_NONPHYSICAL_DOCTRINE_MIDDLE.png,2344160,3b8bc1b68c2c069c248f571460bca67d571bffd5ffe33b81549aa00f84751f1b,accepted,project,project-owned,NO,EP02_ONLY
GW-EN-0362,03_VISUALS/QA/VEO_FRAMES/GW_EN_CLIP09_NONPHYSICAL_PRESENCE_SAFE_FINAL.png,1887929,90812aae91a2bc5c10d16acaf6fa7ed88d69474e20c0806406b8692deac9c61a,accepted,project,project-owned,NO,EP02_ONLY
GW-EN-0363,03_VISUALS/QA/VEO_FRAMES/GW_EN_CLIP09_NONPHYSICAL_PRESENCE_SAFE_FIRST.png,1861818,6a67ff95213e743495b21fb945e0bc58ac1b2381e6332aee2845aeccbd099cf6,accepted,project,project-owned,NO,EP02_ONLY
GW-EN-0364,03_VISUALS/QA/VEO_FRAMES/GW_EN_CLIP09_NONPHYSICAL_PRESENCE_SAFE_MIDDLE.png,1906401,0e2d1e2a1b8e3d30475f15b938728f6c10966de42cc7344d5a0468d754fbd32f,accepted,project,project-owned,NO,EP02_ONLY
GW-EN-0365,03_VISUALS/QA/VEO_FRAMES/GW_EN_CLIP09_NONPHYSICAL_PRESENCE_SAFE_Q1.png,1880228,0a135db03513a3772218cb91ebe781334b8b08e677bd57440c4e6bb55161541a,accepted,project,project-owned,NO,EP02_ONLY
GW-EN-0366,03_VISUALS/QA/VEO_FRAMES/GW_EN_CLIP09_NONPHYSICAL_PRESENCE_SAFE_Q3.png,1894494,45561ad89863bc43986d0f798abde7a8fd275d0dbb42360156efba6c99794339,accepted,project,project-owned,NO,EP02_ONLY
GW-EN-0367,03_VISUALS/QA/VEO_FRAMES/GW_EN_CLIP10_ZERO_ONE_HANDOFF_FINAL.png,124659,3033cde2431e27045f60767d342f415ec1208082a517487a09e4d505e37223f0,accepted,project,project-owned,NO,EP02_ONLY
GW-EN-0368,03_VISUALS/QA/VEO_FRAMES/GW_EN_CLIP10_ZERO_ONE_HANDOFF_FIRST.png,153787,ca5d6d7e85d28ae5fe12320d949591ffaeebd8eabf5e903b62806465ce6c9ea6,accepted,project,project-owned,NO,EP02_ONLY
GW-EN-0369,03_VISUALS/QA/VEO_FRAMES/GW_EN_CLIP10_ZERO_ONE_HANDOFF_MIDDLE.png,135978,f9d643a255c40bac79828e8f74e984fadd5fe1fa7062166c6c0336381873d170,accepted,project,project-owned,NO,EP02_ONLY
GW-EN-0370,03_VISUALS/QA/VEO_FRAMES/GW_EN_CLIP10_ZERO_ONE_HANDOFF_Q1.png,150363,8380a2fbed557a4bfd87dd2da3e4ed610552e51672a56e1b513ce5e4907222ee,accepted,project,project-owned,NO,EP02_ONLY
GW-EN-0371,03_VISUALS/QA/VEO_FRAMES/GW_EN_CLIP10_ZERO_ONE_HANDOFF_Q3.png,124251,4d74261b03820a16e27f621d2f04c45d7b8ab2eb5e53ca301583336575f91d52,accepted,project,project-owned,NO,EP02_ONLY
GW-EN-0372,03_VISUALS/QA/VEO_FRAMES/GW_EN_CLIP12_THREE_INPUTS_PROGRESS_FINAL.png,1688048,40499710d37652c83229f6dba9c80c0c01d31fb5ed6f680c8b5452a3c533db82,accepted,project,project-owned,NO,EP02_ONLY
GW-EN-0373,03_VISUALS/QA/VEO_FRAMES/GW_EN_CLIP12_THREE_INPUTS_PROGRESS_FIRST.png,1527273,a1de50c71ddbee28d763b8a06f4892d5442e0a90f785156d871b7748026f0777,accepted,project,project-owned,NO,EP02_ONLY
GW-EN-0374,03_VISUALS/QA/VEO_FRAMES/GW_EN_CLIP12_THREE_INPUTS_PROGRESS_MIDDLE.png,1681547,575ed244c0e43ee3a82b384838e6b48542e63fff97da7b96a10057cc586e08ae,accepted,project,project-owned,NO,EP02_ONLY
GW-EN-0375,03_VISUALS/QA/VEO_FRAMES/GW_EN_CLIP12_THREE_INPUTS_PROGRESS_Q1.png,1621936,55966d1a61e2059e9f5eb179c5234179255036a7a53cefb809fc0f8c1ed8bd1c,accepted,project,project-owned,NO,EP02_ONLY
GW-EN-0376,03_VISUALS/QA/VEO_FRAMES/GW_EN_CLIP12_THREE_INPUTS_PROGRESS_Q3.png,1690046,ca98d3189e34af5786c6108ffce92d85c404ecbc688df9412261164e3b8cf4e1,accepted,project,project-owned,NO,EP02_ONLY
GW-EN-0377,03_VISUALS/REJECTED/NATIVE/GW_EN_INNER13_PROOF_BOUNDARY_REJECTED_FAKE_DOCUMENT.png,1689859,211b1e10455795a68b4386cd36284227276cbc5baa34559d5f3d98fb5b062d4f,rejected_qa,project,project-owned,NO,EP02_ONLY
GW-EN-0378,03_VISUALS/REJECTED/VEO/GW_EN_CLIP09_NONPHYSICAL_DOCTRINE.mp4,13457651,fccad5918789998059fc56ab8d5b0b5efab4d032266a29d48b0b3d3b0f60a6b3,rejected_qa,project,project-owned,NO,EP02_ONLY
GW-EN-0379,03_VISUALS/VIEWER_LABEL_POLICY_OVERRIDE.md,3073,81809cb2b34c27e2add707c05dd71982e6d25362e2cb75b7c0f80b00741bd52c,accepted,project,project-owned,NO,EP02_ONLY
GW-EN-0380,03_VISUALS/VISUAL_RETENTION_PLAN.md,2786,b7964d633d0f9f4dc6222dbb04abad4aa7a8afd6ec2c99ae65e444f409f0285b,accepted,project,project-owned,NO,EP02_ONLY
GW-EN-0381,04_AUDIO/.gitkeep,1,01ba4719c80b6fe911b091a7c05124b64eeece964e09c058ef8f9805daca546b,accepted,project,project-owned,NO,EP02_ONLY
GW-EN-0382,04_AUDIO/GW_EN_DUCKED_BED_STEM.wav,138538710,df41cb70a550af6e82f257aa60fdfe57e76019760c4135cd57bd7b70176657df,accepted,project,project-owned,NO,EP02_ONLY
GW-EN-0383,04_AUDIO/GW_EN_FINAL_MIX.wav,138538710,18d6bb0ac1e2c6b4f78ee1248f6ed535c4dcc84343c1f009147a3b352b56993f,accepted,project,project-owned,NO,EP02_ONLY
GW-EN-0384,04_AUDIO/GW_EN_ORIGINAL_SCORE.wav,92359148,e3937b8d6a6943daeafc9944a25ee1f841297144a9044ebda98ea3f4834e65d7,accepted,project,project-owned,NO,EP02_ONLY
GW-EN-0385,04_AUDIO/GW_EN_ORIGINAL_SFX.wav,92359148,86d90f08162ba74bc07f0e43c361521858caa15546b53d622853b122d5499704,accepted,project,project-owned,NO,EP02_ONLY
GW-EN-0386,04_AUDIO/GW_EN_PROCESSED_VOICE_STEM.wav,138538710,557f5f4dee07869a7a811ea6e494c1e34d05e30f0f6f1bbbe58e2ef64ea84ba4,accepted,project,project-owned,NO,EP02_ONLY
GW-EN-0387,04_VOICE/ALIGNMENT/GW_EN_SCRIBE_CONTENT_QA.json,399533,d73c7f030e5888a84c90ae004249a21f682762dfc33673b42c8d212372e710b1,accepted,ElevenLabs / project voice pipeline,project-owned,NO,EP02_ONLY
GW-EN-0388,04_VOICE/ALIGNMENT/GW_EN_VO_ALIGNMENT.json,929607,a25044b78a323c5697f20c92d7e2fc05948219c8c8703aa476a2ba1c43144b11,accepted,ElevenLabs / project voice pipeline,project-owned,NO,EP02_ONLY
GW-EN-0389,04_VOICE/audition_manifest.json,561,962dce1d3b8286643711bc61023b4e2d55d1478ab6dc7db836f152d09c39905d,accepted,ElevenLabs / project voice pipeline,project-owned,NO,EP02_ONLY
GW-EN-0390,04_VOICE/AUDITION_SELECTION.md,1045,037bbb38d50bfbf97b603dd55f00de5d52bf3cb858ba745535d362f1f658b725,accepted,ElevenLabs / project voice pipeline,project-owned,NO,EP02_ONLY
GW-EN-0391,04_VOICE/CANDIDATES/GW_EN_AUDITION_A_GEORGE.mp3,211949,378dbf9580e0d01f33e70795ad025074b418548a6419b271c4d81c248c5ae278,accepted,ElevenLabs / project voice pipeline,project-owned,NO,EP02_ONLY
GW-EN-0392,04_VOICE/CANDIDATES/GW_EN_AUDITION_A_GEORGE.mp3.json,789,ff125840559df9eaa6d468731750a5e323a4b0211a5ec5479a1c9e98bf1ef039,accepted,ElevenLabs / project voice pipeline,project-owned,NO,EP02_ONLY
GW-EN-0393,04_VOICE/CANDIDATES/GW_EN_AUDITION_B_GEORGE.mp3,227831,f3f5b56ce790734ac7846f35e26cb8084e099a68dbe3e6b02e6a31d0983f10cd,accepted,ElevenLabs / project voice pipeline,project-owned,NO,EP02_ONLY
GW-EN-0394,04_VOICE/CANDIDATES/GW_EN_AUDITION_B_GEORGE.mp3.json,777,cc42f8488b9495b285323ad0f7ddc41be6d4ef611f218d41edad6c297a4f5cb4,accepted,ElevenLabs / project voice pipeline,project-owned,NO,EP02_ONLY
GW-EN-0395,04_VOICE/CANDIDATES/GW_EN_PRONUNCIATION_PREFLIGHT_GEORGE.mp3,211949,378dbf9580e0d01f33e70795ad025074b418548a6419b271c4d81c248c5ae278,accepted,ElevenLabs / project voice pipeline,project-owned,NO,EP02_ONLY
GW-EN-0396,04_VOICE/CANDIDATES/GW_EN_PRONUNCIATION_PREFLIGHT_GEORGE.mp3.json,789,ff125840559df9eaa6d468731750a5e323a4b0211a5ec5479a1c9e98bf1ef039,accepted,ElevenLabs / project voice pipeline,project-owned,NO,EP02_ONLY
GW-EN-0397,04_VOICE/MASTER/concat.txt,1988,dbf6988c7ae6057173245912c4496addb49981b98f2df65cf0cadd4985fe82d7,accepted,ElevenLabs / project voice pipeline,project-owned,NO,EP02_ONLY
GW-EN-0398,04_VOICE/MASTER/gap_01.wav,60582,f69e9ab33c6ae15ff95d6f8799a11275a031c1f7d969b53ea392d1890cc55487,accepted,ElevenLabs / project voice pipeline,project-owned,NO,EP02_ONLY
GW-EN-0399,04_VOICE/MASTER/gap_02.wav,60582,f69e9ab33c6ae15ff95d6f8799a11275a031c1f7d969b53ea392d1890cc55487,accepted,ElevenLabs / project voice pipeline,project-owned,NO,EP02_ONLY
GW-EN-0400,04_VOICE/MASTER/gap_03.wav,60582,f69e9ab33c6ae15ff95d6f8799a11275a031c1f7d969b53ea392d1890cc55487,accepted,ElevenLabs / project voice pipeline,project-owned,NO,EP02_ONLY
GW-EN-0401,04_VOICE/MASTER/gap_04.wav,60582,f69e9ab33c6ae15ff95d6f8799a11275a031c1f7d969b53ea392d1890cc55487,accepted,ElevenLabs / project voice pipeline,project-owned,NO,EP02_ONLY
GW-EN-0402,04_VOICE/MASTER/gap_05.wav,60582,f69e9ab33c6ae15ff95d6f8799a11275a031c1f7d969b53ea392d1890cc55487,accepted,ElevenLabs / project voice pipeline,project-owned,NO,EP02_ONLY
GW-EN-0403,04_VOICE/MASTER/gap_06.wav,60582,f69e9ab33c6ae15ff95d6f8799a11275a031c1f7d969b53ea392d1890cc55487,accepted,ElevenLabs / project voice pipeline,project-owned,NO,EP02_ONLY
GW-EN-0404,04_VOICE/MASTER/GW_EN_VO_MASTER.wav,69269406,57f441eed5ebc57774fbf36a827b3a86b84e694020e70820a90bd4b97ca921f7,accepted,ElevenLabs / project voice pipeline,project-owned,NO,EP02_ONLY
GW-EN-0405,04_VOICE/MASTER/normalized_stems/GW_EN_TAKE_01.wav,9991000,7a3d56b6ae47eccc4d7d780ab4a283c495f00fdfb870630f73b1ecbde2a6dbce,accepted,ElevenLabs / project voice pipeline,project-owned,NO,EP02_ONLY
GW-EN-0406,04_VOICE/MASTER/normalized_stems/GW_EN_TAKE_02.wav,10305304,32a390a40eae4a6dde6c29eaf26bc6da3ba208497c7955259e6a83e4c8d0d7f2,accepted,ElevenLabs / project voice pipeline,project-owned,NO,EP02_ONLY
GW-EN-0407,04_VOICE/MASTER/normalized_stems/GW_EN_TAKE_03.wav,10492552,915d452b3d62e86b648f28cab2aaee0dafdc422ededbd4c78a1c9189fd81231e,accepted,ElevenLabs / project voice pipeline,project-owned,NO,EP02_ONLY
GW-EN-0408,04_VOICE/MASTER/normalized_stems/GW_EN_TAKE_04.wav,10358802,dc7572c7cb57db8315b03d8bfc0456a85be7bd944ce1cc325a686b3a1e88bd97,accepted,ElevenLabs / project voice pipeline,project-owned,NO,EP02_ONLY
GW-EN-0409,04_VOICE/MASTER/normalized_stems/GW_EN_TAKE_05.wav,10131432,38982d3a92d82235a66e1ebb86a780eef5af8be71f342c80ac2e27f4f73462f0,accepted,ElevenLabs / project voice pipeline,project-owned,NO,EP02_ONLY
GW-EN-0410,04_VOICE/MASTER/normalized_stems/GW_EN_TAKE_06.wav,10218370,8134ebb19550b004a84062f79b2fbf81b78ac1177f8fd42aa23b860caf0b71bc,accepted,ElevenLabs / project voice pipeline,project-owned,NO,EP02_ONLY
GW-EN-0411,04_VOICE/MASTER/normalized_stems/GW_EN_TAKE_07.wav,7409682,c100256750347d5dafbbfecf21fb7674dff460ad2c21094e6658d353a078acc0,accepted,ElevenLabs / project voice pipeline,project-owned,NO,EP02_ONLY
GW-EN-0412,04_VOICE/MASTER/raw_stems/GW_EN_TAKE_01.mp3,1110979,a6bfd46a650209ae0c72fa7002bbb9b89bbc7489b2027d451ef429fb5f40a9de,accepted,ElevenLabs / project voice pipeline,project-owned,NO,EP02_ONLY
GW-EN-0413,04_VOICE/MASTER/raw_stems/GW_EN_TAKE_02.mp3,1146088,f047a5f1db89004fcae0d50c7fbb00207949ef7e650ccefabeba97dcfdc399d8,accepted,ElevenLabs / project voice pipeline,project-owned,NO,EP02_ONLY
GW-EN-0414,04_VOICE/MASTER/raw_stems/GW_EN_TAKE_03.mp3,1166986,a2469f1bca9fa6663405256f15f89d98c128becbd6dd3c357d237fd5c6501023,accepted,ElevenLabs / project voice pipeline,project-owned,NO,EP02_ONLY
GW-EN-0415,04_VOICE/MASTER/raw_stems/GW_EN_TAKE_04.mp3,1151939,e01bc36d8387fdb76dc9b79d680b75b3d2de302cf451803ef484520183bac4c8,accepted,ElevenLabs / project voice pipeline,project-owned,NO,EP02_ONLY
GW-EN-0416,04_VOICE/MASTER/raw_stems/GW_EN_TAKE_05.mp3,1126862,b296e70cb3091446e13a07ad21b227aed638404e1e37d93793f238037d1f3786,accepted,ElevenLabs / project voice pipeline,project-owned,NO,EP02_ONLY
GW-EN-0417,04_VOICE/MASTER/raw_stems/GW_EN_TAKE_06.mp3,1136475,c62a3e9dbab9cebb1116c053536165bd453d055b0bd9dc73568ad01186ce5db0,accepted,ElevenLabs / project voice pipeline,project-owned,NO,EP02_ONLY
GW-EN-0418,04_VOICE/MASTER/raw_stems/GW_EN_TAKE_07.mp3,824259,dd9d563d79fd68bcfa61ce539bb2ff755da4635123fc07fe7717977507f2131b,accepted,ElevenLabs / project voice pipeline,project-owned,NO,EP02_ONLY
GW-EN-0419,04_VOICE/MASTER/raw_stems/manifest.json,5946,2c128b2a1eeeff1e2e44d40d7ad4f6e629c51045098eb796afef5d3b91fe5951,accepted,ElevenLabs / project voice pipeline,project-owned,NO,EP02_ONLY
GW-EN-0420,04_VOICE/MASTER/stem_report.json,2091,56376500e473f1e633e1379e4bfddff32f24428698b804f21040e88f6a31b723,accepted,ElevenLabs / project voice pipeline,project-owned,NO,EP02_ONLY
GW-EN-0421,04_VOICE/PICKUPS/PICKUP_STATUS.md,596,25a6f96c5df65dd4c11e2926154ec86d3e1d48a832ac6a3125c71a2eedf0dc21,accepted,ElevenLabs / project voice pipeline,project-owned,NO,EP02_ONLY
GW-EN-0422,04_VOICE/PRONUNCIATION_AND_PERFORMANCE.md,1366,e9318fcf71d796fd75b7f939bab5eadad3ae91d24c1dc9a311e8ef38eb4d3cc0,accepted,ElevenLabs / project voice pipeline,project-owned,NO,EP02_ONLY
GW-EN-0423,04_VOICE/pronunciation_test.txt,204,479ad04dfa758baef224fe345e9910c09fbd216d536002ce684cfba916663c6d,accepted,ElevenLabs / project voice pipeline,project-owned,NO,EP02_ONLY
GW-EN-0424,04_VOICE/SOURCE/GW_EN_TAKE_01.txt,1205,6813ec261b8cc5326efa565abb2ff6fcf239f318928c934b490ec731ea9b6469,accepted,ElevenLabs / project voice pipeline,project-owned,NO,EP02_ONLY
GW-EN-0425,04_VOICE/SOURCE/GW_EN_TAKE_02.txt,1216,32b54d689b169d9113865d8bdcf065c4f6c5461d7b81c41a4b010be2dc8be55b,accepted,ElevenLabs / project voice pipeline,project-owned,NO,EP02_ONLY
GW-EN-0426,04_VOICE/SOURCE/GW_EN_TAKE_03.txt,1238,ae195549c896889505b2d2da8f45549604cc5b0da770b01de2f5523c4e04c441,accepted,ElevenLabs / project voice pipeline,project-owned,NO,EP02_ONLY
GW-EN-0427,04_VOICE/SOURCE/GW_EN_TAKE_04.txt,1196,45cee88f42f5096faa6bc0cf389ba1299c9f998e8d90932118de27bac22274c0,accepted,ElevenLabs / project voice pipeline,project-owned,NO,EP02_ONLY
GW-EN-0428,04_VOICE/SOURCE/GW_EN_TAKE_05.txt,1238,c630d64a6a010c4b58ac2ca2341fbb7d20ec1c66d4d47d24360710005a992e01,accepted,ElevenLabs / project voice pipeline,project-owned,NO,EP02_ONLY
GW-EN-0429,04_VOICE/SOURCE/GW_EN_TAKE_06.txt,1189,b1514913bb6cd6fd88f0e6d3f80e7a17106155e6893de15c28ee1f7d8b45183d,accepted,ElevenLabs / project voice pipeline,project-owned,NO,EP02_ONLY
GW-EN-0430,04_VOICE/SOURCE/GW_EN_TAKE_07.txt,855,2d054caf8e1cb150ae021b933f227a0c026654eb944cba0e8c1757e05f8735a1,accepted,ElevenLabs / project voice pipeline,project-owned,NO,EP02_ONLY
GW-EN-0431,04_VOICE/voice_batch_master.json,2069,9e181aa74a2f4d2331e1ca9a14653f1a74ce6aa68571ee3e294133194a26e98d,accepted,ElevenLabs / project voice pipeline,project-owned,NO,EP02_ONLY
GW-EN-0432,05_DELIVERY/GW_EN_EDIT_SHOT_LIST.csv,22341,c34b73fd114ce0843f5f63c27718072f5276465973fe1772e2b930eb8960b413,accepted,project,project-owned,NO,EP02_ONLY
GW-EN-0433,05_DELIVERY/GW_EN_PICTURE_LOCK_HASH_REGISTRY.csv,24108,22b4be3ce85817cdbdb1fbac4525d5c2b161468456ce7ad84f944bef148329af,accepted,project,project-owned,NO,EP02_ONLY
GW-EN-0434,05_DELIVERY/GW_EN_PRODUCTION_QA_REPORT.md,6071,d2b7272d0e5268943f5974a98c7c1f6ee64c602ee6771a8b8735f25e5fc37914,accepted,project,project-owned,NO,EP02_ONLY
GW-EN-0435,05_DELIVERY/GW_EN_TIMELINE_READINESS.md,1548,829e2b53bb9e22351b23b7aecd5661749199b01bf5b80c11879964f27b0ac108,accepted,project,project-owned,NO,EP02_ONLY
GW-EN-0436,05_DELIVERY/GW_EN_VOICE_ALIGNED_CUE_SHEET.csv,30402,4fa62df6d3cf1c070a03a3c04dbf00d49ae2924f770a6ed8e638df0765bed4e6,accepted,project,project-owned,NO,EP02_ONLY
GW-EN-0437,05_TIMELINE/.gitkeep,1,01ba4719c80b6fe911b091a7c05124b64eeece964e09c058ef8f9805daca546b,accepted,project,project-owned,NO,EP02_ONLY
GW-EN-0438,06_RENDER/.gitkeep,1,01ba4719c80b6fe911b091a7c05124b64eeece964e09c058ef8f9805daca546b,accepted,project,project-owned,NO,EP02_ONLY
GW-EN-0439,06_RENDER/EP02_GATEWAY_EN_FINAL_MASTER_1080P.mp4,173227366,b4514b0bfe2b2ccb72f8d36018089fe16b1fd5488653b84f837f40ad6e3cfef8,accepted,project,project-owned,NO,EP02_ONLY
GW-EN-0440,07_THUMBNAIL/.gitkeep,1,01ba4719c80b6fe911b091a7c05124b64eeece964e09c058ef8f9805daca546b,accepted,project,project-owned,NO,EP02_ONLY
GW-EN-0441,07_THUMBNAIL/GW_EN_THUMBNAIL_FINAL_1280x720.jpg,207849,baa7f9b3aeb785183a39ebdced7b87516c4e80dcd6603b38d86ab033443a69cb,accepted,project,project-owned,NO,EP02_ONLY
GW-EN-0442,07_THUMBNAIL/GW_EN_THUMBNAIL_FINAL_1280x720.png,901864,979e6edba2fc70f8d51f64b2cfb012940e5de1857a64e72e749b46b6bf32c372,accepted,project,project-owned,NO,EP02_ONLY
GW-EN-0443,07_THUMBNAIL/GW_EN_THUMBNAIL_SOURCE_NATIVE.png,1603781,5b19ad8d20a9aea926c38536a5724facd6d5639cb2c0bf9a9de022668f11b17f,accepted,Native ImageGen,project-owned,NO,EP02_ONLY
GW-EN-0444,08_SUBTITLES/.gitkeep,1,01ba4719c80b6fe911b091a7c05124b64eeece964e09c058ef8f9805daca546b,accepted,project,project-owned,NO,EP02_ONLY
GW-EN-0445,08_SUBTITLES/GW_EN_MASTER.srt,13622,f3e9dfd91678f6b08f107eb4ca05a3900292d5ceb10a63ec0f0cf20cc1c98851,accepted,project,project-owned,NO,EP02_ONLY
GW-EN-0446,08_SUBTITLES/GW_EN_MASTER.vtt,12980,371c94f4a45661b963327ded4de065b8fe41c40a48b673c114601a26ec361bac,accepted,project,project-owned,NO,EP02_ONLY
GW-EN-0447,09_UPLOAD/.gitkeep,1,01ba4719c80b6fe911b091a7c05124b64eeece964e09c058ef8f9805daca546b,accepted,project,project-owned,NO,EP02_ONLY
GW-EN-0448,09_UPLOAD/EP02_GATEWAY_EN.srt,13622,f3e9dfd91678f6b08f107eb4ca05a3900292d5ceb10a63ec0f0cf20cc1c98851,accepted,project,project-owned,NO,EP02_ONLY
GW-EN-0449,09_UPLOAD/EP02_GATEWAY_EN.vtt,12980,371c94f4a45661b963327ded4de065b8fe41c40a48b673c114601a26ec361bac,accepted,project,project-owned,NO,EP02_ONLY
GW-EN-0450,09_UPLOAD/GW_EN_UPLOAD_METADATA.md,3017,6b180a7a2d1b217690bd55fd8806f8473600b00c0c19a99e5636ca6883ca3328,accepted,project,project-owned,NO,EP02_ONLY
GW-EN-0451,09_UPLOAD/GW_EN_VIDEO_CREDITS.md,825,e25a9c41ac4a37a19b6ab7e06976afae9ca4c8b8b15328f2ee4614cb8a302a96,accepted,project,project-owned,NO,EP02_ONLY
GW-EN-0452,episode.json,1165,71a710b6bff4a6a8cc3f8e810fb0b045f3930fd2ff21fb101fb992155ab7cc3d,accepted,project,project-owned,NO,EP02_ONLY
GW-EN-0453,README.md,894,603e6bc388dbc47a123d53980643995d3c80cc29f11fac7c422ce28ac5a262ad,accepted,project,project-owned,NO,EP02_ONLY
